model,op_id,phase,layer,module,op_kind,batch_dims,M,N,K,deps,weight,weight_shape,provenance,notes
models--Qwen--Qwen3-8B,1,prefill,0,model.layers.0.self_attn.q_proj,linear,,B*S,4096,4096,,model.layers.0.self_attn.q_proj.weight,"[4096,4096]",config+architecture,
models--Qwen--Qwen3-8B,2,prefill,0,model.layers.0.self_attn.k_proj,linear,,B*S,1024,4096,,model.layers.0.self_attn.k_proj.weight,"[1024,4096]",config+architecture,
models--Qwen--Qwen3-8B,3,prefill,0,model.layers.0.self_attn.v_proj,linear,,B*S,1024,4096,,model.layers.0.self_attn.v_proj.weight,"[1024,4096]",config+architecture,
models--Qwen--Qwen3-8B,4,prefill,0,model.layers.0.self_attn.qk,batched_matmul,B*QH,S,S,128,1;2,,,config+architecture,"GQA QH=32, KVH=8"
models--Qwen--Qwen3-8B,5,prefill,0,model.layers.0.self_attn.pv,batched_matmul,B*QH,S,128,S,4;3,,,config+architecture,softmax/mask is a non-matmul dependency bridge
models--Qwen--Qwen3-8B,6,prefill,0,model.layers.0.self_attn.o_proj,linear,,B*S,4096,4096,5,model.layers.0.self_attn.o_proj.weight,"[4096,4096]",config+architecture,
models--Qwen--Qwen3-8B,7,prefill,0,model.layers.0.mlp.gate_proj,linear,,B*S,12288,4096,6,model.layers.0.mlp.gate_proj.weight,"[12288,4096]",config+architecture,
models--Qwen--Qwen3-8B,8,prefill,0,model.layers.0.mlp.up_proj,linear,,B*S,12288,4096,6,model.layers.0.mlp.up_proj.weight,"[12288,4096]",config+architecture,
models--Qwen--Qwen3-8B,9,prefill,0,model.layers.0.mlp.down_proj,linear,,B*S,4096,12288,7;8,model.layers.0.mlp.down_proj.weight,"[4096,12288]",config+architecture,SiLU(gate)*up precedes this GEMM
models--Qwen--Qwen3-8B,10,prefill,1,model.layers.1.self_attn.q_proj,linear,,B*S,4096,4096,9,model.layers.1.self_attn.q_proj.weight,"[4096,4096]",config+architecture,
models--Qwen--Qwen3-8B,11,prefill,1,model.layers.1.self_attn.k_proj,linear,,B*S,1024,4096,9,model.layers.1.self_attn.k_proj.weight,"[1024,4096]",config+architecture,
models--Qwen--Qwen3-8B,12,prefill,1,model.layers.1.self_attn.v_proj,linear,,B*S,1024,4096,9,model.layers.1.self_attn.v_proj.weight,"[1024,4096]",config+architecture,
models--Qwen--Qwen3-8B,13,prefill,1,model.layers.1.self_attn.qk,batched_matmul,B*QH,S,S,128,10;11,,,config+architecture,"GQA QH=32, KVH=8"
models--Qwen--Qwen3-8B,14,prefill,1,model.layers.1.self_attn.pv,batched_matmul,B*QH,S,128,S,13;12,,,config+architecture,softmax/mask is a non-matmul dependency bridge
models--Qwen--Qwen3-8B,15,prefill,1,model.layers.1.self_attn.o_proj,linear,,B*S,4096,4096,14,model.layers.1.self_attn.o_proj.weight,"[4096,4096]",config+architecture,
models--Qwen--Qwen3-8B,16,prefill,1,model.layers.1.mlp.gate_proj,linear,,B*S,12288,4096,15,model.layers.1.mlp.gate_proj.weight,"[12288,4096]",config+architecture,
models--Qwen--Qwen3-8B,17,prefill,1,model.layers.1.mlp.up_proj,linear,,B*S,12288,4096,15,model.layers.1.mlp.up_proj.weight,"[12288,4096]",config+architecture,
models--Qwen--Qwen3-8B,18,prefill,1,model.layers.1.mlp.down_proj,linear,,B*S,4096,12288,16;17,model.layers.1.mlp.down_proj.weight,"[4096,12288]",config+architecture,SiLU(gate)*up precedes this GEMM
models--Qwen--Qwen3-8B,19,prefill,2,model.layers.2.self_attn.q_proj,linear,,B*S,4096,4096,18,model.layers.2.self_attn.q_proj.weight,"[4096,4096]",config+architecture,
models--Qwen--Qwen3-8B,20,prefill,2,model.layers.2.self_attn.k_proj,linear,,B*S,1024,4096,18,model.layers.2.self_attn.k_proj.weight,"[1024,4096]",config+architecture,
models--Qwen--Qwen3-8B,21,prefill,2,model.layers.2.self_attn.v_proj,linear,,B*S,1024,4096,18,model.layers.2.self_attn.v_proj.weight,"[1024,4096]",config+architecture,
models--Qwen--Qwen3-8B,22,prefill,2,model.layers.2.self_attn.qk,batched_matmul,B*QH,S,S,128,19;20,,,config+architecture,"GQA QH=32, KVH=8"
models--Qwen--Qwen3-8B,23,prefill,2,model.layers.2.self_attn.pv,batched_matmul,B*QH,S,128,S,22;21,,,config+architecture,softmax/mask is a non-matmul dependency bridge
models--Qwen--Qwen3-8B,24,prefill,2,model.layers.2.self_attn.o_proj,linear,,B*S,4096,4096,23,model.layers.2.self_attn.o_proj.weight,"[4096,4096]",config+architecture,
models--Qwen--Qwen3-8B,25,prefill,2,model.layers.2.mlp.gate_proj,linear,,B*S,12288,4096,24,model.layers.2.mlp.gate_proj.weight,"[12288,4096]",config+architecture,
models--Qwen--Qwen3-8B,26,prefill,2,model.layers.2.mlp.up_proj,linear,,B*S,12288,4096,24,model.layers.2.mlp.up_proj.weight,"[12288,4096]",config+architecture,
models--Qwen--Qwen3-8B,27,prefill,2,model.layers.2.mlp.down_proj,linear,,B*S,4096,12288,25;26,model.layers.2.mlp.down_proj.weight,"[4096,12288]",config+architecture,SiLU(gate)*up precedes this GEMM
models--Qwen--Qwen3-8B,28,prefill,3,model.layers.3.self_attn.q_proj,linear,,B*S,4096,4096,27,model.layers.3.self_attn.q_proj.weight,"[4096,4096]",config+architecture,
models--Qwen--Qwen3-8B,29,prefill,3,model.layers.3.self_attn.k_proj,linear,,B*S,1024,4096,27,model.layers.3.self_attn.k_proj.weight,"[1024,4096]",config+architecture,
models--Qwen--Qwen3-8B,30,prefill,3,model.layers.3.self_attn.v_proj,linear,,B*S,1024,4096,27,model.layers.3.self_attn.v_proj.weight,"[1024,4096]",config+architecture,
models--Qwen--Qwen3-8B,31,prefill,3,model.layers.3.self_attn.qk,batched_matmul,B*QH,S,S,128,28;29,,,config+architecture,"GQA QH=32, KVH=8"
models--Qwen--Qwen3-8B,32,prefill,3,model.layers.3.self_attn.pv,batched_matmul,B*QH,S,128,S,31;30,,,config+architecture,softmax/mask is a non-matmul dependency bridge
models--Qwen--Qwen3-8B,33,prefill,3,model.layers.3.self_attn.o_proj,linear,,B*S,4096,4096,32,model.layers.3.self_attn.o_proj.weight,"[4096,4096]",config+architecture,
models--Qwen--Qwen3-8B,34,prefill,3,model.layers.3.mlp.gate_proj,linear,,B*S,12288,4096,33,model.layers.3.mlp.gate_proj.weight,"[12288,4096]",config+architecture,
models--Qwen--Qwen3-8B,35,prefill,3,model.layers.3.mlp.up_proj,linear,,B*S,12288,4096,33,model.layers.3.mlp.up_proj.weight,"[12288,4096]",config+architecture,
models--Qwen--Qwen3-8B,36,prefill,3,model.layers.3.mlp.down_proj,linear,,B*S,4096,12288,34;35,model.layers.3.mlp.down_proj.weight,"[4096,12288]",config+architecture,SiLU(gate)*up precedes this GEMM
models--Qwen--Qwen3-8B,37,prefill,4,model.layers.4.self_attn.q_proj,linear,,B*S,4096,4096,36,model.layers.4.self_attn.q_proj.weight,"[4096,4096]",config+architecture,
models--Qwen--Qwen3-8B,38,prefill,4,model.layers.4.self_attn.k_proj,linear,,B*S,1024,4096,36,model.layers.4.self_attn.k_proj.weight,"[1024,4096]",config+architecture,
models--Qwen--Qwen3-8B,39,prefill,4,model.layers.4.self_attn.v_proj,linear,,B*S,1024,4096,36,model.layers.4.self_attn.v_proj.weight,"[1024,4096]",config+architecture,
models--Qwen--Qwen3-8B,40,prefill,4,model.layers.4.self_attn.qk,batched_matmul,B*QH,S,S,128,37;38,,,config+architecture,"GQA QH=32, KVH=8"
models--Qwen--Qwen3-8B,41,prefill,4,model.layers.4.self_attn.pv,batched_matmul,B*QH,S,128,S,40;39,,,config+architecture,softmax/mask is a non-matmul dependency bridge
models--Qwen--Qwen3-8B,42,prefill,4,model.layers.4.self_attn.o_proj,linear,,B*S,4096,4096,41,model.layers.4.self_attn.o_proj.weight,"[4096,4096]",config+architecture,
models--Qwen--Qwen3-8B,43,prefill,4,model.layers.4.mlp.gate_proj,linear,,B*S,12288,4096,42,model.layers.4.mlp.gate_proj.weight,"[12288,4096]",config+architecture,
models--Qwen--Qwen3-8B,44,prefill,4,model.layers.4.mlp.up_proj,linear,,B*S,12288,4096,42,model.layers.4.mlp.up_proj.weight,"[12288,4096]",config+architecture,
models--Qwen--Qwen3-8B,45,prefill,4,model.layers.4.mlp.down_proj,linear,,B*S,4096,12288,43;44,model.layers.4.mlp.down_proj.weight,"[4096,12288]",config+architecture,SiLU(gate)*up precedes this GEMM
models--Qwen--Qwen3-8B,46,prefill,5,model.layers.5.self_attn.q_proj,linear,,B*S,4096,4096,45,model.layers.5.self_attn.q_proj.weight,"[4096,4096]",config+architecture,
models--Qwen--Qwen3-8B,47,prefill,5,model.layers.5.self_attn.k_proj,linear,,B*S,1024,4096,45,model.layers.5.self_attn.k_proj.weight,"[1024,4096]",config+architecture,
models--Qwen--Qwen3-8B,48,prefill,5,model.layers.5.self_attn.v_proj,linear,,B*S,1024,4096,45,model.layers.5.self_attn.v_proj.weight,"[1024,4096]",config+architecture,
models--Qwen--Qwen3-8B,49,prefill,5,model.layers.5.self_attn.qk,batched_matmul,B*QH,S,S,128,46;47,,,config+architecture,"GQA QH=32, KVH=8"
models--Qwen--Qwen3-8B,50,prefill,5,model.layers.5.self_attn.pv,batched_matmul,B*QH,S,128,S,49;48,,,config+architecture,softmax/mask is a non-matmul dependency bridge
models--Qwen--Qwen3-8B,51,prefill,5,model.layers.5.self_attn.o_proj,linear,,B*S,4096,4096,50,model.layers.5.self_attn.o_proj.weight,"[4096,4096]",config+architecture,
models--Qwen--Qwen3-8B,52,prefill,5,model.layers.5.mlp.gate_proj,linear,,B*S,12288,4096,51,model.layers.5.mlp.gate_proj.weight,"[12288,4096]",config+architecture,
models--Qwen--Qwen3-8B,53,prefill,5,model.layers.5.mlp.up_proj,linear,,B*S,12288,4096,51,model.layers.5.mlp.up_proj.weight,"[12288,4096]",config+architecture,
models--Qwen--Qwen3-8B,54,prefill,5,model.layers.5.mlp.down_proj,linear,,B*S,4096,12288,52;53,model.layers.5.mlp.down_proj.weight,"[4096,12288]",config+architecture,SiLU(gate)*up precedes this GEMM
models--Qwen--Qwen3-8B,55,prefill,6,model.layers.6.self_attn.q_proj,linear,,B*S,4096,4096,54,model.layers.6.self_attn.q_proj.weight,"[4096,4096]",config+architecture,
models--Qwen--Qwen3-8B,56,prefill,6,model.layers.6.self_attn.k_proj,linear,,B*S,1024,4096,54,model.layers.6.self_attn.k_proj.weight,"[1024,4096]",config+architecture,
models--Qwen--Qwen3-8B,57,prefill,6,model.layers.6.self_attn.v_proj,linear,,B*S,1024,4096,54,model.layers.6.self_attn.v_proj.weight,"[1024,4096]",config+architecture,
models--Qwen--Qwen3-8B,58,prefill,6,model.layers.6.self_attn.qk,batched_matmul,B*QH,S,S,128,55;56,,,config+architecture,"GQA QH=32, KVH=8"
models--Qwen--Qwen3-8B,59,prefill,6,model.layers.6.self_attn.pv,batched_matmul,B*QH,S,128,S,58;57,,,config+architecture,softmax/mask is a non-matmul dependency bridge
models--Qwen--Qwen3-8B,60,prefill,6,model.layers.6.self_attn.o_proj,linear,,B*S,4096,4096,59,model.layers.6.self_attn.o_proj.weight,"[4096,4096]",config+architecture,
models--Qwen--Qwen3-8B,61,prefill,6,model.layers.6.mlp.gate_proj,linear,,B*S,12288,4096,60,model.layers.6.mlp.gate_proj.weight,"[12288,4096]",config+architecture,
models--Qwen--Qwen3-8B,62,prefill,6,model.layers.6.mlp.up_proj,linear,,B*S,12288,4096,60,model.layers.6.mlp.up_proj.weight,"[12288,4096]",config+architecture,
models--Qwen--Qwen3-8B,63,prefill,6,model.layers.6.mlp.down_proj,linear,,B*S,4096,12288,61;62,model.layers.6.mlp.down_proj.weight,"[4096,12288]",config+architecture,SiLU(gate)*up precedes this GEMM
models--Qwen--Qwen3-8B,64,prefill,7,model.layers.7.self_attn.q_proj,linear,,B*S,4096,4096,63,model.layers.7.self_attn.q_proj.weight,"[4096,4096]",config+architecture,
models--Qwen--Qwen3-8B,65,prefill,7,model.layers.7.self_attn.k_proj,linear,,B*S,1024,4096,63,model.layers.7.self_attn.k_proj.weight,"[1024,4096]",config+architecture,
models--Qwen--Qwen3-8B,66,prefill,7,model.layers.7.self_attn.v_proj,linear,,B*S,1024,4096,63,model.layers.7.self_attn.v_proj.weight,"[1024,4096]",config+architecture,
models--Qwen--Qwen3-8B,67,prefill,7,model.layers.7.self_attn.qk,batched_matmul,B*QH,S,S,128,64;65,,,config+architecture,"GQA QH=32, KVH=8"
models--Qwen--Qwen3-8B,68,prefill,7,model.layers.7.self_attn.pv,batched_matmul,B*QH,S,128,S,67;66,,,config+architecture,softmax/mask is a non-matmul dependency bridge
models--Qwen--Qwen3-8B,69,prefill,7,model.layers.7.self_attn.o_proj,linear,,B*S,4096,4096,68,model.layers.7.self_attn.o_proj.weight,"[4096,4096]",config+architecture,
models--Qwen--Qwen3-8B,70,prefill,7,model.layers.7.mlp.gate_proj,linear,,B*S,12288,4096,69,model.layers.7.mlp.gate_proj.weight,"[12288,4096]",config+architecture,
models--Qwen--Qwen3-8B,71,prefill,7,model.layers.7.mlp.up_proj,linear,,B*S,12288,4096,69,model.layers.7.mlp.up_proj.weight,"[12288,4096]",config+architecture,
models--Qwen--Qwen3-8B,72,prefill,7,model.layers.7.mlp.down_proj,linear,,B*S,4096,12288,70;71,model.layers.7.mlp.down_proj.weight,"[4096,12288]",config+architecture,SiLU(gate)*up precedes this GEMM
models--Qwen--Qwen3-8B,73,prefill,8,model.layers.8.self_attn.q_proj,linear,,B*S,4096,4096,72,model.layers.8.self_attn.q_proj.weight,"[4096,4096]",config+architecture,
models--Qwen--Qwen3-8B,74,prefill,8,model.layers.8.self_attn.k_proj,linear,,B*S,1024,4096,72,model.layers.8.self_attn.k_proj.weight,"[1024,4096]",config+architecture,
models--Qwen--Qwen3-8B,75,prefill,8,model.layers.8.self_attn.v_proj,linear,,B*S,1024,4096,72,model.layers.8.self_attn.v_proj.weight,"[1024,4096]",config+architecture,
models--Qwen--Qwen3-8B,76,prefill,8,model.layers.8.self_attn.qk,batched_matmul,B*QH,S,S,128,73;74,,,config+architecture,"GQA QH=32, KVH=8"
models--Qwen--Qwen3-8B,77,prefill,8,model.layers.8.self_attn.pv,batched_matmul,B*QH,S,128,S,76;75,,,config+architecture,softmax/mask is a non-matmul dependency bridge
models--Qwen--Qwen3-8B,78,prefill,8,model.layers.8.self_attn.o_proj,linear,,B*S,4096,4096,77,model.layers.8.self_attn.o_proj.weight,"[4096,4096]",config+architecture,
models--Qwen--Qwen3-8B,79,prefill,8,model.layers.8.mlp.gate_proj,linear,,B*S,12288,4096,78,model.layers.8.mlp.gate_proj.weight,"[12288,4096]",config+architecture,
models--Qwen--Qwen3-8B,80,prefill,8,model.layers.8.mlp.up_proj,linear,,B*S,12288,4096,78,model.layers.8.mlp.up_proj.weight,"[12288,4096]",config+architecture,
models--Qwen--Qwen3-8B,81,prefill,8,model.layers.8.mlp.down_proj,linear,,B*S,4096,12288,79;80,model.layers.8.mlp.down_proj.weight,"[4096,12288]",config+architecture,SiLU(gate)*up precedes this GEMM
models--Qwen--Qwen3-8B,82,prefill,9,model.layers.9.self_attn.q_proj,linear,,B*S,4096,4096,81,model.layers.9.self_attn.q_proj.weight,"[4096,4096]",config+architecture,
models--Qwen--Qwen3-8B,83,prefill,9,model.layers.9.self_attn.k_proj,linear,,B*S,1024,4096,81,model.layers.9.self_attn.k_proj.weight,"[1024,4096]",config+architecture,
models--Qwen--Qwen3-8B,84,prefill,9,model.layers.9.self_attn.v_proj,linear,,B*S,1024,4096,81,model.layers.9.self_attn.v_proj.weight,"[1024,4096]",config+architecture,
models--Qwen--Qwen3-8B,85,prefill,9,model.layers.9.self_attn.qk,batched_matmul,B*QH,S,S,128,82;83,,,config+architecture,"GQA QH=32, KVH=8"
models--Qwen--Qwen3-8B,86,prefill,9,model.layers.9.self_attn.pv,batched_matmul,B*QH,S,128,S,85;84,,,config+architecture,softmax/mask is a non-matmul dependency bridge
models--Qwen--Qwen3-8B,87,prefill,9,model.layers.9.self_attn.o_proj,linear,,B*S,4096,4096,86,model.layers.9.self_attn.o_proj.weight,"[4096,4096]",config+architecture,
models--Qwen--Qwen3-8B,88,prefill,9,model.layers.9.mlp.gate_proj,linear,,B*S,12288,4096,87,model.layers.9.mlp.gate_proj.weight,"[12288,4096]",config+architecture,
models--Qwen--Qwen3-8B,89,prefill,9,model.layers.9.mlp.up_proj,linear,,B*S,12288,4096,87,model.layers.9.mlp.up_proj.weight,"[12288,4096]",config+architecture,
models--Qwen--Qwen3-8B,90,prefill,9,model.layers.9.mlp.down_proj,linear,,B*S,4096,12288,88;89,model.layers.9.mlp.down_proj.weight,"[4096,12288]",config+architecture,SiLU(gate)*up precedes this GEMM
models--Qwen--Qwen3-8B,91,prefill,10,model.layers.10.self_attn.q_proj,linear,,B*S,4096,4096,90,model.layers.10.self_attn.q_proj.weight,"[4096,4096]",config+architecture,
models--Qwen--Qwen3-8B,92,prefill,10,model.layers.10.self_attn.k_proj,linear,,B*S,1024,4096,90,model.layers.10.self_attn.k_proj.weight,"[1024,4096]",config+architecture,
models--Qwen--Qwen3-8B,93,prefill,10,model.layers.10.self_attn.v_proj,linear,,B*S,1024,4096,90,model.layers.10.self_attn.v_proj.weight,"[1024,4096]",config+architecture,
models--Qwen--Qwen3-8B,94,prefill,10,model.layers.10.self_attn.qk,batched_matmul,B*QH,S,S,128,91;92,,,config+architecture,"GQA QH=32, KVH=8"
models--Qwen--Qwen3-8B,95,prefill,10,model.layers.10.self_attn.pv,batched_matmul,B*QH,S,128,S,94;93,,,config+architecture,softmax/mask is a non-matmul dependency bridge
models--Qwen--Qwen3-8B,96,prefill,10,model.layers.10.self_attn.o_proj,linear,,B*S,4096,4096,95,model.layers.10.self_attn.o_proj.weight,"[4096,4096]",config+architecture,
models--Qwen--Qwen3-8B,97,prefill,10,model.layers.10.mlp.gate_proj,linear,,B*S,12288,4096,96,model.layers.10.mlp.gate_proj.weight,"[12288,4096]",config+architecture,
models--Qwen--Qwen3-8B,98,prefill,10,model.layers.10.mlp.up_proj,linear,,B*S,12288,4096,96,model.layers.10.mlp.up_proj.weight,"[12288,4096]",config+architecture,
models--Qwen--Qwen3-8B,99,prefill,10,model.layers.10.mlp.down_proj,linear,,B*S,4096,12288,97;98,model.layers.10.mlp.down_proj.weight,"[4096,12288]",config+architecture,SiLU(gate)*up precedes this GEMM
models--Qwen--Qwen3-8B,100,prefill,11,model.layers.11.self_attn.q_proj,linear,,B*S,4096,4096,99,model.layers.11.self_attn.q_proj.weight,"[4096,4096]",config+architecture,
models--Qwen--Qwen3-8B,101,prefill,11,model.layers.11.self_attn.k_proj,linear,,B*S,1024,4096,99,model.layers.11.self_attn.k_proj.weight,"[1024,4096]",config+architecture,
models--Qwen--Qwen3-8B,102,prefill,11,model.layers.11.self_attn.v_proj,linear,,B*S,1024,4096,99,model.layers.11.self_attn.v_proj.weight,"[1024,4096]",config+architecture,
models--Qwen--Qwen3-8B,103,prefill,11,model.layers.11.self_attn.qk,batched_matmul,B*QH,S,S,128,100;101,,,config+architecture,"GQA QH=32, KVH=8"
models--Qwen--Qwen3-8B,104,prefill,11,model.layers.11.self_attn.pv,batched_matmul,B*QH,S,128,S,103;102,,,config+architecture,softmax/mask is a non-matmul dependency bridge
models--Qwen--Qwen3-8B,105,prefill,11,model.layers.11.self_attn.o_proj,linear,,B*S,4096,4096,104,model.layers.11.self_attn.o_proj.weight,"[4096,4096]",config+architecture,
models--Qwen--Qwen3-8B,106,prefill,11,model.layers.11.mlp.gate_proj,linear,,B*S,12288,4096,105,model.layers.11.mlp.gate_proj.weight,"[12288,4096]",config+architecture,
models--Qwen--Qwen3-8B,107,prefill,11,model.layers.11.mlp.up_proj,linear,,B*S,12288,4096,105,model.layers.11.mlp.up_proj.weight,"[12288,4096]",config+architecture,
models--Qwen--Qwen3-8B,108,prefill,11,model.layers.11.mlp.down_proj,linear,,B*S,4096,12288,106;107,model.layers.11.mlp.down_proj.weight,"[4096,12288]",config+architecture,SiLU(gate)*up precedes this GEMM
models--Qwen--Qwen3-8B,109,prefill,12,model.layers.12.self_attn.q_proj,linear,,B*S,4096,4096,108,model.layers.12.self_attn.q_proj.weight,"[4096,4096]",config+architecture,
models--Qwen--Qwen3-8B,110,prefill,12,model.layers.12.self_attn.k_proj,linear,,B*S,1024,4096,108,model.layers.12.self_attn.k_proj.weight,"[1024,4096]",config+architecture,
models--Qwen--Qwen3-8B,111,prefill,12,model.layers.12.self_attn.v_proj,linear,,B*S,1024,4096,108,model.layers.12.self_attn.v_proj.weight,"[1024,4096]",config+architecture,
models--Qwen--Qwen3-8B,112,prefill,12,model.layers.12.self_attn.qk,batched_matmul,B*QH,S,S,128,109;110,,,config+architecture,"GQA QH=32, KVH=8"
models--Qwen--Qwen3-8B,113,prefill,12,model.layers.12.self_attn.pv,batched_matmul,B*QH,S,128,S,112;111,,,config+architecture,softmax/mask is a non-matmul dependency bridge
models--Qwen--Qwen3-8B,114,prefill,12,model.layers.12.self_attn.o_proj,linear,,B*S,4096,4096,113,model.layers.12.self_attn.o_proj.weight,"[4096,4096]",config+architecture,
models--Qwen--Qwen3-8B,115,prefill,12,model.layers.12.mlp.gate_proj,linear,,B*S,12288,4096,114,model.layers.12.mlp.gate_proj.weight,"[12288,4096]",config+architecture,
models--Qwen--Qwen3-8B,116,prefill,12,model.layers.12.mlp.up_proj,linear,,B*S,12288,4096,114,model.layers.12.mlp.up_proj.weight,"[12288,4096]",config+architecture,
models--Qwen--Qwen3-8B,117,prefill,12,model.layers.12.mlp.down_proj,linear,,B*S,4096,12288,115;116,model.layers.12.mlp.down_proj.weight,"[4096,12288]",config+architecture,SiLU(gate)*up precedes this GEMM
models--Qwen--Qwen3-8B,118,prefill,13,model.layers.13.self_attn.q_proj,linear,,B*S,4096,4096,117,model.layers.13.self_attn.q_proj.weight,"[4096,4096]",config+architecture,
models--Qwen--Qwen3-8B,119,prefill,13,model.layers.13.self_attn.k_proj,linear,,B*S,1024,4096,117,model.layers.13.self_attn.k_proj.weight,"[1024,4096]",config+architecture,
models--Qwen--Qwen3-8B,120,prefill,13,model.layers.13.self_attn.v_proj,linear,,B*S,1024,4096,117,model.layers.13.self_attn.v_proj.weight,"[1024,4096]",config+architecture,
models--Qwen--Qwen3-8B,121,prefill,13,model.layers.13.self_attn.qk,batched_matmul,B*QH,S,S,128,118;119,,,config+architecture,"GQA QH=32, KVH=8"
models--Qwen--Qwen3-8B,122,prefill,13,model.layers.13.self_attn.pv,batched_matmul,B*QH,S,128,S,121;120,,,config+architecture,softmax/mask is a non-matmul dependency bridge
models--Qwen--Qwen3-8B,123,prefill,13,model.layers.13.self_attn.o_proj,linear,,B*S,4096,4096,122,model.layers.13.self_attn.o_proj.weight,"[4096,4096]",config+architecture,
models--Qwen--Qwen3-8B,124,prefill,13,model.layers.13.mlp.gate_proj,linear,,B*S,12288,4096,123,model.layers.13.mlp.gate_proj.weight,"[12288,4096]",config+architecture,
models--Qwen--Qwen3-8B,125,prefill,13,model.layers.13.mlp.up_proj,linear,,B*S,12288,4096,123,model.layers.13.mlp.up_proj.weight,"[12288,4096]",config+architecture,
models--Qwen--Qwen3-8B,126,prefill,13,model.layers.13.mlp.down_proj,linear,,B*S,4096,12288,124;125,model.layers.13.mlp.down_proj.weight,"[4096,12288]",config+architecture,SiLU(gate)*up precedes this GEMM
models--Qwen--Qwen3-8B,127,prefill,14,model.layers.14.self_attn.q_proj,linear,,B*S,4096,4096,126,model.layers.14.self_attn.q_proj.weight,"[4096,4096]",config+architecture,
models--Qwen--Qwen3-8B,128,prefill,14,model.layers.14.self_attn.k_proj,linear,,B*S,1024,4096,126,model.layers.14.self_attn.k_proj.weight,"[1024,4096]",config+architecture,
models--Qwen--Qwen3-8B,129,prefill,14,model.layers.14.self_attn.v_proj,linear,,B*S,1024,4096,126,model.layers.14.self_attn.v_proj.weight,"[1024,4096]",config+architecture,
models--Qwen--Qwen3-8B,130,prefill,14,model.layers.14.self_attn.qk,batched_matmul,B*QH,S,S,128,127;128,,,config+architecture,"GQA QH=32, KVH=8"
models--Qwen--Qwen3-8B,131,prefill,14,model.layers.14.self_attn.pv,batched_matmul,B*QH,S,128,S,130;129,,,config+architecture,softmax/mask is a non-matmul dependency bridge
models--Qwen--Qwen3-8B,132,prefill,14,model.layers.14.self_attn.o_proj,linear,,B*S,4096,4096,131,model.layers.14.self_attn.o_proj.weight,"[4096,4096]",config+architecture,
models--Qwen--Qwen3-8B,133,prefill,14,model.layers.14.mlp.gate_proj,linear,,B*S,12288,4096,132,model.layers.14.mlp.gate_proj.weight,"[12288,4096]",config+architecture,
models--Qwen--Qwen3-8B,134,prefill,14,model.layers.14.mlp.up_proj,linear,,B*S,12288,4096,132,model.layers.14.mlp.up_proj.weight,"[12288,4096]",config+architecture,
models--Qwen--Qwen3-8B,135,prefill,14,model.layers.14.mlp.down_proj,linear,,B*S,4096,12288,133;134,model.layers.14.mlp.down_proj.weight,"[4096,12288]",config+architecture,SiLU(gate)*up precedes this GEMM
models--Qwen--Qwen3-8B,136,prefill,15,model.layers.15.self_attn.q_proj,linear,,B*S,4096,4096,135,model.layers.15.self_attn.q_proj.weight,"[4096,4096]",config+architecture,
models--Qwen--Qwen3-8B,137,prefill,15,model.layers.15.self_attn.k_proj,linear,,B*S,1024,4096,135,model.layers.15.self_attn.k_proj.weight,"[1024,4096]",config+architecture,
models--Qwen--Qwen3-8B,138,prefill,15,model.layers.15.self_attn.v_proj,linear,,B*S,1024,4096,135,model.layers.15.self_attn.v_proj.weight,"[1024,4096]",config+architecture,
models--Qwen--Qwen3-8B,139,prefill,15,model.layers.15.self_attn.qk,batched_matmul,B*QH,S,S,128,136;137,,,config+architecture,"GQA QH=32, KVH=8"
models--Qwen--Qwen3-8B,140,prefill,15,model.layers.15.self_attn.pv,batched_matmul,B*QH,S,128,S,139;138,,,config+architecture,softmax/mask is a non-matmul dependency bridge
models--Qwen--Qwen3-8B,141,prefill,15,model.layers.15.self_attn.o_proj,linear,,B*S,4096,4096,140,model.layers.15.self_attn.o_proj.weight,"[4096,4096]",config+architecture,
models--Qwen--Qwen3-8B,142,prefill,15,model.layers.15.mlp.gate_proj,linear,,B*S,12288,4096,141,model.layers.15.mlp.gate_proj.weight,"[12288,4096]",config+architecture,
models--Qwen--Qwen3-8B,143,prefill,15,model.layers.15.mlp.up_proj,linear,,B*S,12288,4096,141,model.layers.15.mlp.up_proj.weight,"[12288,4096]",config+architecture,
models--Qwen--Qwen3-8B,144,prefill,15,model.layers.15.mlp.down_proj,linear,,B*S,4096,12288,142;143,model.layers.15.mlp.down_proj.weight,"[4096,12288]",config+architecture,SiLU(gate)*up precedes this GEMM
models--Qwen--Qwen3-8B,145,prefill,16,model.layers.16.self_attn.q_proj,linear,,B*S,4096,4096,144,model.layers.16.self_attn.q_proj.weight,"[4096,4096]",config+architecture,
models--Qwen--Qwen3-8B,146,prefill,16,model.layers.16.self_attn.k_proj,linear,,B*S,1024,4096,144,model.layers.16.self_attn.k_proj.weight,"[1024,4096]",config+architecture,
models--Qwen--Qwen3-8B,147,prefill,16,model.layers.16.self_attn.v_proj,linear,,B*S,1024,4096,144,model.layers.16.self_attn.v_proj.weight,"[1024,4096]",config+architecture,
models--Qwen--Qwen3-8B,148,prefill,16,model.layers.16.self_attn.qk,batched_matmul,B*QH,S,S,128,145;146,,,config+architecture,"GQA QH=32, KVH=8"
models--Qwen--Qwen3-8B,149,prefill,16,model.layers.16.self_attn.pv,batched_matmul,B*QH,S,128,S,148;147,,,config+architecture,softmax/mask is a non-matmul dependency bridge
models--Qwen--Qwen3-8B,150,prefill,16,model.layers.16.self_attn.o_proj,linear,,B*S,4096,4096,149,model.layers.16.self_attn.o_proj.weight,"[4096,4096]",config+architecture,
models--Qwen--Qwen3-8B,151,prefill,16,model.layers.16.mlp.gate_proj,linear,,B*S,12288,4096,150,model.layers.16.mlp.gate_proj.weight,"[12288,4096]",config+architecture,
models--Qwen--Qwen3-8B,152,prefill,16,model.layers.16.mlp.up_proj,linear,,B*S,12288,4096,150,model.layers.16.mlp.up_proj.weight,"[12288,4096]",config+architecture,
models--Qwen--Qwen3-8B,153,prefill,16,model.layers.16.mlp.down_proj,linear,,B*S,4096,12288,151;152,model.layers.16.mlp.down_proj.weight,"[4096,12288]",config+architecture,SiLU(gate)*up precedes this GEMM
models--Qwen--Qwen3-8B,154,prefill,17,model.layers.17.self_attn.q_proj,linear,,B*S,4096,4096,153,model.layers.17.self_attn.q_proj.weight,"[4096,4096]",config+architecture,
models--Qwen--Qwen3-8B,155,prefill,17,model.layers.17.self_attn.k_proj,linear,,B*S,1024,4096,153,model.layers.17.self_attn.k_proj.weight,"[1024,4096]",config+architecture,
models--Qwen--Qwen3-8B,156,prefill,17,model.layers.17.self_attn.v_proj,linear,,B*S,1024,4096,153,model.layers.17.self_attn.v_proj.weight,"[1024,4096]",config+architecture,
models--Qwen--Qwen3-8B,157,prefill,17,model.layers.17.self_attn.qk,batched_matmul,B*QH,S,S,128,154;155,,,config+architecture,"GQA QH=32, KVH=8"
models--Qwen--Qwen3-8B,158,prefill,17,model.layers.17.self_attn.pv,batched_matmul,B*QH,S,128,S,157;156,,,config+architecture,softmax/mask is a non-matmul dependency bridge
models--Qwen--Qwen3-8B,159,prefill,17,model.layers.17.self_attn.o_proj,linear,,B*S,4096,4096,158,model.layers.17.self_attn.o_proj.weight,"[4096,4096]",config+architecture,
models--Qwen--Qwen3-8B,160,prefill,17,model.layers.17.mlp.gate_proj,linear,,B*S,12288,4096,159,model.layers.17.mlp.gate_proj.weight,"[12288,4096]",config+architecture,
models--Qwen--Qwen3-8B,161,prefill,17,model.layers.17.mlp.up_proj,linear,,B*S,12288,4096,159,model.layers.17.mlp.up_proj.weight,"[12288,4096]",config+architecture,
models--Qwen--Qwen3-8B,162,prefill,17,model.layers.17.mlp.down_proj,linear,,B*S,4096,12288,160;161,model.layers.17.mlp.down_proj.weight,"[4096,12288]",config+architecture,SiLU(gate)*up precedes this GEMM
models--Qwen--Qwen3-8B,163,prefill,18,model.layers.18.self_attn.q_proj,linear,,B*S,4096,4096,162,model.layers.18.self_attn.q_proj.weight,"[4096,4096]",config+architecture,
models--Qwen--Qwen3-8B,164,prefill,18,model.layers.18.self_attn.k_proj,linear,,B*S,1024,4096,162,model.layers.18.self_attn.k_proj.weight,"[1024,4096]",config+architecture,
models--Qwen--Qwen3-8B,165,prefill,18,model.layers.18.self_attn.v_proj,linear,,B*S,1024,4096,162,model.layers.18.self_attn.v_proj.weight,"[1024,4096]",config+architecture,
models--Qwen--Qwen3-8B,166,prefill,18,model.layers.18.self_attn.qk,batched_matmul,B*QH,S,S,128,163;164,,,config+architecture,"GQA QH=32, KVH=8"
models--Qwen--Qwen3-8B,167,prefill,18,model.layers.18.self_attn.pv,batched_matmul,B*QH,S,128,S,166;165,,,config+architecture,softmax/mask is a non-matmul dependency bridge
models--Qwen--Qwen3-8B,168,prefill,18,model.layers.18.self_attn.o_proj,linear,,B*S,4096,4096,167,model.layers.18.self_attn.o_proj.weight,"[4096,4096]",config+architecture,
models--Qwen--Qwen3-8B,169,prefill,18,model.layers.18.mlp.gate_proj,linear,,B*S,12288,4096,168,model.layers.18.mlp.gate_proj.weight,"[12288,4096]",config+architecture,
models--Qwen--Qwen3-8B,170,prefill,18,model.layers.18.mlp.up_proj,linear,,B*S,12288,4096,168,model.layers.18.mlp.up_proj.weight,"[12288,4096]",config+architecture,
models--Qwen--Qwen3-8B,171,prefill,18,model.layers.18.mlp.down_proj,linear,,B*S,4096,12288,169;170,model.layers.18.mlp.down_proj.weight,"[4096,12288]",config+architecture,SiLU(gate)*up precedes this GEMM
models--Qwen--Qwen3-8B,172,prefill,19,model.layers.19.self_attn.q_proj,linear,,B*S,4096,4096,171,model.layers.19.self_attn.q_proj.weight,"[4096,4096]",config+architecture,
models--Qwen--Qwen3-8B,173,prefill,19,model.layers.19.self_attn.k_proj,linear,,B*S,1024,4096,171,model.layers.19.self_attn.k_proj.weight,"[1024,4096]",config+architecture,
models--Qwen--Qwen3-8B,174,prefill,19,model.layers.19.self_attn.v_proj,linear,,B*S,1024,4096,171,model.layers.19.self_attn.v_proj.weight,"[1024,4096]",config+architecture,
models--Qwen--Qwen3-8B,175,prefill,19,model.layers.19.self_attn.qk,batched_matmul,B*QH,S,S,128,172;173,,,config+architecture,"GQA QH=32, KVH=8"
models--Qwen--Qwen3-8B,176,prefill,19,model.layers.19.self_attn.pv,batched_matmul,B*QH,S,128,S,175;174,,,config+architecture,softmax/mask is a non-matmul dependency bridge
models--Qwen--Qwen3-8B,177,prefill,19,model.layers.19.self_attn.o_proj,linear,,B*S,4096,4096,176,model.layers.19.self_attn.o_proj.weight,"[4096,4096]",config+architecture,
models--Qwen--Qwen3-8B,178,prefill,19,model.layers.19.mlp.gate_proj,linear,,B*S,12288,4096,177,model.layers.19.mlp.gate_proj.weight,"[12288,4096]",config+architecture,
models--Qwen--Qwen3-8B,179,prefill,19,model.layers.19.mlp.up_proj,linear,,B*S,12288,4096,177,model.layers.19.mlp.up_proj.weight,"[12288,4096]",config+architecture,
models--Qwen--Qwen3-8B,180,prefill,19,model.layers.19.mlp.down_proj,linear,,B*S,4096,12288,178;179,model.layers.19.mlp.down_proj.weight,"[4096,12288]",config+architecture,SiLU(gate)*up precedes this GEMM
models--Qwen--Qwen3-8B,181,prefill,20,model.layers.20.self_attn.q_proj,linear,,B*S,4096,4096,180,model.layers.20.self_attn.q_proj.weight,"[4096,4096]",config+architecture,
models--Qwen--Qwen3-8B,182,prefill,20,model.layers.20.self_attn.k_proj,linear,,B*S,1024,4096,180,model.layers.20.self_attn.k_proj.weight,"[1024,4096]",config+architecture,
models--Qwen--Qwen3-8B,183,prefill,20,model.layers.20.self_attn.v_proj,linear,,B*S,1024,4096,180,model.layers.20.self_attn.v_proj.weight,"[1024,4096]",config+architecture,
models--Qwen--Qwen3-8B,184,prefill,20,model.layers.20.self_attn.qk,batched_matmul,B*QH,S,S,128,181;182,,,config+architecture,"GQA QH=32, KVH=8"
models--Qwen--Qwen3-8B,185,prefill,20,model.layers.20.self_attn.pv,batched_matmul,B*QH,S,128,S,184;183,,,config+architecture,softmax/mask is a non-matmul dependency bridge
models--Qwen--Qwen3-8B,186,prefill,20,model.layers.20.self_attn.o_proj,linear,,B*S,4096,4096,185,model.layers.20.self_attn.o_proj.weight,"[4096,4096]",config+architecture,
models--Qwen--Qwen3-8B,187,prefill,20,model.layers.20.mlp.gate_proj,linear,,B*S,12288,4096,186,model.layers.20.mlp.gate_proj.weight,"[12288,4096]",config+architecture,
models--Qwen--Qwen3-8B,188,prefill,20,model.layers.20.mlp.up_proj,linear,,B*S,12288,4096,186,model.layers.20.mlp.up_proj.weight,"[12288,4096]",config+architecture,
models--Qwen--Qwen3-8B,189,prefill,20,model.layers.20.mlp.down_proj,linear,,B*S,4096,12288,187;188,model.layers.20.mlp.down_proj.weight,"[4096,12288]",config+architecture,SiLU(gate)*up precedes this GEMM
models--Qwen--Qwen3-8B,190,prefill,21,model.layers.21.self_attn.q_proj,linear,,B*S,4096,4096,189,model.layers.21.self_attn.q_proj.weight,"[4096,4096]",config+architecture,
models--Qwen--Qwen3-8B,191,prefill,21,model.layers.21.self_attn.k_proj,linear,,B*S,1024,4096,189,model.layers.21.self_attn.k_proj.weight,"[1024,4096]",config+architecture,
models--Qwen--Qwen3-8B,192,prefill,21,model.layers.21.self_attn.v_proj,linear,,B*S,1024,4096,189,model.layers.21.self_attn.v_proj.weight,"[1024,4096]",config+architecture,
models--Qwen--Qwen3-8B,193,prefill,21,model.layers.21.self_attn.qk,batched_matmul,B*QH,S,S,128,190;191,,,config+architecture,"GQA QH=32, KVH=8"
models--Qwen--Qwen3-8B,194,prefill,21,model.layers.21.self_attn.pv,batched_matmul,B*QH,S,128,S,193;192,,,config+architecture,softmax/mask is a non-matmul dependency bridge
models--Qwen--Qwen3-8B,195,prefill,21,model.layers.21.self_attn.o_proj,linear,,B*S,4096,4096,194,model.layers.21.self_attn.o_proj.weight,"[4096,4096]",config+architecture,
models--Qwen--Qwen3-8B,196,prefill,21,model.layers.21.mlp.gate_proj,linear,,B*S,12288,4096,195,model.layers.21.mlp.gate_proj.weight,"[12288,4096]",config+architecture,
models--Qwen--Qwen3-8B,197,prefill,21,model.layers.21.mlp.up_proj,linear,,B*S,12288,4096,195,model.layers.21.mlp.up_proj.weight,"[12288,4096]",config+architecture,
models--Qwen--Qwen3-8B,198,prefill,21,model.layers.21.mlp.down_proj,linear,,B*S,4096,12288,196;197,model.layers.21.mlp.down_proj.weight,"[4096,12288]",config+architecture,SiLU(gate)*up precedes this GEMM
models--Qwen--Qwen3-8B,199,prefill,22,model.layers.22.self_attn.q_proj,linear,,B*S,4096,4096,198,model.layers.22.self_attn.q_proj.weight,"[4096,4096]",config+architecture,
models--Qwen--Qwen3-8B,200,prefill,22,model.layers.22.self_attn.k_proj,linear,,B*S,1024,4096,198,model.layers.22.self_attn.k_proj.weight,"[1024,4096]",config+architecture,
models--Qwen--Qwen3-8B,201,prefill,22,model.layers.22.self_attn.v_proj,linear,,B*S,1024,4096,198,model.layers.22.self_attn.v_proj.weight,"[1024,4096]",config+architecture,
models--Qwen--Qwen3-8B,202,prefill,22,model.layers.22.self_attn.qk,batched_matmul,B*QH,S,S,128,199;200,,,config+architecture,"GQA QH=32, KVH=8"
models--Qwen--Qwen3-8B,203,prefill,22,model.layers.22.self_attn.pv,batched_matmul,B*QH,S,128,S,202;201,,,config+architecture,softmax/mask is a non-matmul dependency bridge
models--Qwen--Qwen3-8B,204,prefill,22,model.layers.22.self_attn.o_proj,linear,,B*S,4096,4096,203,model.layers.22.self_attn.o_proj.weight,"[4096,4096]",config+architecture,
models--Qwen--Qwen3-8B,205,prefill,22,model.layers.22.mlp.gate_proj,linear,,B*S,12288,4096,204,model.layers.22.mlp.gate_proj.weight,"[12288,4096]",config+architecture,
models--Qwen--Qwen3-8B,206,prefill,22,model.layers.22.mlp.up_proj,linear,,B*S,12288,4096,204,model.layers.22.mlp.up_proj.weight,"[12288,4096]",config+architecture,
models--Qwen--Qwen3-8B,207,prefill,22,model.layers.22.mlp.down_proj,linear,,B*S,4096,12288,205;206,model.layers.22.mlp.down_proj.weight,"[4096,12288]",config+architecture,SiLU(gate)*up precedes this GEMM
models--Qwen--Qwen3-8B,208,prefill,23,model.layers.23.self_attn.q_proj,linear,,B*S,4096,4096,207,model.layers.23.self_attn.q_proj.weight,"[4096,4096]",config+architecture,
models--Qwen--Qwen3-8B,209,prefill,23,model.layers.23.self_attn.k_proj,linear,,B*S,1024,4096,207,model.layers.23.self_attn.k_proj.weight,"[1024,4096]",config+architecture,
models--Qwen--Qwen3-8B,210,prefill,23,model.layers.23.self_attn.v_proj,linear,,B*S,1024,4096,207,model.layers.23.self_attn.v_proj.weight,"[1024,4096]",config+architecture,
models--Qwen--Qwen3-8B,211,prefill,23,model.layers.23.self_attn.qk,batched_matmul,B*QH,S,S,128,208;209,,,config+architecture,"GQA QH=32, KVH=8"
models--Qwen--Qwen3-8B,212,prefill,23,model.layers.23.self_attn.pv,batched_matmul,B*QH,S,128,S,211;210,,,config+architecture,softmax/mask is a non-matmul dependency bridge
models--Qwen--Qwen3-8B,213,prefill,23,model.layers.23.self_attn.o_proj,linear,,B*S,4096,4096,212,model.layers.23.self_attn.o_proj.weight,"[4096,4096]",config+architecture,
models--Qwen--Qwen3-8B,214,prefill,23,model.layers.23.mlp.gate_proj,linear,,B*S,12288,4096,213,model.layers.23.mlp.gate_proj.weight,"[12288,4096]",config+architecture,
models--Qwen--Qwen3-8B,215,prefill,23,model.layers.23.mlp.up_proj,linear,,B*S,12288,4096,213,model.layers.23.mlp.up_proj.weight,"[12288,4096]",config+architecture,
models--Qwen--Qwen3-8B,216,prefill,23,model.layers.23.mlp.down_proj,linear,,B*S,4096,12288,214;215,model.layers.23.mlp.down_proj.weight,"[4096,12288]",config+architecture,SiLU(gate)*up precedes this GEMM
models--Qwen--Qwen3-8B,217,prefill,24,model.layers.24.self_attn.q_proj,linear,,B*S,4096,4096,216,model.layers.24.self_attn.q_proj.weight,"[4096,4096]",config+architecture,
models--Qwen--Qwen3-8B,218,prefill,24,model.layers.24.self_attn.k_proj,linear,,B*S,1024,4096,216,model.layers.24.self_attn.k_proj.weight,"[1024,4096]",config+architecture,
models--Qwen--Qwen3-8B,219,prefill,24,model.layers.24.self_attn.v_proj,linear,,B*S,1024,4096,216,model.layers.24.self_attn.v_proj.weight,"[1024,4096]",config+architecture,
models--Qwen--Qwen3-8B,220,prefill,24,model.layers.24.self_attn.qk,batched_matmul,B*QH,S,S,128,217;218,,,config+architecture,"GQA QH=32, KVH=8"
models--Qwen--Qwen3-8B,221,prefill,24,model.layers.24.self_attn.pv,batched_matmul,B*QH,S,128,S,220;219,,,config+architecture,softmax/mask is a non-matmul dependency bridge
models--Qwen--Qwen3-8B,222,prefill,24,model.layers.24.self_attn.o_proj,linear,,B*S,4096,4096,221,model.layers.24.self_attn.o_proj.weight,"[4096,4096]",config+architecture,
models--Qwen--Qwen3-8B,223,prefill,24,model.layers.24.mlp.gate_proj,linear,,B*S,12288,4096,222,model.layers.24.mlp.gate_proj.weight,"[12288,4096]",config+architecture,
models--Qwen--Qwen3-8B,224,prefill,24,model.layers.24.mlp.up_proj,linear,,B*S,12288,4096,222,model.layers.24.mlp.up_proj.weight,"[12288,4096]",config+architecture,
models--Qwen--Qwen3-8B,225,prefill,24,model.layers.24.mlp.down_proj,linear,,B*S,4096,12288,223;224,model.layers.24.mlp.down_proj.weight,"[4096,12288]",config+architecture,SiLU(gate)*up precedes this GEMM
models--Qwen--Qwen3-8B,226,prefill,25,model.layers.25.self_attn.q_proj,linear,,B*S,4096,4096,225,model.layers.25.self_attn.q_proj.weight,"[4096,4096]",config+architecture,
models--Qwen--Qwen3-8B,227,prefill,25,model.layers.25.self_attn.k_proj,linear,,B*S,1024,4096,225,model.layers.25.self_attn.k_proj.weight,"[1024,4096]",config+architecture,
models--Qwen--Qwen3-8B,228,prefill,25,model.layers.25.self_attn.v_proj,linear,,B*S,1024,4096,225,model.layers.25.self_attn.v_proj.weight,"[1024,4096]",config+architecture,
models--Qwen--Qwen3-8B,229,prefill,25,model.layers.25.self_attn.qk,batched_matmul,B*QH,S,S,128,226;227,,,config+architecture,"GQA QH=32, KVH=8"
models--Qwen--Qwen3-8B,230,prefill,25,model.layers.25.self_attn.pv,batched_matmul,B*QH,S,128,S,229;228,,,config+architecture,softmax/mask is a non-matmul dependency bridge
models--Qwen--Qwen3-8B,231,prefill,25,model.layers.25.self_attn.o_proj,linear,,B*S,4096,4096,230,model.layers.25.self_attn.o_proj.weight,"[4096,4096]",config+architecture,
models--Qwen--Qwen3-8B,232,prefill,25,model.layers.25.mlp.gate_proj,linear,,B*S,12288,4096,231,model.layers.25.mlp.gate_proj.weight,"[12288,4096]",config+architecture,
models--Qwen--Qwen3-8B,233,prefill,25,model.layers.25.mlp.up_proj,linear,,B*S,12288,4096,231,model.layers.25.mlp.up_proj.weight,"[12288,4096]",config+architecture,
models--Qwen--Qwen3-8B,234,prefill,25,model.layers.25.mlp.down_proj,linear,,B*S,4096,12288,232;233,model.layers.25.mlp.down_proj.weight,"[4096,12288]",config+architecture,SiLU(gate)*up precedes this GEMM
models--Qwen--Qwen3-8B,235,prefill,26,model.layers.26.self_attn.q_proj,linear,,B*S,4096,4096,234,model.layers.26.self_attn.q_proj.weight,"[4096,4096]",config+architecture,
models--Qwen--Qwen3-8B,236,prefill,26,model.layers.26.self_attn.k_proj,linear,,B*S,1024,4096,234,model.layers.26.self_attn.k_proj.weight,"[1024,4096]",config+architecture,
models--Qwen--Qwen3-8B,237,prefill,26,model.layers.26.self_attn.v_proj,linear,,B*S,1024,4096,234,model.layers.26.self_attn.v_proj.weight,"[1024,4096]",config+architecture,
models--Qwen--Qwen3-8B,238,prefill,26,model.layers.26.self_attn.qk,batched_matmul,B*QH,S,S,128,235;236,,,config+architecture,"GQA QH=32, KVH=8"
models--Qwen--Qwen3-8B,239,prefill,26,model.layers.26.self_attn.pv,batched_matmul,B*QH,S,128,S,238;237,,,config+architecture,softmax/mask is a non-matmul dependency bridge
models--Qwen--Qwen3-8B,240,prefill,26,model.layers.26.self_attn.o_proj,linear,,B*S,4096,4096,239,model.layers.26.self_attn.o_proj.weight,"[4096,4096]",config+architecture,
models--Qwen--Qwen3-8B,241,prefill,26,model.layers.26.mlp.gate_proj,linear,,B*S,12288,4096,240,model.layers.26.mlp.gate_proj.weight,"[12288,4096]",config+architecture,
models--Qwen--Qwen3-8B,242,prefill,26,model.layers.26.mlp.up_proj,linear,,B*S,12288,4096,240,model.layers.26.mlp.up_proj.weight,"[12288,4096]",config+architecture,
models--Qwen--Qwen3-8B,243,prefill,26,model.layers.26.mlp.down_proj,linear,,B*S,4096,12288,241;242,model.layers.26.mlp.down_proj.weight,"[4096,12288]",config+architecture,SiLU(gate)*up precedes this GEMM
models--Qwen--Qwen3-8B,244,prefill,27,model.layers.27.self_attn.q_proj,linear,,B*S,4096,4096,243,model.layers.27.self_attn.q_proj.weight,"[4096,4096]",config+architecture,
models--Qwen--Qwen3-8B,245,prefill,27,model.layers.27.self_attn.k_proj,linear,,B*S,1024,4096,243,model.layers.27.self_attn.k_proj.weight,"[1024,4096]",config+architecture,
models--Qwen--Qwen3-8B,246,prefill,27,model.layers.27.self_attn.v_proj,linear,,B*S,1024,4096,243,model.layers.27.self_attn.v_proj.weight,"[1024,4096]",config+architecture,
models--Qwen--Qwen3-8B,247,prefill,27,model.layers.27.self_attn.qk,batched_matmul,B*QH,S,S,128,244;245,,,config+architecture,"GQA QH=32, KVH=8"
models--Qwen--Qwen3-8B,248,prefill,27,model.layers.27.self_attn.pv,batched_matmul,B*QH,S,128,S,247;246,,,config+architecture,softmax/mask is a non-matmul dependency bridge
models--Qwen--Qwen3-8B,249,prefill,27,model.layers.27.self_attn.o_proj,linear,,B*S,4096,4096,248,model.layers.27.self_attn.o_proj.weight,"[4096,4096]",config+architecture,
models--Qwen--Qwen3-8B,250,prefill,27,model.layers.27.mlp.gate_proj,linear,,B*S,12288,4096,249,model.layers.27.mlp.gate_proj.weight,"[12288,4096]",config+architecture,
models--Qwen--Qwen3-8B,251,prefill,27,model.layers.27.mlp.up_proj,linear,,B*S,12288,4096,249,model.layers.27.mlp.up_proj.weight,"[12288,4096]",config+architecture,
models--Qwen--Qwen3-8B,252,prefill,27,model.layers.27.mlp.down_proj,linear,,B*S,4096,12288,250;251,model.layers.27.mlp.down_proj.weight,"[4096,12288]",config+architecture,SiLU(gate)*up precedes this GEMM
models--Qwen--Qwen3-8B,253,prefill,28,model.layers.28.self_attn.q_proj,linear,,B*S,4096,4096,252,model.layers.28.self_attn.q_proj.weight,"[4096,4096]",config+architecture,
models--Qwen--Qwen3-8B,254,prefill,28,model.layers.28.self_attn.k_proj,linear,,B*S,1024,4096,252,model.layers.28.self_attn.k_proj.weight,"[1024,4096]",config+architecture,
models--Qwen--Qwen3-8B,255,prefill,28,model.layers.28.self_attn.v_proj,linear,,B*S,1024,4096,252,model.layers.28.self_attn.v_proj.weight,"[1024,4096]",config+architecture,
models--Qwen--Qwen3-8B,256,prefill,28,model.layers.28.self_attn.qk,batched_matmul,B*QH,S,S,128,253;254,,,config+architecture,"GQA QH=32, KVH=8"
models--Qwen--Qwen3-8B,257,prefill,28,model.layers.28.self_attn.pv,batched_matmul,B*QH,S,128,S,256;255,,,config+architecture,softmax/mask is a non-matmul dependency bridge
models--Qwen--Qwen3-8B,258,prefill,28,model.layers.28.self_attn.o_proj,linear,,B*S,4096,4096,257,model.layers.28.self_attn.o_proj.weight,"[4096,4096]",config+architecture,
models--Qwen--Qwen3-8B,259,prefill,28,model.layers.28.mlp.gate_proj,linear,,B*S,12288,4096,258,model.layers.28.mlp.gate_proj.weight,"[12288,4096]",config+architecture,
models--Qwen--Qwen3-8B,260,prefill,28,model.layers.28.mlp.up_proj,linear,,B*S,12288,4096,258,model.layers.28.mlp.up_proj.weight,"[12288,4096]",config+architecture,
models--Qwen--Qwen3-8B,261,prefill,28,model.layers.28.mlp.down_proj,linear,,B*S,4096,12288,259;260,model.layers.28.mlp.down_proj.weight,"[4096,12288]",config+architecture,SiLU(gate)*up precedes this GEMM
models--Qwen--Qwen3-8B,262,prefill,29,model.layers.29.self_attn.q_proj,linear,,B*S,4096,4096,261,model.layers.29.self_attn.q_proj.weight,"[4096,4096]",config+architecture,
models--Qwen--Qwen3-8B,263,prefill,29,model.layers.29.self_attn.k_proj,linear,,B*S,1024,4096,261,model.layers.29.self_attn.k_proj.weight,"[1024,4096]",config+architecture,
models--Qwen--Qwen3-8B,264,prefill,29,model.layers.29.self_attn.v_proj,linear,,B*S,1024,4096,261,model.layers.29.self_attn.v_proj.weight,"[1024,4096]",config+architecture,
models--Qwen--Qwen3-8B,265,prefill,29,model.layers.29.self_attn.qk,batched_matmul,B*QH,S,S,128,262;263,,,config+architecture,"GQA QH=32, KVH=8"
models--Qwen--Qwen3-8B,266,prefill,29,model.layers.29.self_attn.pv,batched_matmul,B*QH,S,128,S,265;264,,,config+architecture,softmax/mask is a non-matmul dependency bridge
models--Qwen--Qwen3-8B,267,prefill,29,model.layers.29.self_attn.o_proj,linear,,B*S,4096,4096,266,model.layers.29.self_attn.o_proj.weight,"[4096,4096]",config+architecture,
models--Qwen--Qwen3-8B,268,prefill,29,model.layers.29.mlp.gate_proj,linear,,B*S,12288,4096,267,model.layers.29.mlp.gate_proj.weight,"[12288,4096]",config+architecture,
models--Qwen--Qwen3-8B,269,prefill,29,model.layers.29.mlp.up_proj,linear,,B*S,12288,4096,267,model.layers.29.mlp.up_proj.weight,"[12288,4096]",config+architecture,
models--Qwen--Qwen3-8B,270,prefill,29,model.layers.29.mlp.down_proj,linear,,B*S,4096,12288,268;269,model.layers.29.mlp.down_proj.weight,"[4096,12288]",config+architecture,SiLU(gate)*up precedes this GEMM
models--Qwen--Qwen3-8B,271,prefill,30,model.layers.30.self_attn.q_proj,linear,,B*S,4096,4096,270,model.layers.30.self_attn.q_proj.weight,"[4096,4096]",config+architecture,
models--Qwen--Qwen3-8B,272,prefill,30,model.layers.30.self_attn.k_proj,linear,,B*S,1024,4096,270,model.layers.30.self_attn.k_proj.weight,"[1024,4096]",config+architecture,
models--Qwen--Qwen3-8B,273,prefill,30,model.layers.30.self_attn.v_proj,linear,,B*S,1024,4096,270,model.layers.30.self_attn.v_proj.weight,"[1024,4096]",config+architecture,
models--Qwen--Qwen3-8B,274,prefill,30,model.layers.30.self_attn.qk,batched_matmul,B*QH,S,S,128,271;272,,,config+architecture,"GQA QH=32, KVH=8"
models--Qwen--Qwen3-8B,275,prefill,30,model.layers.30.self_attn.pv,batched_matmul,B*QH,S,128,S,274;273,,,config+architecture,softmax/mask is a non-matmul dependency bridge
models--Qwen--Qwen3-8B,276,prefill,30,model.layers.30.self_attn.o_proj,linear,,B*S,4096,4096,275,model.layers.30.self_attn.o_proj.weight,"[4096,4096]",config+architecture,
models--Qwen--Qwen3-8B,277,prefill,30,model.layers.30.mlp.gate_proj,linear,,B*S,12288,4096,276,model.layers.30.mlp.gate_proj.weight,"[12288,4096]",config+architecture,
models--Qwen--Qwen3-8B,278,prefill,30,model.layers.30.mlp.up_proj,linear,,B*S,12288,4096,276,model.layers.30.mlp.up_proj.weight,"[12288,4096]",config+architecture,
models--Qwen--Qwen3-8B,279,prefill,30,model.layers.30.mlp.down_proj,linear,,B*S,4096,12288,277;278,model.layers.30.mlp.down_proj.weight,"[4096,12288]",config+architecture,SiLU(gate)*up precedes this GEMM
models--Qwen--Qwen3-8B,280,prefill,31,model.layers.31.self_attn.q_proj,linear,,B*S,4096,4096,279,model.layers.31.self_attn.q_proj.weight,"[4096,4096]",config+architecture,
models--Qwen--Qwen3-8B,281,prefill,31,model.layers.31.self_attn.k_proj,linear,,B*S,1024,4096,279,model.layers.31.self_attn.k_proj.weight,"[1024,4096]",config+architecture,
models--Qwen--Qwen3-8B,282,prefill,31,model.layers.31.self_attn.v_proj,linear,,B*S,1024,4096,279,model.layers.31.self_attn.v_proj.weight,"[1024,4096]",config+architecture,
models--Qwen--Qwen3-8B,283,prefill,31,model.layers.31.self_attn.qk,batched_matmul,B*QH,S,S,128,280;281,,,config+architecture,"GQA QH=32, KVH=8"
models--Qwen--Qwen3-8B,284,prefill,31,model.layers.31.self_attn.pv,batched_matmul,B*QH,S,128,S,283;282,,,config+architecture,softmax/mask is a non-matmul dependency bridge
models--Qwen--Qwen3-8B,285,prefill,31,model.layers.31.self_attn.o_proj,linear,,B*S,4096,4096,284,model.layers.31.self_attn.o_proj.weight,"[4096,4096]",config+architecture,
models--Qwen--Qwen3-8B,286,prefill,31,model.layers.31.mlp.gate_proj,linear,,B*S,12288,4096,285,model.layers.31.mlp.gate_proj.weight,"[12288,4096]",config+architecture,
models--Qwen--Qwen3-8B,287,prefill,31,model.layers.31.mlp.up_proj,linear,,B*S,12288,4096,285,model.layers.31.mlp.up_proj.weight,"[12288,4096]",config+architecture,
models--Qwen--Qwen3-8B,288,prefill,31,model.layers.31.mlp.down_proj,linear,,B*S,4096,12288,286;287,model.layers.31.mlp.down_proj.weight,"[4096,12288]",config+architecture,SiLU(gate)*up precedes this GEMM
models--Qwen--Qwen3-8B,289,prefill,32,model.layers.32.self_attn.q_proj,linear,,B*S,4096,4096,288,model.layers.32.self_attn.q_proj.weight,"[4096,4096]",config+architecture,
models--Qwen--Qwen3-8B,290,prefill,32,model.layers.32.self_attn.k_proj,linear,,B*S,1024,4096,288,model.layers.32.self_attn.k_proj.weight,"[1024,4096]",config+architecture,
models--Qwen--Qwen3-8B,291,prefill,32,model.layers.32.self_attn.v_proj,linear,,B*S,1024,4096,288,model.layers.32.self_attn.v_proj.weight,"[1024,4096]",config+architecture,
models--Qwen--Qwen3-8B,292,prefill,32,model.layers.32.self_attn.qk,batched_matmul,B*QH,S,S,128,289;290,,,config+architecture,"GQA QH=32, KVH=8"
models--Qwen--Qwen3-8B,293,prefill,32,model.layers.32.self_attn.pv,batched_matmul,B*QH,S,128,S,292;291,,,config+architecture,softmax/mask is a non-matmul dependency bridge
models--Qwen--Qwen3-8B,294,prefill,32,model.layers.32.self_attn.o_proj,linear,,B*S,4096,4096,293,model.layers.32.self_attn.o_proj.weight,"[4096,4096]",config+architecture,
models--Qwen--Qwen3-8B,295,prefill,32,model.layers.32.mlp.gate_proj,linear,,B*S,12288,4096,294,model.layers.32.mlp.gate_proj.weight,"[12288,4096]",config+architecture,
models--Qwen--Qwen3-8B,296,prefill,32,model.layers.32.mlp.up_proj,linear,,B*S,12288,4096,294,model.layers.32.mlp.up_proj.weight,"[12288,4096]",config+architecture,
models--Qwen--Qwen3-8B,297,prefill,32,model.layers.32.mlp.down_proj,linear,,B*S,4096,12288,295;296,model.layers.32.mlp.down_proj.weight,"[4096,12288]",config+architecture,SiLU(gate)*up precedes this GEMM
models--Qwen--Qwen3-8B,298,prefill,33,model.layers.33.self_attn.q_proj,linear,,B*S,4096,4096,297,model.layers.33.self_attn.q_proj.weight,"[4096,4096]",config+architecture,
models--Qwen--Qwen3-8B,299,prefill,33,model.layers.33.self_attn.k_proj,linear,,B*S,1024,4096,297,model.layers.33.self_attn.k_proj.weight,"[1024,4096]",config+architecture,
models--Qwen--Qwen3-8B,300,prefill,33,model.layers.33.self_attn.v_proj,linear,,B*S,1024,4096,297,model.layers.33.self_attn.v_proj.weight,"[1024,4096]",config+architecture,
models--Qwen--Qwen3-8B,301,prefill,33,model.layers.33.self_attn.qk,batched_matmul,B*QH,S,S,128,298;299,,,config+architecture,"GQA QH=32, KVH=8"
models--Qwen--Qwen3-8B,302,prefill,33,model.layers.33.self_attn.pv,batched_matmul,B*QH,S,128,S,301;300,,,config+architecture,softmax/mask is a non-matmul dependency bridge
models--Qwen--Qwen3-8B,303,prefill,33,model.layers.33.self_attn.o_proj,linear,,B*S,4096,4096,302,model.layers.33.self_attn.o_proj.weight,"[4096,4096]",config+architecture,
models--Qwen--Qwen3-8B,304,prefill,33,model.layers.33.mlp.gate_proj,linear,,B*S,12288,4096,303,model.layers.33.mlp.gate_proj.weight,"[12288,4096]",config+architecture,
models--Qwen--Qwen3-8B,305,prefill,33,model.layers.33.mlp.up_proj,linear,,B*S,12288,4096,303,model.layers.33.mlp.up_proj.weight,"[12288,4096]",config+architecture,
models--Qwen--Qwen3-8B,306,prefill,33,model.layers.33.mlp.down_proj,linear,,B*S,4096,12288,304;305,model.layers.33.mlp.down_proj.weight,"[4096,12288]",config+architecture,SiLU(gate)*up precedes this GEMM
models--Qwen--Qwen3-8B,307,prefill,34,model.layers.34.self_attn.q_proj,linear,,B*S,4096,4096,306,model.layers.34.self_attn.q_proj.weight,"[4096,4096]",config+architecture,
models--Qwen--Qwen3-8B,308,prefill,34,model.layers.34.self_attn.k_proj,linear,,B*S,1024,4096,306,model.layers.34.self_attn.k_proj.weight,"[1024,4096]",config+architecture,
models--Qwen--Qwen3-8B,309,prefill,34,model.layers.34.self_attn.v_proj,linear,,B*S,1024,4096,306,model.layers.34.self_attn.v_proj.weight,"[1024,4096]",config+architecture,
models--Qwen--Qwen3-8B,310,prefill,34,model.layers.34.self_attn.qk,batched_matmul,B*QH,S,S,128,307;308,,,config+architecture,"GQA QH=32, KVH=8"
models--Qwen--Qwen3-8B,311,prefill,34,model.layers.34.self_attn.pv,batched_matmul,B*QH,S,128,S,310;309,,,config+architecture,softmax/mask is a non-matmul dependency bridge
models--Qwen--Qwen3-8B,312,prefill,34,model.layers.34.self_attn.o_proj,linear,,B*S,4096,4096,311,model.layers.34.self_attn.o_proj.weight,"[4096,4096]",config+architecture,
models--Qwen--Qwen3-8B,313,prefill,34,model.layers.34.mlp.gate_proj,linear,,B*S,12288,4096,312,model.layers.34.mlp.gate_proj.weight,"[12288,4096]",config+architecture,
models--Qwen--Qwen3-8B,314,prefill,34,model.layers.34.mlp.up_proj,linear,,B*S,12288,4096,312,model.layers.34.mlp.up_proj.weight,"[12288,4096]",config+architecture,
models--Qwen--Qwen3-8B,315,prefill,34,model.layers.34.mlp.down_proj,linear,,B*S,4096,12288,313;314,model.layers.34.mlp.down_proj.weight,"[4096,12288]",config+architecture,SiLU(gate)*up precedes this GEMM
models--Qwen--Qwen3-8B,316,prefill,35,model.layers.35.self_attn.q_proj,linear,,B*S,4096,4096,315,model.layers.35.self_attn.q_proj.weight,"[4096,4096]",config+architecture,
models--Qwen--Qwen3-8B,317,prefill,35,model.layers.35.self_attn.k_proj,linear,,B*S,1024,4096,315,model.layers.35.self_attn.k_proj.weight,"[1024,4096]",config+architecture,
models--Qwen--Qwen3-8B,318,prefill,35,model.layers.35.self_attn.v_proj,linear,,B*S,1024,4096,315,model.layers.35.self_attn.v_proj.weight,"[1024,4096]",config+architecture,
models--Qwen--Qwen3-8B,319,prefill,35,model.layers.35.self_attn.qk,batched_matmul,B*QH,S,S,128,316;317,,,config+architecture,"GQA QH=32, KVH=8"
models--Qwen--Qwen3-8B,320,prefill,35,model.layers.35.self_attn.pv,batched_matmul,B*QH,S,128,S,319;318,,,config+architecture,softmax/mask is a non-matmul dependency bridge
models--Qwen--Qwen3-8B,321,prefill,35,model.layers.35.self_attn.o_proj,linear,,B*S,4096,4096,320,model.layers.35.self_attn.o_proj.weight,"[4096,4096]",config+architecture,
models--Qwen--Qwen3-8B,322,prefill,35,model.layers.35.mlp.gate_proj,linear,,B*S,12288,4096,321,model.layers.35.mlp.gate_proj.weight,"[12288,4096]",config+architecture,
models--Qwen--Qwen3-8B,323,prefill,35,model.layers.35.mlp.up_proj,linear,,B*S,12288,4096,321,model.layers.35.mlp.up_proj.weight,"[12288,4096]",config+architecture,
models--Qwen--Qwen3-8B,324,prefill,35,model.layers.35.mlp.down_proj,linear,,B*S,4096,12288,322;323,model.layers.35.mlp.down_proj.weight,"[4096,12288]",config+architecture,SiLU(gate)*up precedes this GEMM
models--Qwen--Qwen3-8B,325,prefill,output,lm_head,linear,,B*S,151936,4096,324,lm_head.weight or tied embed_tokens.weight,"[151936,4096]",config+architecture,prefill shape follows full Hugging Face forward; serving runtimes may compute only selected logits
models--Qwen--Qwen3-8B,326,decode_step,0,model.layers.0.self_attn.q_proj,linear,,B,4096,4096,,model.layers.0.self_attn.q_proj.weight,"[4096,4096]",config+architecture,
models--Qwen--Qwen3-8B,327,decode_step,0,model.layers.0.self_attn.k_proj,linear,,B,1024,4096,,model.layers.0.self_attn.k_proj.weight,"[1024,4096]",config+architecture,
models--Qwen--Qwen3-8B,328,decode_step,0,model.layers.0.self_attn.v_proj,linear,,B,1024,4096,,model.layers.0.self_attn.v_proj.weight,"[1024,4096]",config+architecture,
models--Qwen--Qwen3-8B,329,decode_step,0,model.layers.0.self_attn.qk,batched_matmul,B*QH,1,KV,128,326;327,,,config+architecture,"GQA QH=32, KVH=8"
models--Qwen--Qwen3-8B,330,decode_step,0,model.layers.0.self_attn.pv,batched_matmul,B*QH,1,128,KV,329;328,,,config+architecture,softmax/mask is a non-matmul dependency bridge
models--Qwen--Qwen3-8B,331,decode_step,0,model.layers.0.self_attn.o_proj,linear,,B,4096,4096,330,model.layers.0.self_attn.o_proj.weight,"[4096,4096]",config+architecture,
models--Qwen--Qwen3-8B,332,decode_step,0,model.layers.0.mlp.gate_proj,linear,,B,12288,4096,331,model.layers.0.mlp.gate_proj.weight,"[12288,4096]",config+architecture,
models--Qwen--Qwen3-8B,333,decode_step,0,model.layers.0.mlp.up_proj,linear,,B,12288,4096,331,model.layers.0.mlp.up_proj.weight,"[12288,4096]",config+architecture,
models--Qwen--Qwen3-8B,334,decode_step,0,model.layers.0.mlp.down_proj,linear,,B,4096,12288,332;333,model.layers.0.mlp.down_proj.weight,"[4096,12288]",config+architecture,SiLU(gate)*up precedes this GEMM
models--Qwen--Qwen3-8B,335,decode_step,1,model.layers.1.self_attn.q_proj,linear,,B,4096,4096,334,model.layers.1.self_attn.q_proj.weight,"[4096,4096]",config+architecture,
models--Qwen--Qwen3-8B,336,decode_step,1,model.layers.1.self_attn.k_proj,linear,,B,1024,4096,334,model.layers.1.self_attn.k_proj.weight,"[1024,4096]",config+architecture,
models--Qwen--Qwen3-8B,337,decode_step,1,model.layers.1.self_attn.v_proj,linear,,B,1024,4096,334,model.layers.1.self_attn.v_proj.weight,"[1024,4096]",config+architecture,
models--Qwen--Qwen3-8B,338,decode_step,1,model.layers.1.self_attn.qk,batched_matmul,B*QH,1,KV,128,335;336,,,config+architecture,"GQA QH=32, KVH=8"
models--Qwen--Qwen3-8B,339,decode_step,1,model.layers.1.self_attn.pv,batched_matmul,B*QH,1,128,KV,338;337,,,config+architecture,softmax/mask is a non-matmul dependency bridge
models--Qwen--Qwen3-8B,340,decode_step,1,model.layers.1.self_attn.o_proj,linear,,B,4096,4096,339,model.layers.1.self_attn.o_proj.weight,"[4096,4096]",config+architecture,
models--Qwen--Qwen3-8B,341,decode_step,1,model.layers.1.mlp.gate_proj,linear,,B,12288,4096,340,model.layers.1.mlp.gate_proj.weight,"[12288,4096]",config+architecture,
models--Qwen--Qwen3-8B,342,decode_step,1,model.layers.1.mlp.up_proj,linear,,B,12288,4096,340,model.layers.1.mlp.up_proj.weight,"[12288,4096]",config+architecture,
models--Qwen--Qwen3-8B,343,decode_step,1,model.layers.1.mlp.down_proj,linear,,B,4096,12288,341;342,model.layers.1.mlp.down_proj.weight,"[4096,12288]",config+architecture,SiLU(gate)*up precedes this GEMM
models--Qwen--Qwen3-8B,344,decode_step,2,model.layers.2.self_attn.q_proj,linear,,B,4096,4096,343,model.layers.2.self_attn.q_proj.weight,"[4096,4096]",config+architecture,
models--Qwen--Qwen3-8B,345,decode_step,2,model.layers.2.self_attn.k_proj,linear,,B,1024,4096,343,model.layers.2.self_attn.k_proj.weight,"[1024,4096]",config+architecture,
models--Qwen--Qwen3-8B,346,decode_step,2,model.layers.2.self_attn.v_proj,linear,,B,1024,4096,343,model.layers.2.self_attn.v_proj.weight,"[1024,4096]",config+architecture,
models--Qwen--Qwen3-8B,347,decode_step,2,model.layers.2.self_attn.qk,batched_matmul,B*QH,1,KV,128,344;345,,,config+architecture,"GQA QH=32, KVH=8"
models--Qwen--Qwen3-8B,348,decode_step,2,model.layers.2.self_attn.pv,batched_matmul,B*QH,1,128,KV,347;346,,,config+architecture,softmax/mask is a non-matmul dependency bridge
models--Qwen--Qwen3-8B,349,decode_step,2,model.layers.2.self_attn.o_proj,linear,,B,4096,4096,348,model.layers.2.self_attn.o_proj.weight,"[4096,4096]",config+architecture,
models--Qwen--Qwen3-8B,350,decode_step,2,model.layers.2.mlp.gate_proj,linear,,B,12288,4096,349,model.layers.2.mlp.gate_proj.weight,"[12288,4096]",config+architecture,
models--Qwen--Qwen3-8B,351,decode_step,2,model.layers.2.mlp.up_proj,linear,,B,12288,4096,349,model.layers.2.mlp.up_proj.weight,"[12288,4096]",config+architecture,
models--Qwen--Qwen3-8B,352,decode_step,2,model.layers.2.mlp.down_proj,linear,,B,4096,12288,350;351,model.layers.2.mlp.down_proj.weight,"[4096,12288]",config+architecture,SiLU(gate)*up precedes this GEMM
models--Qwen--Qwen3-8B,353,decode_step,3,model.layers.3.self_attn.q_proj,linear,,B,4096,4096,352,model.layers.3.self_attn.q_proj.weight,"[4096,4096]",config+architecture,
models--Qwen--Qwen3-8B,354,decode_step,3,model.layers.3.self_attn.k_proj,linear,,B,1024,4096,352,model.layers.3.self_attn.k_proj.weight,"[1024,4096]",config+architecture,
models--Qwen--Qwen3-8B,355,decode_step,3,model.layers.3.self_attn.v_proj,linear,,B,1024,4096,352,model.layers.3.self_attn.v_proj.weight,"[1024,4096]",config+architecture,
models--Qwen--Qwen3-8B,356,decode_step,3,model.layers.3.self_attn.qk,batched_matmul,B*QH,1,KV,128,353;354,,,config+architecture,"GQA QH=32, KVH=8"
models--Qwen--Qwen3-8B,357,decode_step,3,model.layers.3.self_attn.pv,batched_matmul,B*QH,1,128,KV,356;355,,,config+architecture,softmax/mask is a non-matmul dependency bridge
models--Qwen--Qwen3-8B,358,decode_step,3,model.layers.3.self_attn.o_proj,linear,,B,4096,4096,357,model.layers.3.self_attn.o_proj.weight,"[4096,4096]",config+architecture,
models--Qwen--Qwen3-8B,359,decode_step,3,model.layers.3.mlp.gate_proj,linear,,B,12288,4096,358,model.layers.3.mlp.gate_proj.weight,"[12288,4096]",config+architecture,
models--Qwen--Qwen3-8B,360,decode_step,3,model.layers.3.mlp.up_proj,linear,,B,12288,4096,358,model.layers.3.mlp.up_proj.weight,"[12288,4096]",config+architecture,
models--Qwen--Qwen3-8B,361,decode_step,3,model.layers.3.mlp.down_proj,linear,,B,4096,12288,359;360,model.layers.3.mlp.down_proj.weight,"[4096,12288]",config+architecture,SiLU(gate)*up precedes this GEMM
models--Qwen--Qwen3-8B,362,decode_step,4,model.layers.4.self_attn.q_proj,linear,,B,4096,4096,361,model.layers.4.self_attn.q_proj.weight,"[4096,4096]",config+architecture,
models--Qwen--Qwen3-8B,363,decode_step,4,model.layers.4.self_attn.k_proj,linear,,B,1024,4096,361,model.layers.4.self_attn.k_proj.weight,"[1024,4096]",config+architecture,
models--Qwen--Qwen3-8B,364,decode_step,4,model.layers.4.self_attn.v_proj,linear,,B,1024,4096,361,model.layers.4.self_attn.v_proj.weight,"[1024,4096]",config+architecture,
models--Qwen--Qwen3-8B,365,decode_step,4,model.layers.4.self_attn.qk,batched_matmul,B*QH,1,KV,128,362;363,,,config+architecture,"GQA QH=32, KVH=8"
models--Qwen--Qwen3-8B,366,decode_step,4,model.layers.4.self_attn.pv,batched_matmul,B*QH,1,128,KV,365;364,,,config+architecture,softmax/mask is a non-matmul dependency bridge
models--Qwen--Qwen3-8B,367,decode_step,4,model.layers.4.self_attn.o_proj,linear,,B,4096,4096,366,model.layers.4.self_attn.o_proj.weight,"[4096,4096]",config+architecture,
models--Qwen--Qwen3-8B,368,decode_step,4,model.layers.4.mlp.gate_proj,linear,,B,12288,4096,367,model.layers.4.mlp.gate_proj.weight,"[12288,4096]",config+architecture,
models--Qwen--Qwen3-8B,369,decode_step,4,model.layers.4.mlp.up_proj,linear,,B,12288,4096,367,model.layers.4.mlp.up_proj.weight,"[12288,4096]",config+architecture,
models--Qwen--Qwen3-8B,370,decode_step,4,model.layers.4.mlp.down_proj,linear,,B,4096,12288,368;369,model.layers.4.mlp.down_proj.weight,"[4096,12288]",config+architecture,SiLU(gate)*up precedes this GEMM
models--Qwen--Qwen3-8B,371,decode_step,5,model.layers.5.self_attn.q_proj,linear,,B,4096,4096,370,model.layers.5.self_attn.q_proj.weight,"[4096,4096]",config+architecture,
models--Qwen--Qwen3-8B,372,decode_step,5,model.layers.5.self_attn.k_proj,linear,,B,1024,4096,370,model.layers.5.self_attn.k_proj.weight,"[1024,4096]",config+architecture,
models--Qwen--Qwen3-8B,373,decode_step,5,model.layers.5.self_attn.v_proj,linear,,B,1024,4096,370,model.layers.5.self_attn.v_proj.weight,"[1024,4096]",config+architecture,
models--Qwen--Qwen3-8B,374,decode_step,5,model.layers.5.self_attn.qk,batched_matmul,B*QH,1,KV,128,371;372,,,config+architecture,"GQA QH=32, KVH=8"
models--Qwen--Qwen3-8B,375,decode_step,5,model.layers.5.self_attn.pv,batched_matmul,B*QH,1,128,KV,374;373,,,config+architecture,softmax/mask is a non-matmul dependency bridge
models--Qwen--Qwen3-8B,376,decode_step,5,model.layers.5.self_attn.o_proj,linear,,B,4096,4096,375,model.layers.5.self_attn.o_proj.weight,"[4096,4096]",config+architecture,
models--Qwen--Qwen3-8B,377,decode_step,5,model.layers.5.mlp.gate_proj,linear,,B,12288,4096,376,model.layers.5.mlp.gate_proj.weight,"[12288,4096]",config+architecture,
models--Qwen--Qwen3-8B,378,decode_step,5,model.layers.5.mlp.up_proj,linear,,B,12288,4096,376,model.layers.5.mlp.up_proj.weight,"[12288,4096]",config+architecture,
models--Qwen--Qwen3-8B,379,decode_step,5,model.layers.5.mlp.down_proj,linear,,B,4096,12288,377;378,model.layers.5.mlp.down_proj.weight,"[4096,12288]",config+architecture,SiLU(gate)*up precedes this GEMM
models--Qwen--Qwen3-8B,380,decode_step,6,model.layers.6.self_attn.q_proj,linear,,B,4096,4096,379,model.layers.6.self_attn.q_proj.weight,"[4096,4096]",config+architecture,
models--Qwen--Qwen3-8B,381,decode_step,6,model.layers.6.self_attn.k_proj,linear,,B,1024,4096,379,model.layers.6.self_attn.k_proj.weight,"[1024,4096]",config+architecture,
models--Qwen--Qwen3-8B,382,decode_step,6,model.layers.6.self_attn.v_proj,linear,,B,1024,4096,379,model.layers.6.self_attn.v_proj.weight,"[1024,4096]",config+architecture,
models--Qwen--Qwen3-8B,383,decode_step,6,model.layers.6.self_attn.qk,batched_matmul,B*QH,1,KV,128,380;381,,,config+architecture,"GQA QH=32, KVH=8"
models--Qwen--Qwen3-8B,384,decode_step,6,model.layers.6.self_attn.pv,batched_matmul,B*QH,1,128,KV,383;382,,,config+architecture,softmax/mask is a non-matmul dependency bridge
models--Qwen--Qwen3-8B,385,decode_step,6,model.layers.6.self_attn.o_proj,linear,,B,4096,4096,384,model.layers.6.self_attn.o_proj.weight,"[4096,4096]",config+architecture,
models--Qwen--Qwen3-8B,386,decode_step,6,model.layers.6.mlp.gate_proj,linear,,B,12288,4096,385,model.layers.6.mlp.gate_proj.weight,"[12288,4096]",config+architecture,
models--Qwen--Qwen3-8B,387,decode_step,6,model.layers.6.mlp.up_proj,linear,,B,12288,4096,385,model.layers.6.mlp.up_proj.weight,"[12288,4096]",config+architecture,
models--Qwen--Qwen3-8B,388,decode_step,6,model.layers.6.mlp.down_proj,linear,,B,4096,12288,386;387,model.layers.6.mlp.down_proj.weight,"[4096,12288]",config+architecture,SiLU(gate)*up precedes this GEMM
models--Qwen--Qwen3-8B,389,decode_step,7,model.layers.7.self_attn.q_proj,linear,,B,4096,4096,388,model.layers.7.self_attn.q_proj.weight,"[4096,4096]",config+architecture,
models--Qwen--Qwen3-8B,390,decode_step,7,model.layers.7.self_attn.k_proj,linear,,B,1024,4096,388,model.layers.7.self_attn.k_proj.weight,"[1024,4096]",config+architecture,
models--Qwen--Qwen3-8B,391,decode_step,7,model.layers.7.self_attn.v_proj,linear,,B,1024,4096,388,model.layers.7.self_attn.v_proj.weight,"[1024,4096]",config+architecture,
models--Qwen--Qwen3-8B,392,decode_step,7,model.layers.7.self_attn.qk,batched_matmul,B*QH,1,KV,128,389;390,,,config+architecture,"GQA QH=32, KVH=8"
models--Qwen--Qwen3-8B,393,decode_step,7,model.layers.7.self_attn.pv,batched_matmul,B*QH,1,128,KV,392;391,,,config+architecture,softmax/mask is a non-matmul dependency bridge
models--Qwen--Qwen3-8B,394,decode_step,7,model.layers.7.self_attn.o_proj,linear,,B,4096,4096,393,model.layers.7.self_attn.o_proj.weight,"[4096,4096]",config+architecture,
models--Qwen--Qwen3-8B,395,decode_step,7,model.layers.7.mlp.gate_proj,linear,,B,12288,4096,394,model.layers.7.mlp.gate_proj.weight,"[12288,4096]",config+architecture,
models--Qwen--Qwen3-8B,396,decode_step,7,model.layers.7.mlp.up_proj,linear,,B,12288,4096,394,model.layers.7.mlp.up_proj.weight,"[12288,4096]",config+architecture,
models--Qwen--Qwen3-8B,397,decode_step,7,model.layers.7.mlp.down_proj,linear,,B,4096,12288,395;396,model.layers.7.mlp.down_proj.weight,"[4096,12288]",config+architecture,SiLU(gate)*up precedes this GEMM
models--Qwen--Qwen3-8B,398,decode_step,8,model.layers.8.self_attn.q_proj,linear,,B,4096,4096,397,model.layers.8.self_attn.q_proj.weight,"[4096,4096]",config+architecture,
models--Qwen--Qwen3-8B,399,decode_step,8,model.layers.8.self_attn.k_proj,linear,,B,1024,4096,397,model.layers.8.self_attn.k_proj.weight,"[1024,4096]",config+architecture,
models--Qwen--Qwen3-8B,400,decode_step,8,model.layers.8.self_attn.v_proj,linear,,B,1024,4096,397,model.layers.8.self_attn.v_proj.weight,"[1024,4096]",config+architecture,
models--Qwen--Qwen3-8B,401,decode_step,8,model.layers.8.self_attn.qk,batched_matmul,B*QH,1,KV,128,398;399,,,config+architecture,"GQA QH=32, KVH=8"
models--Qwen--Qwen3-8B,402,decode_step,8,model.layers.8.self_attn.pv,batched_matmul,B*QH,1,128,KV,401;400,,,config+architecture,softmax/mask is a non-matmul dependency bridge
models--Qwen--Qwen3-8B,403,decode_step,8,model.layers.8.self_attn.o_proj,linear,,B,4096,4096,402,model.layers.8.self_attn.o_proj.weight,"[4096,4096]",config+architecture,
models--Qwen--Qwen3-8B,404,decode_step,8,model.layers.8.mlp.gate_proj,linear,,B,12288,4096,403,model.layers.8.mlp.gate_proj.weight,"[12288,4096]",config+architecture,
models--Qwen--Qwen3-8B,405,decode_step,8,model.layers.8.mlp.up_proj,linear,,B,12288,4096,403,model.layers.8.mlp.up_proj.weight,"[12288,4096]",config+architecture,
models--Qwen--Qwen3-8B,406,decode_step,8,model.layers.8.mlp.down_proj,linear,,B,4096,12288,404;405,model.layers.8.mlp.down_proj.weight,"[4096,12288]",config+architecture,SiLU(gate)*up precedes this GEMM
models--Qwen--Qwen3-8B,407,decode_step,9,model.layers.9.self_attn.q_proj,linear,,B,4096,4096,406,model.layers.9.self_attn.q_proj.weight,"[4096,4096]",config+architecture,
models--Qwen--Qwen3-8B,408,decode_step,9,model.layers.9.self_attn.k_proj,linear,,B,1024,4096,406,model.layers.9.self_attn.k_proj.weight,"[1024,4096]",config+architecture,
models--Qwen--Qwen3-8B,409,decode_step,9,model.layers.9.self_attn.v_proj,linear,,B,1024,4096,406,model.layers.9.self_attn.v_proj.weight,"[1024,4096]",config+architecture,
models--Qwen--Qwen3-8B,410,decode_step,9,model.layers.9.self_attn.qk,batched_matmul,B*QH,1,KV,128,407;408,,,config+architecture,"GQA QH=32, KVH=8"
models--Qwen--Qwen3-8B,411,decode_step,9,model.layers.9.self_attn.pv,batched_matmul,B*QH,1,128,KV,410;409,,,config+architecture,softmax/mask is a non-matmul dependency bridge
models--Qwen--Qwen3-8B,412,decode_step,9,model.layers.9.self_attn.o_proj,linear,,B,4096,4096,411,model.layers.9.self_attn.o_proj.weight,"[4096,4096]",config+architecture,
models--Qwen--Qwen3-8B,413,decode_step,9,model.layers.9.mlp.gate_proj,linear,,B,12288,4096,412,model.layers.9.mlp.gate_proj.weight,"[12288,4096]",config+architecture,
models--Qwen--Qwen3-8B,414,decode_step,9,model.layers.9.mlp.up_proj,linear,,B,12288,4096,412,model.layers.9.mlp.up_proj.weight,"[12288,4096]",config+architecture,
models--Qwen--Qwen3-8B,415,decode_step,9,model.layers.9.mlp.down_proj,linear,,B,4096,12288,413;414,model.layers.9.mlp.down_proj.weight,"[4096,12288]",config+architecture,SiLU(gate)*up precedes this GEMM
models--Qwen--Qwen3-8B,416,decode_step,10,model.layers.10.self_attn.q_proj,linear,,B,4096,4096,415,model.layers.10.self_attn.q_proj.weight,"[4096,4096]",config+architecture,
models--Qwen--Qwen3-8B,417,decode_step,10,model.layers.10.self_attn.k_proj,linear,,B,1024,4096,415,model.layers.10.self_attn.k_proj.weight,"[1024,4096]",config+architecture,
models--Qwen--Qwen3-8B,418,decode_step,10,model.layers.10.self_attn.v_proj,linear,,B,1024,4096,415,model.layers.10.self_attn.v_proj.weight,"[1024,4096]",config+architecture,
models--Qwen--Qwen3-8B,419,decode_step,10,model.layers.10.self_attn.qk,batched_matmul,B*QH,1,KV,128,416;417,,,config+architecture,"GQA QH=32, KVH=8"
models--Qwen--Qwen3-8B,420,decode_step,10,model.layers.10.self_attn.pv,batched_matmul,B*QH,1,128,KV,419;418,,,config+architecture,softmax/mask is a non-matmul dependency bridge
models--Qwen--Qwen3-8B,421,decode_step,10,model.layers.10.self_attn.o_proj,linear,,B,4096,4096,420,model.layers.10.self_attn.o_proj.weight,"[4096,4096]",config+architecture,
models--Qwen--Qwen3-8B,422,decode_step,10,model.layers.10.mlp.gate_proj,linear,,B,12288,4096,421,model.layers.10.mlp.gate_proj.weight,"[12288,4096]",config+architecture,
models--Qwen--Qwen3-8B,423,decode_step,10,model.layers.10.mlp.up_proj,linear,,B,12288,4096,421,model.layers.10.mlp.up_proj.weight,"[12288,4096]",config+architecture,
models--Qwen--Qwen3-8B,424,decode_step,10,model.layers.10.mlp.down_proj,linear,,B,4096,12288,422;423,model.layers.10.mlp.down_proj.weight,"[4096,12288]",config+architecture,SiLU(gate)*up precedes this GEMM
models--Qwen--Qwen3-8B,425,decode_step,11,model.layers.11.self_attn.q_proj,linear,,B,4096,4096,424,model.layers.11.self_attn.q_proj.weight,"[4096,4096]",config+architecture,
models--Qwen--Qwen3-8B,426,decode_step,11,model.layers.11.self_attn.k_proj,linear,,B,1024,4096,424,model.layers.11.self_attn.k_proj.weight,"[1024,4096]",config+architecture,
models--Qwen--Qwen3-8B,427,decode_step,11,model.layers.11.self_attn.v_proj,linear,,B,1024,4096,424,model.layers.11.self_attn.v_proj.weight,"[1024,4096]",config+architecture,
models--Qwen--Qwen3-8B,428,decode_step,11,model.layers.11.self_attn.qk,batched_matmul,B*QH,1,KV,128,425;426,,,config+architecture,"GQA QH=32, KVH=8"
models--Qwen--Qwen3-8B,429,decode_step,11,model.layers.11.self_attn.pv,batched_matmul,B*QH,1,128,KV,428;427,,,config+architecture,softmax/mask is a non-matmul dependency bridge
models--Qwen--Qwen3-8B,430,decode_step,11,model.layers.11.self_attn.o_proj,linear,,B,4096,4096,429,model.layers.11.self_attn.o_proj.weight,"[4096,4096]",config+architecture,
models--Qwen--Qwen3-8B,431,decode_step,11,model.layers.11.mlp.gate_proj,linear,,B,12288,4096,430,model.layers.11.mlp.gate_proj.weight,"[12288,4096]",config+architecture,
models--Qwen--Qwen3-8B,432,decode_step,11,model.layers.11.mlp.up_proj,linear,,B,12288,4096,430,model.layers.11.mlp.up_proj.weight,"[12288,4096]",config+architecture,
models--Qwen--Qwen3-8B,433,decode_step,11,model.layers.11.mlp.down_proj,linear,,B,4096,12288,431;432,model.layers.11.mlp.down_proj.weight,"[4096,12288]",config+architecture,SiLU(gate)*up precedes this GEMM
models--Qwen--Qwen3-8B,434,decode_step,12,model.layers.12.self_attn.q_proj,linear,,B,4096,4096,433,model.layers.12.self_attn.q_proj.weight,"[4096,4096]",config+architecture,
models--Qwen--Qwen3-8B,435,decode_step,12,model.layers.12.self_attn.k_proj,linear,,B,1024,4096,433,model.layers.12.self_attn.k_proj.weight,"[1024,4096]",config+architecture,
models--Qwen--Qwen3-8B,436,decode_step,12,model.layers.12.self_attn.v_proj,linear,,B,1024,4096,433,model.layers.12.self_attn.v_proj.weight,"[1024,4096]",config+architecture,
models--Qwen--Qwen3-8B,437,decode_step,12,model.layers.12.self_attn.qk,batched_matmul,B*QH,1,KV,128,434;435,,,config+architecture,"GQA QH=32, KVH=8"
models--Qwen--Qwen3-8B,438,decode_step,12,model.layers.12.self_attn.pv,batched_matmul,B*QH,1,128,KV,437;436,,,config+architecture,softmax/mask is a non-matmul dependency bridge
models--Qwen--Qwen3-8B,439,decode_step,12,model.layers.12.self_attn.o_proj,linear,,B,4096,4096,438,model.layers.12.self_attn.o_proj.weight,"[4096,4096]",config+architecture,
models--Qwen--Qwen3-8B,440,decode_step,12,model.layers.12.mlp.gate_proj,linear,,B,12288,4096,439,model.layers.12.mlp.gate_proj.weight,"[12288,4096]",config+architecture,
models--Qwen--Qwen3-8B,441,decode_step,12,model.layers.12.mlp.up_proj,linear,,B,12288,4096,439,model.layers.12.mlp.up_proj.weight,"[12288,4096]",config+architecture,
models--Qwen--Qwen3-8B,442,decode_step,12,model.layers.12.mlp.down_proj,linear,,B,4096,12288,440;441,model.layers.12.mlp.down_proj.weight,"[4096,12288]",config+architecture,SiLU(gate)*up precedes this GEMM
models--Qwen--Qwen3-8B,443,decode_step,13,model.layers.13.self_attn.q_proj,linear,,B,4096,4096,442,model.layers.13.self_attn.q_proj.weight,"[4096,4096]",config+architecture,
models--Qwen--Qwen3-8B,444,decode_step,13,model.layers.13.self_attn.k_proj,linear,,B,1024,4096,442,model.layers.13.self_attn.k_proj.weight,"[1024,4096]",config+architecture,
models--Qwen--Qwen3-8B,445,decode_step,13,model.layers.13.self_attn.v_proj,linear,,B,1024,4096,442,model.layers.13.self_attn.v_proj.weight,"[1024,4096]",config+architecture,
models--Qwen--Qwen3-8B,446,decode_step,13,model.layers.13.self_attn.qk,batched_matmul,B*QH,1,KV,128,443;444,,,config+architecture,"GQA QH=32, KVH=8"
models--Qwen--Qwen3-8B,447,decode_step,13,model.layers.13.self_attn.pv,batched_matmul,B*QH,1,128,KV,446;445,,,config+architecture,softmax/mask is a non-matmul dependency bridge
models--Qwen--Qwen3-8B,448,decode_step,13,model.layers.13.self_attn.o_proj,linear,,B,4096,4096,447,model.layers.13.self_attn.o_proj.weight,"[4096,4096]",config+architecture,
models--Qwen--Qwen3-8B,449,decode_step,13,model.layers.13.mlp.gate_proj,linear,,B,12288,4096,448,model.layers.13.mlp.gate_proj.weight,"[12288,4096]",config+architecture,
models--Qwen--Qwen3-8B,450,decode_step,13,model.layers.13.mlp.up_proj,linear,,B,12288,4096,448,model.layers.13.mlp.up_proj.weight,"[12288,4096]",config+architecture,
models--Qwen--Qwen3-8B,451,decode_step,13,model.layers.13.mlp.down_proj,linear,,B,4096,12288,449;450,model.layers.13.mlp.down_proj.weight,"[4096,12288]",config+architecture,SiLU(gate)*up precedes this GEMM
models--Qwen--Qwen3-8B,452,decode_step,14,model.layers.14.self_attn.q_proj,linear,,B,4096,4096,451,model.layers.14.self_attn.q_proj.weight,"[4096,4096]",config+architecture,
models--Qwen--Qwen3-8B,453,decode_step,14,model.layers.14.self_attn.k_proj,linear,,B,1024,4096,451,model.layers.14.self_attn.k_proj.weight,"[1024,4096]",config+architecture,
models--Qwen--Qwen3-8B,454,decode_step,14,model.layers.14.self_attn.v_proj,linear,,B,1024,4096,451,model.layers.14.self_attn.v_proj.weight,"[1024,4096]",config+architecture,
models--Qwen--Qwen3-8B,455,decode_step,14,model.layers.14.self_attn.qk,batched_matmul,B*QH,1,KV,128,452;453,,,config+architecture,"GQA QH=32, KVH=8"
models--Qwen--Qwen3-8B,456,decode_step,14,model.layers.14.self_attn.pv,batched_matmul,B*QH,1,128,KV,455;454,,,config+architecture,softmax/mask is a non-matmul dependency bridge
models--Qwen--Qwen3-8B,457,decode_step,14,model.layers.14.self_attn.o_proj,linear,,B,4096,4096,456,model.layers.14.self_attn.o_proj.weight,"[4096,4096]",config+architecture,
models--Qwen--Qwen3-8B,458,decode_step,14,model.layers.14.mlp.gate_proj,linear,,B,12288,4096,457,model.layers.14.mlp.gate_proj.weight,"[12288,4096]",config+architecture,
models--Qwen--Qwen3-8B,459,decode_step,14,model.layers.14.mlp.up_proj,linear,,B,12288,4096,457,model.layers.14.mlp.up_proj.weight,"[12288,4096]",config+architecture,
models--Qwen--Qwen3-8B,460,decode_step,14,model.layers.14.mlp.down_proj,linear,,B,4096,12288,458;459,model.layers.14.mlp.down_proj.weight,"[4096,12288]",config+architecture,SiLU(gate)*up precedes this GEMM
models--Qwen--Qwen3-8B,461,decode_step,15,model.layers.15.self_attn.q_proj,linear,,B,4096,4096,460,model.layers.15.self_attn.q_proj.weight,"[4096,4096]",config+architecture,
models--Qwen--Qwen3-8B,462,decode_step,15,model.layers.15.self_attn.k_proj,linear,,B,1024,4096,460,model.layers.15.self_attn.k_proj.weight,"[1024,4096]",config+architecture,
models--Qwen--Qwen3-8B,463,decode_step,15,model.layers.15.self_attn.v_proj,linear,,B,1024,4096,460,model.layers.15.self_attn.v_proj.weight,"[1024,4096]",config+architecture,
models--Qwen--Qwen3-8B,464,decode_step,15,model.layers.15.self_attn.qk,batched_matmul,B*QH,1,KV,128,461;462,,,config+architecture,"GQA QH=32, KVH=8"
models--Qwen--Qwen3-8B,465,decode_step,15,model.layers.15.self_attn.pv,batched_matmul,B*QH,1,128,KV,464;463,,,config+architecture,softmax/mask is a non-matmul dependency bridge
models--Qwen--Qwen3-8B,466,decode_step,15,model.layers.15.self_attn.o_proj,linear,,B,4096,4096,465,model.layers.15.self_attn.o_proj.weight,"[4096,4096]",config+architecture,
models--Qwen--Qwen3-8B,467,decode_step,15,model.layers.15.mlp.gate_proj,linear,,B,12288,4096,466,model.layers.15.mlp.gate_proj.weight,"[12288,4096]",config+architecture,
models--Qwen--Qwen3-8B,468,decode_step,15,model.layers.15.mlp.up_proj,linear,,B,12288,4096,466,model.layers.15.mlp.up_proj.weight,"[12288,4096]",config+architecture,
models--Qwen--Qwen3-8B,469,decode_step,15,model.layers.15.mlp.down_proj,linear,,B,4096,12288,467;468,model.layers.15.mlp.down_proj.weight,"[4096,12288]",config+architecture,SiLU(gate)*up precedes this GEMM
models--Qwen--Qwen3-8B,470,decode_step,16,model.layers.16.self_attn.q_proj,linear,,B,4096,4096,469,model.layers.16.self_attn.q_proj.weight,"[4096,4096]",config+architecture,
models--Qwen--Qwen3-8B,471,decode_step,16,model.layers.16.self_attn.k_proj,linear,,B,1024,4096,469,model.layers.16.self_attn.k_proj.weight,"[1024,4096]",config+architecture,
models--Qwen--Qwen3-8B,472,decode_step,16,model.layers.16.self_attn.v_proj,linear,,B,1024,4096,469,model.layers.16.self_attn.v_proj.weight,"[1024,4096]",config+architecture,
models--Qwen--Qwen3-8B,473,decode_step,16,model.layers.16.self_attn.qk,batched_matmul,B*QH,1,KV,128,470;471,,,config+architecture,"GQA QH=32, KVH=8"
models--Qwen--Qwen3-8B,474,decode_step,16,model.layers.16.self_attn.pv,batched_matmul,B*QH,1,128,KV,473;472,,,config+architecture,softmax/mask is a non-matmul dependency bridge
models--Qwen--Qwen3-8B,475,decode_step,16,model.layers.16.self_attn.o_proj,linear,,B,4096,4096,474,model.layers.16.self_attn.o_proj.weight,"[4096,4096]",config+architecture,
models--Qwen--Qwen3-8B,476,decode_step,16,model.layers.16.mlp.gate_proj,linear,,B,12288,4096,475,model.layers.16.mlp.gate_proj.weight,"[12288,4096]",config+architecture,
models--Qwen--Qwen3-8B,477,decode_step,16,model.layers.16.mlp.up_proj,linear,,B,12288,4096,475,model.layers.16.mlp.up_proj.weight,"[12288,4096]",config+architecture,
models--Qwen--Qwen3-8B,478,decode_step,16,model.layers.16.mlp.down_proj,linear,,B,4096,12288,476;477,model.layers.16.mlp.down_proj.weight,"[4096,12288]",config+architecture,SiLU(gate)*up precedes this GEMM
models--Qwen--Qwen3-8B,479,decode_step,17,model.layers.17.self_attn.q_proj,linear,,B,4096,4096,478,model.layers.17.self_attn.q_proj.weight,"[4096,4096]",config+architecture,
models--Qwen--Qwen3-8B,480,decode_step,17,model.layers.17.self_attn.k_proj,linear,,B,1024,4096,478,model.layers.17.self_attn.k_proj.weight,"[1024,4096]",config+architecture,
models--Qwen--Qwen3-8B,481,decode_step,17,model.layers.17.self_attn.v_proj,linear,,B,1024,4096,478,model.layers.17.self_attn.v_proj.weight,"[1024,4096]",config+architecture,
models--Qwen--Qwen3-8B,482,decode_step,17,model.layers.17.self_attn.qk,batched_matmul,B*QH,1,KV,128,479;480,,,config+architecture,"GQA QH=32, KVH=8"
models--Qwen--Qwen3-8B,483,decode_step,17,model.layers.17.self_attn.pv,batched_matmul,B*QH,1,128,KV,482;481,,,config+architecture,softmax/mask is a non-matmul dependency bridge
models--Qwen--Qwen3-8B,484,decode_step,17,model.layers.17.self_attn.o_proj,linear,,B,4096,4096,483,model.layers.17.self_attn.o_proj.weight,"[4096,4096]",config+architecture,
models--Qwen--Qwen3-8B,485,decode_step,17,model.layers.17.mlp.gate_proj,linear,,B,12288,4096,484,model.layers.17.mlp.gate_proj.weight,"[12288,4096]",config+architecture,
models--Qwen--Qwen3-8B,486,decode_step,17,model.layers.17.mlp.up_proj,linear,,B,12288,4096,484,model.layers.17.mlp.up_proj.weight,"[12288,4096]",config+architecture,
models--Qwen--Qwen3-8B,487,decode_step,17,model.layers.17.mlp.down_proj,linear,,B,4096,12288,485;486,model.layers.17.mlp.down_proj.weight,"[4096,12288]",config+architecture,SiLU(gate)*up precedes this GEMM
models--Qwen--Qwen3-8B,488,decode_step,18,model.layers.18.self_attn.q_proj,linear,,B,4096,4096,487,model.layers.18.self_attn.q_proj.weight,"[4096,4096]",config+architecture,
models--Qwen--Qwen3-8B,489,decode_step,18,model.layers.18.self_attn.k_proj,linear,,B,1024,4096,487,model.layers.18.self_attn.k_proj.weight,"[1024,4096]",config+architecture,
models--Qwen--Qwen3-8B,490,decode_step,18,model.layers.18.self_attn.v_proj,linear,,B,1024,4096,487,model.layers.18.self_attn.v_proj.weight,"[1024,4096]",config+architecture,
models--Qwen--Qwen3-8B,491,decode_step,18,model.layers.18.self_attn.qk,batched_matmul,B*QH,1,KV,128,488;489,,,config+architecture,"GQA QH=32, KVH=8"
models--Qwen--Qwen3-8B,492,decode_step,18,model.layers.18.self_attn.pv,batched_matmul,B*QH,1,128,KV,491;490,,,config+architecture,softmax/mask is a non-matmul dependency bridge
models--Qwen--Qwen3-8B,493,decode_step,18,model.layers.18.self_attn.o_proj,linear,,B,4096,4096,492,model.layers.18.self_attn.o_proj.weight,"[4096,4096]",config+architecture,
models--Qwen--Qwen3-8B,494,decode_step,18,model.layers.18.mlp.gate_proj,linear,,B,12288,4096,493,model.layers.18.mlp.gate_proj.weight,"[12288,4096]",config+architecture,
models--Qwen--Qwen3-8B,495,decode_step,18,model.layers.18.mlp.up_proj,linear,,B,12288,4096,493,model.layers.18.mlp.up_proj.weight,"[12288,4096]",config+architecture,
models--Qwen--Qwen3-8B,496,decode_step,18,model.layers.18.mlp.down_proj,linear,,B,4096,12288,494;495,model.layers.18.mlp.down_proj.weight,"[4096,12288]",config+architecture,SiLU(gate)*up precedes this GEMM
models--Qwen--Qwen3-8B,497,decode_step,19,model.layers.19.self_attn.q_proj,linear,,B,4096,4096,496,model.layers.19.self_attn.q_proj.weight,"[4096,4096]",config+architecture,
models--Qwen--Qwen3-8B,498,decode_step,19,model.layers.19.self_attn.k_proj,linear,,B,1024,4096,496,model.layers.19.self_attn.k_proj.weight,"[1024,4096]",config+architecture,
models--Qwen--Qwen3-8B,499,decode_step,19,model.layers.19.self_attn.v_proj,linear,,B,1024,4096,496,model.layers.19.self_attn.v_proj.weight,"[1024,4096]",config+architecture,
models--Qwen--Qwen3-8B,500,decode_step,19,model.layers.19.self_attn.qk,batched_matmul,B*QH,1,KV,128,497;498,,,config+architecture,"GQA QH=32, KVH=8"
models--Qwen--Qwen3-8B,501,decode_step,19,model.layers.19.self_attn.pv,batched_matmul,B*QH,1,128,KV,500;499,,,config+architecture,softmax/mask is a non-matmul dependency bridge
models--Qwen--Qwen3-8B,502,decode_step,19,model.layers.19.self_attn.o_proj,linear,,B,4096,4096,501,model.layers.19.self_attn.o_proj.weight,"[4096,4096]",config+architecture,
models--Qwen--Qwen3-8B,503,decode_step,19,model.layers.19.mlp.gate_proj,linear,,B,12288,4096,502,model.layers.19.mlp.gate_proj.weight,"[12288,4096]",config+architecture,
models--Qwen--Qwen3-8B,504,decode_step,19,model.layers.19.mlp.up_proj,linear,,B,12288,4096,502,model.layers.19.mlp.up_proj.weight,"[12288,4096]",config+architecture,
models--Qwen--Qwen3-8B,505,decode_step,19,model.layers.19.mlp.down_proj,linear,,B,4096,12288,503;504,model.layers.19.mlp.down_proj.weight,"[4096,12288]",config+architecture,SiLU(gate)*up precedes this GEMM
models--Qwen--Qwen3-8B,506,decode_step,20,model.layers.20.self_attn.q_proj,linear,,B,4096,4096,505,model.layers.20.self_attn.q_proj.weight,"[4096,4096]",config+architecture,
models--Qwen--Qwen3-8B,507,decode_step,20,model.layers.20.self_attn.k_proj,linear,,B,1024,4096,505,model.layers.20.self_attn.k_proj.weight,"[1024,4096]",config+architecture,
models--Qwen--Qwen3-8B,508,decode_step,20,model.layers.20.self_attn.v_proj,linear,,B,1024,4096,505,model.layers.20.self_attn.v_proj.weight,"[1024,4096]",config+architecture,
models--Qwen--Qwen3-8B,509,decode_step,20,model.layers.20.self_attn.qk,batched_matmul,B*QH,1,KV,128,506;507,,,config+architecture,"GQA QH=32, KVH=8"
models--Qwen--Qwen3-8B,510,decode_step,20,model.layers.20.self_attn.pv,batched_matmul,B*QH,1,128,KV,509;508,,,config+architecture,softmax/mask is a non-matmul dependency bridge
models--Qwen--Qwen3-8B,511,decode_step,20,model.layers.20.self_attn.o_proj,linear,,B,4096,4096,510,model.layers.20.self_attn.o_proj.weight,"[4096,4096]",config+architecture,
models--Qwen--Qwen3-8B,512,decode_step,20,model.layers.20.mlp.gate_proj,linear,,B,12288,4096,511,model.layers.20.mlp.gate_proj.weight,"[12288,4096]",config+architecture,
models--Qwen--Qwen3-8B,513,decode_step,20,model.layers.20.mlp.up_proj,linear,,B,12288,4096,511,model.layers.20.mlp.up_proj.weight,"[12288,4096]",config+architecture,
models--Qwen--Qwen3-8B,514,decode_step,20,model.layers.20.mlp.down_proj,linear,,B,4096,12288,512;513,model.layers.20.mlp.down_proj.weight,"[4096,12288]",config+architecture,SiLU(gate)*up precedes this GEMM
models--Qwen--Qwen3-8B,515,decode_step,21,model.layers.21.self_attn.q_proj,linear,,B,4096,4096,514,model.layers.21.self_attn.q_proj.weight,"[4096,4096]",config+architecture,
models--Qwen--Qwen3-8B,516,decode_step,21,model.layers.21.self_attn.k_proj,linear,,B,1024,4096,514,model.layers.21.self_attn.k_proj.weight,"[1024,4096]",config+architecture,
models--Qwen--Qwen3-8B,517,decode_step,21,model.layers.21.self_attn.v_proj,linear,,B,1024,4096,514,model.layers.21.self_attn.v_proj.weight,"[1024,4096]",config+architecture,
models--Qwen--Qwen3-8B,518,decode_step,21,model.layers.21.self_attn.qk,batched_matmul,B*QH,1,KV,128,515;516,,,config+architecture,"GQA QH=32, KVH=8"
models--Qwen--Qwen3-8B,519,decode_step,21,model.layers.21.self_attn.pv,batched_matmul,B*QH,1,128,KV,518;517,,,config+architecture,softmax/mask is a non-matmul dependency bridge
models--Qwen--Qwen3-8B,520,decode_step,21,model.layers.21.self_attn.o_proj,linear,,B,4096,4096,519,model.layers.21.self_attn.o_proj.weight,"[4096,4096]",config+architecture,
models--Qwen--Qwen3-8B,521,decode_step,21,model.layers.21.mlp.gate_proj,linear,,B,12288,4096,520,model.layers.21.mlp.gate_proj.weight,"[12288,4096]",config+architecture,
models--Qwen--Qwen3-8B,522,decode_step,21,model.layers.21.mlp.up_proj,linear,,B,12288,4096,520,model.layers.21.mlp.up_proj.weight,"[12288,4096]",config+architecture,
models--Qwen--Qwen3-8B,523,decode_step,21,model.layers.21.mlp.down_proj,linear,,B,4096,12288,521;522,model.layers.21.mlp.down_proj.weight,"[4096,12288]",config+architecture,SiLU(gate)*up precedes this GEMM
models--Qwen--Qwen3-8B,524,decode_step,22,model.layers.22.self_attn.q_proj,linear,,B,4096,4096,523,model.layers.22.self_attn.q_proj.weight,"[4096,4096]",config+architecture,
models--Qwen--Qwen3-8B,525,decode_step,22,model.layers.22.self_attn.k_proj,linear,,B,1024,4096,523,model.layers.22.self_attn.k_proj.weight,"[1024,4096]",config+architecture,
models--Qwen--Qwen3-8B,526,decode_step,22,model.layers.22.self_attn.v_proj,linear,,B,1024,4096,523,model.layers.22.self_attn.v_proj.weight,"[1024,4096]",config+architecture,
models--Qwen--Qwen3-8B,527,decode_step,22,model.layers.22.self_attn.qk,batched_matmul,B*QH,1,KV,128,524;525,,,config+architecture,"GQA QH=32, KVH=8"
models--Qwen--Qwen3-8B,528,decode_step,22,model.layers.22.self_attn.pv,batched_matmul,B*QH,1,128,KV,527;526,,,config+architecture,softmax/mask is a non-matmul dependency bridge
models--Qwen--Qwen3-8B,529,decode_step,22,model.layers.22.self_attn.o_proj,linear,,B,4096,4096,528,model.layers.22.self_attn.o_proj.weight,"[4096,4096]",config+architecture,
models--Qwen--Qwen3-8B,530,decode_step,22,model.layers.22.mlp.gate_proj,linear,,B,12288,4096,529,model.layers.22.mlp.gate_proj.weight,"[12288,4096]",config+architecture,
models--Qwen--Qwen3-8B,531,decode_step,22,model.layers.22.mlp.up_proj,linear,,B,12288,4096,529,model.layers.22.mlp.up_proj.weight,"[12288,4096]",config+architecture,
models--Qwen--Qwen3-8B,532,decode_step,22,model.layers.22.mlp.down_proj,linear,,B,4096,12288,530;531,model.layers.22.mlp.down_proj.weight,"[4096,12288]",config+architecture,SiLU(gate)*up precedes this GEMM
models--Qwen--Qwen3-8B,533,decode_step,23,model.layers.23.self_attn.q_proj,linear,,B,4096,4096,532,model.layers.23.self_attn.q_proj.weight,"[4096,4096]",config+architecture,
models--Qwen--Qwen3-8B,534,decode_step,23,model.layers.23.self_attn.k_proj,linear,,B,1024,4096,532,model.layers.23.self_attn.k_proj.weight,"[1024,4096]",config+architecture,
models--Qwen--Qwen3-8B,535,decode_step,23,model.layers.23.self_attn.v_proj,linear,,B,1024,4096,532,model.layers.23.self_attn.v_proj.weight,"[1024,4096]",config+architecture,
models--Qwen--Qwen3-8B,536,decode_step,23,model.layers.23.self_attn.qk,batched_matmul,B*QH,1,KV,128,533;534,,,config+architecture,"GQA QH=32, KVH=8"
models--Qwen--Qwen3-8B,537,decode_step,23,model.layers.23.self_attn.pv,batched_matmul,B*QH,1,128,KV,536;535,,,config+architecture,softmax/mask is a non-matmul dependency bridge
models--Qwen--Qwen3-8B,538,decode_step,23,model.layers.23.self_attn.o_proj,linear,,B,4096,4096,537,model.layers.23.self_attn.o_proj.weight,"[4096,4096]",config+architecture,
models--Qwen--Qwen3-8B,539,decode_step,23,model.layers.23.mlp.gate_proj,linear,,B,12288,4096,538,model.layers.23.mlp.gate_proj.weight,"[12288,4096]",config+architecture,
models--Qwen--Qwen3-8B,540,decode_step,23,model.layers.23.mlp.up_proj,linear,,B,12288,4096,538,model.layers.23.mlp.up_proj.weight,"[12288,4096]",config+architecture,
models--Qwen--Qwen3-8B,541,decode_step,23,model.layers.23.mlp.down_proj,linear,,B,4096,12288,539;540,model.layers.23.mlp.down_proj.weight,"[4096,12288]",config+architecture,SiLU(gate)*up precedes this GEMM
models--Qwen--Qwen3-8B,542,decode_step,24,model.layers.24.self_attn.q_proj,linear,,B,4096,4096,541,model.layers.24.self_attn.q_proj.weight,"[4096,4096]",config+architecture,
models--Qwen--Qwen3-8B,543,decode_step,24,model.layers.24.self_attn.k_proj,linear,,B,1024,4096,541,model.layers.24.self_attn.k_proj.weight,"[1024,4096]",config+architecture,
models--Qwen--Qwen3-8B,544,decode_step,24,model.layers.24.self_attn.v_proj,linear,,B,1024,4096,541,model.layers.24.self_attn.v_proj.weight,"[1024,4096]",config+architecture,
models--Qwen--Qwen3-8B,545,decode_step,24,model.layers.24.self_attn.qk,batched_matmul,B*QH,1,KV,128,542;543,,,config+architecture,"GQA QH=32, KVH=8"
models--Qwen--Qwen3-8B,546,decode_step,24,model.layers.24.self_attn.pv,batched_matmul,B*QH,1,128,KV,545;544,,,config+architecture,softmax/mask is a non-matmul dependency bridge
models--Qwen--Qwen3-8B,547,decode_step,24,model.layers.24.self_attn.o_proj,linear,,B,4096,4096,546,model.layers.24.self_attn.o_proj.weight,"[4096,4096]",config+architecture,
models--Qwen--Qwen3-8B,548,decode_step,24,model.layers.24.mlp.gate_proj,linear,,B,12288,4096,547,model.layers.24.mlp.gate_proj.weight,"[12288,4096]",config+architecture,
models--Qwen--Qwen3-8B,549,decode_step,24,model.layers.24.mlp.up_proj,linear,,B,12288,4096,547,model.layers.24.mlp.up_proj.weight,"[12288,4096]",config+architecture,
models--Qwen--Qwen3-8B,550,decode_step,24,model.layers.24.mlp.down_proj,linear,,B,4096,12288,548;549,model.layers.24.mlp.down_proj.weight,"[4096,12288]",config+architecture,SiLU(gate)*up precedes this GEMM
models--Qwen--Qwen3-8B,551,decode_step,25,model.layers.25.self_attn.q_proj,linear,,B,4096,4096,550,model.layers.25.self_attn.q_proj.weight,"[4096,4096]",config+architecture,
models--Qwen--Qwen3-8B,552,decode_step,25,model.layers.25.self_attn.k_proj,linear,,B,1024,4096,550,model.layers.25.self_attn.k_proj.weight,"[1024,4096]",config+architecture,
models--Qwen--Qwen3-8B,553,decode_step,25,model.layers.25.self_attn.v_proj,linear,,B,1024,4096,550,model.layers.25.self_attn.v_proj.weight,"[1024,4096]",config+architecture,
models--Qwen--Qwen3-8B,554,decode_step,25,model.layers.25.self_attn.qk,batched_matmul,B*QH,1,KV,128,551;552,,,config+architecture,"GQA QH=32, KVH=8"
models--Qwen--Qwen3-8B,555,decode_step,25,model.layers.25.self_attn.pv,batched_matmul,B*QH,1,128,KV,554;553,,,config+architecture,softmax/mask is a non-matmul dependency bridge
models--Qwen--Qwen3-8B,556,decode_step,25,model.layers.25.self_attn.o_proj,linear,,B,4096,4096,555,model.layers.25.self_attn.o_proj.weight,"[4096,4096]",config+architecture,
models--Qwen--Qwen3-8B,557,decode_step,25,model.layers.25.mlp.gate_proj,linear,,B,12288,4096,556,model.layers.25.mlp.gate_proj.weight,"[12288,4096]",config+architecture,
models--Qwen--Qwen3-8B,558,decode_step,25,model.layers.25.mlp.up_proj,linear,,B,12288,4096,556,model.layers.25.mlp.up_proj.weight,"[12288,4096]",config+architecture,
models--Qwen--Qwen3-8B,559,decode_step,25,model.layers.25.mlp.down_proj,linear,,B,4096,12288,557;558,model.layers.25.mlp.down_proj.weight,"[4096,12288]",config+architecture,SiLU(gate)*up precedes this GEMM
models--Qwen--Qwen3-8B,560,decode_step,26,model.layers.26.self_attn.q_proj,linear,,B,4096,4096,559,model.layers.26.self_attn.q_proj.weight,"[4096,4096]",config+architecture,
models--Qwen--Qwen3-8B,561,decode_step,26,model.layers.26.self_attn.k_proj,linear,,B,1024,4096,559,model.layers.26.self_attn.k_proj.weight,"[1024,4096]",config+architecture,
models--Qwen--Qwen3-8B,562,decode_step,26,model.layers.26.self_attn.v_proj,linear,,B,1024,4096,559,model.layers.26.self_attn.v_proj.weight,"[1024,4096]",config+architecture,
models--Qwen--Qwen3-8B,563,decode_step,26,model.layers.26.self_attn.qk,batched_matmul,B*QH,1,KV,128,560;561,,,config+architecture,"GQA QH=32, KVH=8"
models--Qwen--Qwen3-8B,564,decode_step,26,model.layers.26.self_attn.pv,batched_matmul,B*QH,1,128,KV,563;562,,,config+architecture,softmax/mask is a non-matmul dependency bridge
models--Qwen--Qwen3-8B,565,decode_step,26,model.layers.26.self_attn.o_proj,linear,,B,4096,4096,564,model.layers.26.self_attn.o_proj.weight,"[4096,4096]",config+architecture,
models--Qwen--Qwen3-8B,566,decode_step,26,model.layers.26.mlp.gate_proj,linear,,B,12288,4096,565,model.layers.26.mlp.gate_proj.weight,"[12288,4096]",config+architecture,
models--Qwen--Qwen3-8B,567,decode_step,26,model.layers.26.mlp.up_proj,linear,,B,12288,4096,565,model.layers.26.mlp.up_proj.weight,"[12288,4096]",config+architecture,
models--Qwen--Qwen3-8B,568,decode_step,26,model.layers.26.mlp.down_proj,linear,,B,4096,12288,566;567,model.layers.26.mlp.down_proj.weight,"[4096,12288]",config+architecture,SiLU(gate)*up precedes this GEMM
models--Qwen--Qwen3-8B,569,decode_step,27,model.layers.27.self_attn.q_proj,linear,,B,4096,4096,568,model.layers.27.self_attn.q_proj.weight,"[4096,4096]",config+architecture,
models--Qwen--Qwen3-8B,570,decode_step,27,model.layers.27.self_attn.k_proj,linear,,B,1024,4096,568,model.layers.27.self_attn.k_proj.weight,"[1024,4096]",config+architecture,
models--Qwen--Qwen3-8B,571,decode_step,27,model.layers.27.self_attn.v_proj,linear,,B,1024,4096,568,model.layers.27.self_attn.v_proj.weight,"[1024,4096]",config+architecture,
models--Qwen--Qwen3-8B,572,decode_step,27,model.layers.27.self_attn.qk,batched_matmul,B*QH,1,KV,128,569;570,,,config+architecture,"GQA QH=32, KVH=8"
models--Qwen--Qwen3-8B,573,decode_step,27,model.layers.27.self_attn.pv,batched_matmul,B*QH,1,128,KV,572;571,,,config+architecture,softmax/mask is a non-matmul dependency bridge
models--Qwen--Qwen3-8B,574,decode_step,27,model.layers.27.self_attn.o_proj,linear,,B,4096,4096,573,model.layers.27.self_attn.o_proj.weight,"[4096,4096]",config+architecture,
models--Qwen--Qwen3-8B,575,decode_step,27,model.layers.27.mlp.gate_proj,linear,,B,12288,4096,574,model.layers.27.mlp.gate_proj.weight,"[12288,4096]",config+architecture,
models--Qwen--Qwen3-8B,576,decode_step,27,model.layers.27.mlp.up_proj,linear,,B,12288,4096,574,model.layers.27.mlp.up_proj.weight,"[12288,4096]",config+architecture,
models--Qwen--Qwen3-8B,577,decode_step,27,model.layers.27.mlp.down_proj,linear,,B,4096,12288,575;576,model.layers.27.mlp.down_proj.weight,"[4096,12288]",config+architecture,SiLU(gate)*up precedes this GEMM
models--Qwen--Qwen3-8B,578,decode_step,28,model.layers.28.self_attn.q_proj,linear,,B,4096,4096,577,model.layers.28.self_attn.q_proj.weight,"[4096,4096]",config+architecture,
models--Qwen--Qwen3-8B,579,decode_step,28,model.layers.28.self_attn.k_proj,linear,,B,1024,4096,577,model.layers.28.self_attn.k_proj.weight,"[1024,4096]",config+architecture,
models--Qwen--Qwen3-8B,580,decode_step,28,model.layers.28.self_attn.v_proj,linear,,B,1024,4096,577,model.layers.28.self_attn.v_proj.weight,"[1024,4096]",config+architecture,
models--Qwen--Qwen3-8B,581,decode_step,28,model.layers.28.self_attn.qk,batched_matmul,B*QH,1,KV,128,578;579,,,config+architecture,"GQA QH=32, KVH=8"
models--Qwen--Qwen3-8B,582,decode_step,28,model.layers.28.self_attn.pv,batched_matmul,B*QH,1,128,KV,581;580,,,config+architecture,softmax/mask is a non-matmul dependency bridge
models--Qwen--Qwen3-8B,583,decode_step,28,model.layers.28.self_attn.o_proj,linear,,B,4096,4096,582,model.layers.28.self_attn.o_proj.weight,"[4096,4096]",config+architecture,
models--Qwen--Qwen3-8B,584,decode_step,28,model.layers.28.mlp.gate_proj,linear,,B,12288,4096,583,model.layers.28.mlp.gate_proj.weight,"[12288,4096]",config+architecture,
models--Qwen--Qwen3-8B,585,decode_step,28,model.layers.28.mlp.up_proj,linear,,B,12288,4096,583,model.layers.28.mlp.up_proj.weight,"[12288,4096]",config+architecture,
models--Qwen--Qwen3-8B,586,decode_step,28,model.layers.28.mlp.down_proj,linear,,B,4096,12288,584;585,model.layers.28.mlp.down_proj.weight,"[4096,12288]",config+architecture,SiLU(gate)*up precedes this GEMM
models--Qwen--Qwen3-8B,587,decode_step,29,model.layers.29.self_attn.q_proj,linear,,B,4096,4096,586,model.layers.29.self_attn.q_proj.weight,"[4096,4096]",config+architecture,
models--Qwen--Qwen3-8B,588,decode_step,29,model.layers.29.self_attn.k_proj,linear,,B,1024,4096,586,model.layers.29.self_attn.k_proj.weight,"[1024,4096]",config+architecture,
models--Qwen--Qwen3-8B,589,decode_step,29,model.layers.29.self_attn.v_proj,linear,,B,1024,4096,586,model.layers.29.self_attn.v_proj.weight,"[1024,4096]",config+architecture,
models--Qwen--Qwen3-8B,590,decode_step,29,model.layers.29.self_attn.qk,batched_matmul,B*QH,1,KV,128,587;588,,,config+architecture,"GQA QH=32, KVH=8"
models--Qwen--Qwen3-8B,591,decode_step,29,model.layers.29.self_attn.pv,batched_matmul,B*QH,1,128,KV,590;589,,,config+architecture,softmax/mask is a non-matmul dependency bridge
models--Qwen--Qwen3-8B,592,decode_step,29,model.layers.29.self_attn.o_proj,linear,,B,4096,4096,591,model.layers.29.self_attn.o_proj.weight,"[4096,4096]",config+architecture,
models--Qwen--Qwen3-8B,593,decode_step,29,model.layers.29.mlp.gate_proj,linear,,B,12288,4096,592,model.layers.29.mlp.gate_proj.weight,"[12288,4096]",config+architecture,
models--Qwen--Qwen3-8B,594,decode_step,29,model.layers.29.mlp.up_proj,linear,,B,12288,4096,592,model.layers.29.mlp.up_proj.weight,"[12288,4096]",config+architecture,
models--Qwen--Qwen3-8B,595,decode_step,29,model.layers.29.mlp.down_proj,linear,,B,4096,12288,593;594,model.layers.29.mlp.down_proj.weight,"[4096,12288]",config+architecture,SiLU(gate)*up precedes this GEMM
models--Qwen--Qwen3-8B,596,decode_step,30,model.layers.30.self_attn.q_proj,linear,,B,4096,4096,595,model.layers.30.self_attn.q_proj.weight,"[4096,4096]",config+architecture,
models--Qwen--Qwen3-8B,597,decode_step,30,model.layers.30.self_attn.k_proj,linear,,B,1024,4096,595,model.layers.30.self_attn.k_proj.weight,"[1024,4096]",config+architecture,
models--Qwen--Qwen3-8B,598,decode_step,30,model.layers.30.self_attn.v_proj,linear,,B,1024,4096,595,model.layers.30.self_attn.v_proj.weight,"[1024,4096]",config+architecture,
models--Qwen--Qwen3-8B,599,decode_step,30,model.layers.30.self_attn.qk,batched_matmul,B*QH,1,KV,128,596;597,,,config+architecture,"GQA QH=32, KVH=8"
models--Qwen--Qwen3-8B,600,decode_step,30,model.layers.30.self_attn.pv,batched_matmul,B*QH,1,128,KV,599;598,,,config+architecture,softmax/mask is a non-matmul dependency bridge
models--Qwen--Qwen3-8B,601,decode_step,30,model.layers.30.self_attn.o_proj,linear,,B,4096,4096,600,model.layers.30.self_attn.o_proj.weight,"[4096,4096]",config+architecture,
models--Qwen--Qwen3-8B,602,decode_step,30,model.layers.30.mlp.gate_proj,linear,,B,12288,4096,601,model.layers.30.mlp.gate_proj.weight,"[12288,4096]",config+architecture,
models--Qwen--Qwen3-8B,603,decode_step,30,model.layers.30.mlp.up_proj,linear,,B,12288,4096,601,model.layers.30.mlp.up_proj.weight,"[12288,4096]",config+architecture,
models--Qwen--Qwen3-8B,604,decode_step,30,model.layers.30.mlp.down_proj,linear,,B,4096,12288,602;603,model.layers.30.mlp.down_proj.weight,"[4096,12288]",config+architecture,SiLU(gate)*up precedes this GEMM
models--Qwen--Qwen3-8B,605,decode_step,31,model.layers.31.self_attn.q_proj,linear,,B,4096,4096,604,model.layers.31.self_attn.q_proj.weight,"[4096,4096]",config+architecture,
models--Qwen--Qwen3-8B,606,decode_step,31,model.layers.31.self_attn.k_proj,linear,,B,1024,4096,604,model.layers.31.self_attn.k_proj.weight,"[1024,4096]",config+architecture,
models--Qwen--Qwen3-8B,607,decode_step,31,model.layers.31.self_attn.v_proj,linear,,B,1024,4096,604,model.layers.31.self_attn.v_proj.weight,"[1024,4096]",config+architecture,
models--Qwen--Qwen3-8B,608,decode_step,31,model.layers.31.self_attn.qk,batched_matmul,B*QH,1,KV,128,605;606,,,config+architecture,"GQA QH=32, KVH=8"
models--Qwen--Qwen3-8B,609,decode_step,31,model.layers.31.self_attn.pv,batched_matmul,B*QH,1,128,KV,608;607,,,config+architecture,softmax/mask is a non-matmul dependency bridge
models--Qwen--Qwen3-8B,610,decode_step,31,model.layers.31.self_attn.o_proj,linear,,B,4096,4096,609,model.layers.31.self_attn.o_proj.weight,"[4096,4096]",config+architecture,
models--Qwen--Qwen3-8B,611,decode_step,31,model.layers.31.mlp.gate_proj,linear,,B,12288,4096,610,model.layers.31.mlp.gate_proj.weight,"[12288,4096]",config+architecture,
models--Qwen--Qwen3-8B,612,decode_step,31,model.layers.31.mlp.up_proj,linear,,B,12288,4096,610,model.layers.31.mlp.up_proj.weight,"[12288,4096]",config+architecture,
models--Qwen--Qwen3-8B,613,decode_step,31,model.layers.31.mlp.down_proj,linear,,B,4096,12288,611;612,model.layers.31.mlp.down_proj.weight,"[4096,12288]",config+architecture,SiLU(gate)*up precedes this GEMM
models--Qwen--Qwen3-8B,614,decode_step,32,model.layers.32.self_attn.q_proj,linear,,B,4096,4096,613,model.layers.32.self_attn.q_proj.weight,"[4096,4096]",config+architecture,
models--Qwen--Qwen3-8B,615,decode_step,32,model.layers.32.self_attn.k_proj,linear,,B,1024,4096,613,model.layers.32.self_attn.k_proj.weight,"[1024,4096]",config+architecture,
models--Qwen--Qwen3-8B,616,decode_step,32,model.layers.32.self_attn.v_proj,linear,,B,1024,4096,613,model.layers.32.self_attn.v_proj.weight,"[1024,4096]",config+architecture,
models--Qwen--Qwen3-8B,617,decode_step,32,model.layers.32.self_attn.qk,batched_matmul,B*QH,1,KV,128,614;615,,,config+architecture,"GQA QH=32, KVH=8"
models--Qwen--Qwen3-8B,618,decode_step,32,model.layers.32.self_attn.pv,batched_matmul,B*QH,1,128,KV,617;616,,,config+architecture,softmax/mask is a non-matmul dependency bridge
models--Qwen--Qwen3-8B,619,decode_step,32,model.layers.32.self_attn.o_proj,linear,,B,4096,4096,618,model.layers.32.self_attn.o_proj.weight,"[4096,4096]",config+architecture,
models--Qwen--Qwen3-8B,620,decode_step,32,model.layers.32.mlp.gate_proj,linear,,B,12288,4096,619,model.layers.32.mlp.gate_proj.weight,"[12288,4096]",config+architecture,
models--Qwen--Qwen3-8B,621,decode_step,32,model.layers.32.mlp.up_proj,linear,,B,12288,4096,619,model.layers.32.mlp.up_proj.weight,"[12288,4096]",config+architecture,
models--Qwen--Qwen3-8B,622,decode_step,32,model.layers.32.mlp.down_proj,linear,,B,4096,12288,620;621,model.layers.32.mlp.down_proj.weight,"[4096,12288]",config+architecture,SiLU(gate)*up precedes this GEMM
models--Qwen--Qwen3-8B,623,decode_step,33,model.layers.33.self_attn.q_proj,linear,,B,4096,4096,622,model.layers.33.self_attn.q_proj.weight,"[4096,4096]",config+architecture,
models--Qwen--Qwen3-8B,624,decode_step,33,model.layers.33.self_attn.k_proj,linear,,B,1024,4096,622,model.layers.33.self_attn.k_proj.weight,"[1024,4096]",config+architecture,
models--Qwen--Qwen3-8B,625,decode_step,33,model.layers.33.self_attn.v_proj,linear,,B,1024,4096,622,model.layers.33.self_attn.v_proj.weight,"[1024,4096]",config+architecture,
models--Qwen--Qwen3-8B,626,decode_step,33,model.layers.33.self_attn.qk,batched_matmul,B*QH,1,KV,128,623;624,,,config+architecture,"GQA QH=32, KVH=8"
models--Qwen--Qwen3-8B,627,decode_step,33,model.layers.33.self_attn.pv,batched_matmul,B*QH,1,128,KV,626;625,,,config+architecture,softmax/mask is a non-matmul dependency bridge
models--Qwen--Qwen3-8B,628,decode_step,33,model.layers.33.self_attn.o_proj,linear,,B,4096,4096,627,model.layers.33.self_attn.o_proj.weight,"[4096,4096]",config+architecture,
models--Qwen--Qwen3-8B,629,decode_step,33,model.layers.33.mlp.gate_proj,linear,,B,12288,4096,628,model.layers.33.mlp.gate_proj.weight,"[12288,4096]",config+architecture,
models--Qwen--Qwen3-8B,630,decode_step,33,model.layers.33.mlp.up_proj,linear,,B,12288,4096,628,model.layers.33.mlp.up_proj.weight,"[12288,4096]",config+architecture,
models--Qwen--Qwen3-8B,631,decode_step,33,model.layers.33.mlp.down_proj,linear,,B,4096,12288,629;630,model.layers.33.mlp.down_proj.weight,"[4096,12288]",config+architecture,SiLU(gate)*up precedes this GEMM
models--Qwen--Qwen3-8B,632,decode_step,34,model.layers.34.self_attn.q_proj,linear,,B,4096,4096,631,model.layers.34.self_attn.q_proj.weight,"[4096,4096]",config+architecture,
models--Qwen--Qwen3-8B,633,decode_step,34,model.layers.34.self_attn.k_proj,linear,,B,1024,4096,631,model.layers.34.self_attn.k_proj.weight,"[1024,4096]",config+architecture,
models--Qwen--Qwen3-8B,634,decode_step,34,model.layers.34.self_attn.v_proj,linear,,B,1024,4096,631,model.layers.34.self_attn.v_proj.weight,"[1024,4096]",config+architecture,
models--Qwen--Qwen3-8B,635,decode_step,34,model.layers.34.self_attn.qk,batched_matmul,B*QH,1,KV,128,632;633,,,config+architecture,"GQA QH=32, KVH=8"
models--Qwen--Qwen3-8B,636,decode_step,34,model.layers.34.self_attn.pv,batched_matmul,B*QH,1,128,KV,635;634,,,config+architecture,softmax/mask is a non-matmul dependency bridge
models--Qwen--Qwen3-8B,637,decode_step,34,model.layers.34.self_attn.o_proj,linear,,B,4096,4096,636,model.layers.34.self_attn.o_proj.weight,"[4096,4096]",config+architecture,
models--Qwen--Qwen3-8B,638,decode_step,34,model.layers.34.mlp.gate_proj,linear,,B,12288,4096,637,model.layers.34.mlp.gate_proj.weight,"[12288,4096]",config+architecture,
models--Qwen--Qwen3-8B,639,decode_step,34,model.layers.34.mlp.up_proj,linear,,B,12288,4096,637,model.layers.34.mlp.up_proj.weight,"[12288,4096]",config+architecture,
models--Qwen--Qwen3-8B,640,decode_step,34,model.layers.34.mlp.down_proj,linear,,B,4096,12288,638;639,model.layers.34.mlp.down_proj.weight,"[4096,12288]",config+architecture,SiLU(gate)*up precedes this GEMM
models--Qwen--Qwen3-8B,641,decode_step,35,model.layers.35.self_attn.q_proj,linear,,B,4096,4096,640,model.layers.35.self_attn.q_proj.weight,"[4096,4096]",config+architecture,
models--Qwen--Qwen3-8B,642,decode_step,35,model.layers.35.self_attn.k_proj,linear,,B,1024,4096,640,model.layers.35.self_attn.k_proj.weight,"[1024,4096]",config+architecture,
models--Qwen--Qwen3-8B,643,decode_step,35,model.layers.35.self_attn.v_proj,linear,,B,1024,4096,640,model.layers.35.self_attn.v_proj.weight,"[1024,4096]",config+architecture,
models--Qwen--Qwen3-8B,644,decode_step,35,model.layers.35.self_attn.qk,batched_matmul,B*QH,1,KV,128,641;642,,,config+architecture,"GQA QH=32, KVH=8"
models--Qwen--Qwen3-8B,645,decode_step,35,model.layers.35.self_attn.pv,batched_matmul,B*QH,1,128,KV,644;643,,,config+architecture,softmax/mask is a non-matmul dependency bridge
models--Qwen--Qwen3-8B,646,decode_step,35,model.layers.35.self_attn.o_proj,linear,,B,4096,4096,645,model.layers.35.self_attn.o_proj.weight,"[4096,4096]",config+architecture,
models--Qwen--Qwen3-8B,647,decode_step,35,model.layers.35.mlp.gate_proj,linear,,B,12288,4096,646,model.layers.35.mlp.gate_proj.weight,"[12288,4096]",config+architecture,
models--Qwen--Qwen3-8B,648,decode_step,35,model.layers.35.mlp.up_proj,linear,,B,12288,4096,646,model.layers.35.mlp.up_proj.weight,"[12288,4096]",config+architecture,
models--Qwen--Qwen3-8B,649,decode_step,35,model.layers.35.mlp.down_proj,linear,,B,4096,12288,647;648,model.layers.35.mlp.down_proj.weight,"[4096,12288]",config+architecture,SiLU(gate)*up precedes this GEMM
models--Qwen--Qwen3-8B,650,decode_step,output,lm_head,linear,,B,151936,4096,649,lm_head.weight or tied embed_tokens.weight,"[151936,4096]",config+architecture,prefill shape follows full Hugging Face forward; serving runtimes may compute only selected logits
