model,op_id,phase,layer,module,op_kind,batch_dims,M,N,K,deps,weight,weight_shape,provenance,notes
models--Qwen--Qwen3-14B,1,prefill,0,model.layers.0.self_attn.q_proj,linear,,B*S,5120,5120,,model.layers.0.self_attn.q_proj.weight,"[5120,5120]",config+architecture,
models--Qwen--Qwen3-14B,2,prefill,0,model.layers.0.self_attn.k_proj,linear,,B*S,1024,5120,,model.layers.0.self_attn.k_proj.weight,"[1024,5120]",config+architecture,
models--Qwen--Qwen3-14B,3,prefill,0,model.layers.0.self_attn.v_proj,linear,,B*S,1024,5120,,model.layers.0.self_attn.v_proj.weight,"[1024,5120]",config+architecture,
models--Qwen--Qwen3-14B,4,prefill,0,model.layers.0.self_attn.qk,batched_matmul,B*QH,S,S,128,1;2,,,config+architecture,"GQA QH=40, KVH=8"
models--Qwen--Qwen3-14B,5,prefill,0,model.layers.0.self_attn.pv,batched_matmul,B*QH,S,128,S,4;3,,,config+architecture,softmax/mask is a non-matmul dependency bridge
models--Qwen--Qwen3-14B,6,prefill,0,model.layers.0.self_attn.o_proj,linear,,B*S,5120,5120,5,model.layers.0.self_attn.o_proj.weight,"[5120,5120]",config+architecture,
models--Qwen--Qwen3-14B,7,prefill,0,model.layers.0.mlp.gate_proj,linear,,B*S,17408,5120,6,model.layers.0.mlp.gate_proj.weight,"[17408,5120]",config+architecture,
models--Qwen--Qwen3-14B,8,prefill,0,model.layers.0.mlp.up_proj,linear,,B*S,17408,5120,6,model.layers.0.mlp.up_proj.weight,"[17408,5120]",config+architecture,
models--Qwen--Qwen3-14B,9,prefill,0,model.layers.0.mlp.down_proj,linear,,B*S,5120,17408,7;8,model.layers.0.mlp.down_proj.weight,"[5120,17408]",config+architecture,SiLU(gate)*up precedes this GEMM
models--Qwen--Qwen3-14B,10,prefill,1,model.layers.1.self_attn.q_proj,linear,,B*S,5120,5120,9,model.layers.1.self_attn.q_proj.weight,"[5120,5120]",config+architecture,
models--Qwen--Qwen3-14B,11,prefill,1,model.layers.1.self_attn.k_proj,linear,,B*S,1024,5120,9,model.layers.1.self_attn.k_proj.weight,"[1024,5120]",config+architecture,
models--Qwen--Qwen3-14B,12,prefill,1,model.layers.1.self_attn.v_proj,linear,,B*S,1024,5120,9,model.layers.1.self_attn.v_proj.weight,"[1024,5120]",config+architecture,
models--Qwen--Qwen3-14B,13,prefill,1,model.layers.1.self_attn.qk,batched_matmul,B*QH,S,S,128,10;11,,,config+architecture,"GQA QH=40, KVH=8"
models--Qwen--Qwen3-14B,14,prefill,1,model.layers.1.self_attn.pv,batched_matmul,B*QH,S,128,S,13;12,,,config+architecture,softmax/mask is a non-matmul dependency bridge
models--Qwen--Qwen3-14B,15,prefill,1,model.layers.1.self_attn.o_proj,linear,,B*S,5120,5120,14,model.layers.1.self_attn.o_proj.weight,"[5120,5120]",config+architecture,
models--Qwen--Qwen3-14B,16,prefill,1,model.layers.1.mlp.gate_proj,linear,,B*S,17408,5120,15,model.layers.1.mlp.gate_proj.weight,"[17408,5120]",config+architecture,
models--Qwen--Qwen3-14B,17,prefill,1,model.layers.1.mlp.up_proj,linear,,B*S,17408,5120,15,model.layers.1.mlp.up_proj.weight,"[17408,5120]",config+architecture,
models--Qwen--Qwen3-14B,18,prefill,1,model.layers.1.mlp.down_proj,linear,,B*S,5120,17408,16;17,model.layers.1.mlp.down_proj.weight,"[5120,17408]",config+architecture,SiLU(gate)*up precedes this GEMM
models--Qwen--Qwen3-14B,19,prefill,2,model.layers.2.self_attn.q_proj,linear,,B*S,5120,5120,18,model.layers.2.self_attn.q_proj.weight,"[5120,5120]",config+architecture,
models--Qwen--Qwen3-14B,20,prefill,2,model.layers.2.self_attn.k_proj,linear,,B*S,1024,5120,18,model.layers.2.self_attn.k_proj.weight,"[1024,5120]",config+architecture,
models--Qwen--Qwen3-14B,21,prefill,2,model.layers.2.self_attn.v_proj,linear,,B*S,1024,5120,18,model.layers.2.self_attn.v_proj.weight,"[1024,5120]",config+architecture,
models--Qwen--Qwen3-14B,22,prefill,2,model.layers.2.self_attn.qk,batched_matmul,B*QH,S,S,128,19;20,,,config+architecture,"GQA QH=40, KVH=8"
models--Qwen--Qwen3-14B,23,prefill,2,model.layers.2.self_attn.pv,batched_matmul,B*QH,S,128,S,22;21,,,config+architecture,softmax/mask is a non-matmul dependency bridge
models--Qwen--Qwen3-14B,24,prefill,2,model.layers.2.self_attn.o_proj,linear,,B*S,5120,5120,23,model.layers.2.self_attn.o_proj.weight,"[5120,5120]",config+architecture,
models--Qwen--Qwen3-14B,25,prefill,2,model.layers.2.mlp.gate_proj,linear,,B*S,17408,5120,24,model.layers.2.mlp.gate_proj.weight,"[17408,5120]",config+architecture,
models--Qwen--Qwen3-14B,26,prefill,2,model.layers.2.mlp.up_proj,linear,,B*S,17408,5120,24,model.layers.2.mlp.up_proj.weight,"[17408,5120]",config+architecture,
models--Qwen--Qwen3-14B,27,prefill,2,model.layers.2.mlp.down_proj,linear,,B*S,5120,17408,25;26,model.layers.2.mlp.down_proj.weight,"[5120,17408]",config+architecture,SiLU(gate)*up precedes this GEMM
models--Qwen--Qwen3-14B,28,prefill,3,model.layers.3.self_attn.q_proj,linear,,B*S,5120,5120,27,model.layers.3.self_attn.q_proj.weight,"[5120,5120]",config+architecture,
models--Qwen--Qwen3-14B,29,prefill,3,model.layers.3.self_attn.k_proj,linear,,B*S,1024,5120,27,model.layers.3.self_attn.k_proj.weight,"[1024,5120]",config+architecture,
models--Qwen--Qwen3-14B,30,prefill,3,model.layers.3.self_attn.v_proj,linear,,B*S,1024,5120,27,model.layers.3.self_attn.v_proj.weight,"[1024,5120]",config+architecture,
models--Qwen--Qwen3-14B,31,prefill,3,model.layers.3.self_attn.qk,batched_matmul,B*QH,S,S,128,28;29,,,config+architecture,"GQA QH=40, KVH=8"
models--Qwen--Qwen3-14B,32,prefill,3,model.layers.3.self_attn.pv,batched_matmul,B*QH,S,128,S,31;30,,,config+architecture,softmax/mask is a non-matmul dependency bridge
models--Qwen--Qwen3-14B,33,prefill,3,model.layers.3.self_attn.o_proj,linear,,B*S,5120,5120,32,model.layers.3.self_attn.o_proj.weight,"[5120,5120]",config+architecture,
models--Qwen--Qwen3-14B,34,prefill,3,model.layers.3.mlp.gate_proj,linear,,B*S,17408,5120,33,model.layers.3.mlp.gate_proj.weight,"[17408,5120]",config+architecture,
models--Qwen--Qwen3-14B,35,prefill,3,model.layers.3.mlp.up_proj,linear,,B*S,17408,5120,33,model.layers.3.mlp.up_proj.weight,"[17408,5120]",config+architecture,
models--Qwen--Qwen3-14B,36,prefill,3,model.layers.3.mlp.down_proj,linear,,B*S,5120,17408,34;35,model.layers.3.mlp.down_proj.weight,"[5120,17408]",config+architecture,SiLU(gate)*up precedes this GEMM
models--Qwen--Qwen3-14B,37,prefill,4,model.layers.4.self_attn.q_proj,linear,,B*S,5120,5120,36,model.layers.4.self_attn.q_proj.weight,"[5120,5120]",config+architecture,
models--Qwen--Qwen3-14B,38,prefill,4,model.layers.4.self_attn.k_proj,linear,,B*S,1024,5120,36,model.layers.4.self_attn.k_proj.weight,"[1024,5120]",config+architecture,
models--Qwen--Qwen3-14B,39,prefill,4,model.layers.4.self_attn.v_proj,linear,,B*S,1024,5120,36,model.layers.4.self_attn.v_proj.weight,"[1024,5120]",config+architecture,
models--Qwen--Qwen3-14B,40,prefill,4,model.layers.4.self_attn.qk,batched_matmul,B*QH,S,S,128,37;38,,,config+architecture,"GQA QH=40, KVH=8"
models--Qwen--Qwen3-14B,41,prefill,4,model.layers.4.self_attn.pv,batched_matmul,B*QH,S,128,S,40;39,,,config+architecture,softmax/mask is a non-matmul dependency bridge
models--Qwen--Qwen3-14B,42,prefill,4,model.layers.4.self_attn.o_proj,linear,,B*S,5120,5120,41,model.layers.4.self_attn.o_proj.weight,"[5120,5120]",config+architecture,
models--Qwen--Qwen3-14B,43,prefill,4,model.layers.4.mlp.gate_proj,linear,,B*S,17408,5120,42,model.layers.4.mlp.gate_proj.weight,"[17408,5120]",config+architecture,
models--Qwen--Qwen3-14B,44,prefill,4,model.layers.4.mlp.up_proj,linear,,B*S,17408,5120,42,model.layers.4.mlp.up_proj.weight,"[17408,5120]",config+architecture,
models--Qwen--Qwen3-14B,45,prefill,4,model.layers.4.mlp.down_proj,linear,,B*S,5120,17408,43;44,model.layers.4.mlp.down_proj.weight,"[5120,17408]",config+architecture,SiLU(gate)*up precedes this GEMM
models--Qwen--Qwen3-14B,46,prefill,5,model.layers.5.self_attn.q_proj,linear,,B*S,5120,5120,45,model.layers.5.self_attn.q_proj.weight,"[5120,5120]",config+architecture,
models--Qwen--Qwen3-14B,47,prefill,5,model.layers.5.self_attn.k_proj,linear,,B*S,1024,5120,45,model.layers.5.self_attn.k_proj.weight,"[1024,5120]",config+architecture,
models--Qwen--Qwen3-14B,48,prefill,5,model.layers.5.self_attn.v_proj,linear,,B*S,1024,5120,45,model.layers.5.self_attn.v_proj.weight,"[1024,5120]",config+architecture,
models--Qwen--Qwen3-14B,49,prefill,5,model.layers.5.self_attn.qk,batched_matmul,B*QH,S,S,128,46;47,,,config+architecture,"GQA QH=40, KVH=8"
models--Qwen--Qwen3-14B,50,prefill,5,model.layers.5.self_attn.pv,batched_matmul,B*QH,S,128,S,49;48,,,config+architecture,softmax/mask is a non-matmul dependency bridge
models--Qwen--Qwen3-14B,51,prefill,5,model.layers.5.self_attn.o_proj,linear,,B*S,5120,5120,50,model.layers.5.self_attn.o_proj.weight,"[5120,5120]",config+architecture,
models--Qwen--Qwen3-14B,52,prefill,5,model.layers.5.mlp.gate_proj,linear,,B*S,17408,5120,51,model.layers.5.mlp.gate_proj.weight,"[17408,5120]",config+architecture,
models--Qwen--Qwen3-14B,53,prefill,5,model.layers.5.mlp.up_proj,linear,,B*S,17408,5120,51,model.layers.5.mlp.up_proj.weight,"[17408,5120]",config+architecture,
models--Qwen--Qwen3-14B,54,prefill,5,model.layers.5.mlp.down_proj,linear,,B*S,5120,17408,52;53,model.layers.5.mlp.down_proj.weight,"[5120,17408]",config+architecture,SiLU(gate)*up precedes this GEMM
models--Qwen--Qwen3-14B,55,prefill,6,model.layers.6.self_attn.q_proj,linear,,B*S,5120,5120,54,model.layers.6.self_attn.q_proj.weight,"[5120,5120]",config+architecture,
models--Qwen--Qwen3-14B,56,prefill,6,model.layers.6.self_attn.k_proj,linear,,B*S,1024,5120,54,model.layers.6.self_attn.k_proj.weight,"[1024,5120]",config+architecture,
models--Qwen--Qwen3-14B,57,prefill,6,model.layers.6.self_attn.v_proj,linear,,B*S,1024,5120,54,model.layers.6.self_attn.v_proj.weight,"[1024,5120]",config+architecture,
models--Qwen--Qwen3-14B,58,prefill,6,model.layers.6.self_attn.qk,batched_matmul,B*QH,S,S,128,55;56,,,config+architecture,"GQA QH=40, KVH=8"
models--Qwen--Qwen3-14B,59,prefill,6,model.layers.6.self_attn.pv,batched_matmul,B*QH,S,128,S,58;57,,,config+architecture,softmax/mask is a non-matmul dependency bridge
models--Qwen--Qwen3-14B,60,prefill,6,model.layers.6.self_attn.o_proj,linear,,B*S,5120,5120,59,model.layers.6.self_attn.o_proj.weight,"[5120,5120]",config+architecture,
models--Qwen--Qwen3-14B,61,prefill,6,model.layers.6.mlp.gate_proj,linear,,B*S,17408,5120,60,model.layers.6.mlp.gate_proj.weight,"[17408,5120]",config+architecture,
models--Qwen--Qwen3-14B,62,prefill,6,model.layers.6.mlp.up_proj,linear,,B*S,17408,5120,60,model.layers.6.mlp.up_proj.weight,"[17408,5120]",config+architecture,
models--Qwen--Qwen3-14B,63,prefill,6,model.layers.6.mlp.down_proj,linear,,B*S,5120,17408,61;62,model.layers.6.mlp.down_proj.weight,"[5120,17408]",config+architecture,SiLU(gate)*up precedes this GEMM
models--Qwen--Qwen3-14B,64,prefill,7,model.layers.7.self_attn.q_proj,linear,,B*S,5120,5120,63,model.layers.7.self_attn.q_proj.weight,"[5120,5120]",config+architecture,
models--Qwen--Qwen3-14B,65,prefill,7,model.layers.7.self_attn.k_proj,linear,,B*S,1024,5120,63,model.layers.7.self_attn.k_proj.weight,"[1024,5120]",config+architecture,
models--Qwen--Qwen3-14B,66,prefill,7,model.layers.7.self_attn.v_proj,linear,,B*S,1024,5120,63,model.layers.7.self_attn.v_proj.weight,"[1024,5120]",config+architecture,
models--Qwen--Qwen3-14B,67,prefill,7,model.layers.7.self_attn.qk,batched_matmul,B*QH,S,S,128,64;65,,,config+architecture,"GQA QH=40, KVH=8"
models--Qwen--Qwen3-14B,68,prefill,7,model.layers.7.self_attn.pv,batched_matmul,B*QH,S,128,S,67;66,,,config+architecture,softmax/mask is a non-matmul dependency bridge
models--Qwen--Qwen3-14B,69,prefill,7,model.layers.7.self_attn.o_proj,linear,,B*S,5120,5120,68,model.layers.7.self_attn.o_proj.weight,"[5120,5120]",config+architecture,
models--Qwen--Qwen3-14B,70,prefill,7,model.layers.7.mlp.gate_proj,linear,,B*S,17408,5120,69,model.layers.7.mlp.gate_proj.weight,"[17408,5120]",config+architecture,
models--Qwen--Qwen3-14B,71,prefill,7,model.layers.7.mlp.up_proj,linear,,B*S,17408,5120,69,model.layers.7.mlp.up_proj.weight,"[17408,5120]",config+architecture,
models--Qwen--Qwen3-14B,72,prefill,7,model.layers.7.mlp.down_proj,linear,,B*S,5120,17408,70;71,model.layers.7.mlp.down_proj.weight,"[5120,17408]",config+architecture,SiLU(gate)*up precedes this GEMM
models--Qwen--Qwen3-14B,73,prefill,8,model.layers.8.self_attn.q_proj,linear,,B*S,5120,5120,72,model.layers.8.self_attn.q_proj.weight,"[5120,5120]",config+architecture,
models--Qwen--Qwen3-14B,74,prefill,8,model.layers.8.self_attn.k_proj,linear,,B*S,1024,5120,72,model.layers.8.self_attn.k_proj.weight,"[1024,5120]",config+architecture,
models--Qwen--Qwen3-14B,75,prefill,8,model.layers.8.self_attn.v_proj,linear,,B*S,1024,5120,72,model.layers.8.self_attn.v_proj.weight,"[1024,5120]",config+architecture,
models--Qwen--Qwen3-14B,76,prefill,8,model.layers.8.self_attn.qk,batched_matmul,B*QH,S,S,128,73;74,,,config+architecture,"GQA QH=40, KVH=8"
models--Qwen--Qwen3-14B,77,prefill,8,model.layers.8.self_attn.pv,batched_matmul,B*QH,S,128,S,76;75,,,config+architecture,softmax/mask is a non-matmul dependency bridge
models--Qwen--Qwen3-14B,78,prefill,8,model.layers.8.self_attn.o_proj,linear,,B*S,5120,5120,77,model.layers.8.self_attn.o_proj.weight,"[5120,5120]",config+architecture,
models--Qwen--Qwen3-14B,79,prefill,8,model.layers.8.mlp.gate_proj,linear,,B*S,17408,5120,78,model.layers.8.mlp.gate_proj.weight,"[17408,5120]",config+architecture,
models--Qwen--Qwen3-14B,80,prefill,8,model.layers.8.mlp.up_proj,linear,,B*S,17408,5120,78,model.layers.8.mlp.up_proj.weight,"[17408,5120]",config+architecture,
models--Qwen--Qwen3-14B,81,prefill,8,model.layers.8.mlp.down_proj,linear,,B*S,5120,17408,79;80,model.layers.8.mlp.down_proj.weight,"[5120,17408]",config+architecture,SiLU(gate)*up precedes this GEMM
models--Qwen--Qwen3-14B,82,prefill,9,model.layers.9.self_attn.q_proj,linear,,B*S,5120,5120,81,model.layers.9.self_attn.q_proj.weight,"[5120,5120]",config+architecture,
models--Qwen--Qwen3-14B,83,prefill,9,model.layers.9.self_attn.k_proj,linear,,B*S,1024,5120,81,model.layers.9.self_attn.k_proj.weight,"[1024,5120]",config+architecture,
models--Qwen--Qwen3-14B,84,prefill,9,model.layers.9.self_attn.v_proj,linear,,B*S,1024,5120,81,model.layers.9.self_attn.v_proj.weight,"[1024,5120]",config+architecture,
models--Qwen--Qwen3-14B,85,prefill,9,model.layers.9.self_attn.qk,batched_matmul,B*QH,S,S,128,82;83,,,config+architecture,"GQA QH=40, KVH=8"
models--Qwen--Qwen3-14B,86,prefill,9,model.layers.9.self_attn.pv,batched_matmul,B*QH,S,128,S,85;84,,,config+architecture,softmax/mask is a non-matmul dependency bridge
models--Qwen--Qwen3-14B,87,prefill,9,model.layers.9.self_attn.o_proj,linear,,B*S,5120,5120,86,model.layers.9.self_attn.o_proj.weight,"[5120,5120]",config+architecture,
models--Qwen--Qwen3-14B,88,prefill,9,model.layers.9.mlp.gate_proj,linear,,B*S,17408,5120,87,model.layers.9.mlp.gate_proj.weight,"[17408,5120]",config+architecture,
models--Qwen--Qwen3-14B,89,prefill,9,model.layers.9.mlp.up_proj,linear,,B*S,17408,5120,87,model.layers.9.mlp.up_proj.weight,"[17408,5120]",config+architecture,
models--Qwen--Qwen3-14B,90,prefill,9,model.layers.9.mlp.down_proj,linear,,B*S,5120,17408,88;89,model.layers.9.mlp.down_proj.weight,"[5120,17408]",config+architecture,SiLU(gate)*up precedes this GEMM
models--Qwen--Qwen3-14B,91,prefill,10,model.layers.10.self_attn.q_proj,linear,,B*S,5120,5120,90,model.layers.10.self_attn.q_proj.weight,"[5120,5120]",config+architecture,
models--Qwen--Qwen3-14B,92,prefill,10,model.layers.10.self_attn.k_proj,linear,,B*S,1024,5120,90,model.layers.10.self_attn.k_proj.weight,"[1024,5120]",config+architecture,
models--Qwen--Qwen3-14B,93,prefill,10,model.layers.10.self_attn.v_proj,linear,,B*S,1024,5120,90,model.layers.10.self_attn.v_proj.weight,"[1024,5120]",config+architecture,
models--Qwen--Qwen3-14B,94,prefill,10,model.layers.10.self_attn.qk,batched_matmul,B*QH,S,S,128,91;92,,,config+architecture,"GQA QH=40, KVH=8"
models--Qwen--Qwen3-14B,95,prefill,10,model.layers.10.self_attn.pv,batched_matmul,B*QH,S,128,S,94;93,,,config+architecture,softmax/mask is a non-matmul dependency bridge
models--Qwen--Qwen3-14B,96,prefill,10,model.layers.10.self_attn.o_proj,linear,,B*S,5120,5120,95,model.layers.10.self_attn.o_proj.weight,"[5120,5120]",config+architecture,
models--Qwen--Qwen3-14B,97,prefill,10,model.layers.10.mlp.gate_proj,linear,,B*S,17408,5120,96,model.layers.10.mlp.gate_proj.weight,"[17408,5120]",config+architecture,
models--Qwen--Qwen3-14B,98,prefill,10,model.layers.10.mlp.up_proj,linear,,B*S,17408,5120,96,model.layers.10.mlp.up_proj.weight,"[17408,5120]",config+architecture,
models--Qwen--Qwen3-14B,99,prefill,10,model.layers.10.mlp.down_proj,linear,,B*S,5120,17408,97;98,model.layers.10.mlp.down_proj.weight,"[5120,17408]",config+architecture,SiLU(gate)*up precedes this GEMM
models--Qwen--Qwen3-14B,100,prefill,11,model.layers.11.self_attn.q_proj,linear,,B*S,5120,5120,99,model.layers.11.self_attn.q_proj.weight,"[5120,5120]",config+architecture,
models--Qwen--Qwen3-14B,101,prefill,11,model.layers.11.self_attn.k_proj,linear,,B*S,1024,5120,99,model.layers.11.self_attn.k_proj.weight,"[1024,5120]",config+architecture,
models--Qwen--Qwen3-14B,102,prefill,11,model.layers.11.self_attn.v_proj,linear,,B*S,1024,5120,99,model.layers.11.self_attn.v_proj.weight,"[1024,5120]",config+architecture,
models--Qwen--Qwen3-14B,103,prefill,11,model.layers.11.self_attn.qk,batched_matmul,B*QH,S,S,128,100;101,,,config+architecture,"GQA QH=40, KVH=8"
models--Qwen--Qwen3-14B,104,prefill,11,model.layers.11.self_attn.pv,batched_matmul,B*QH,S,128,S,103;102,,,config+architecture,softmax/mask is a non-matmul dependency bridge
models--Qwen--Qwen3-14B,105,prefill,11,model.layers.11.self_attn.o_proj,linear,,B*S,5120,5120,104,model.layers.11.self_attn.o_proj.weight,"[5120,5120]",config+architecture,
models--Qwen--Qwen3-14B,106,prefill,11,model.layers.11.mlp.gate_proj,linear,,B*S,17408,5120,105,model.layers.11.mlp.gate_proj.weight,"[17408,5120]",config+architecture,
models--Qwen--Qwen3-14B,107,prefill,11,model.layers.11.mlp.up_proj,linear,,B*S,17408,5120,105,model.layers.11.mlp.up_proj.weight,"[17408,5120]",config+architecture,
models--Qwen--Qwen3-14B,108,prefill,11,model.layers.11.mlp.down_proj,linear,,B*S,5120,17408,106;107,model.layers.11.mlp.down_proj.weight,"[5120,17408]",config+architecture,SiLU(gate)*up precedes this GEMM
models--Qwen--Qwen3-14B,109,prefill,12,model.layers.12.self_attn.q_proj,linear,,B*S,5120,5120,108,model.layers.12.self_attn.q_proj.weight,"[5120,5120]",config+architecture,
models--Qwen--Qwen3-14B,110,prefill,12,model.layers.12.self_attn.k_proj,linear,,B*S,1024,5120,108,model.layers.12.self_attn.k_proj.weight,"[1024,5120]",config+architecture,
models--Qwen--Qwen3-14B,111,prefill,12,model.layers.12.self_attn.v_proj,linear,,B*S,1024,5120,108,model.layers.12.self_attn.v_proj.weight,"[1024,5120]",config+architecture,
models--Qwen--Qwen3-14B,112,prefill,12,model.layers.12.self_attn.qk,batched_matmul,B*QH,S,S,128,109;110,,,config+architecture,"GQA QH=40, KVH=8"
models--Qwen--Qwen3-14B,113,prefill,12,model.layers.12.self_attn.pv,batched_matmul,B*QH,S,128,S,112;111,,,config+architecture,softmax/mask is a non-matmul dependency bridge
models--Qwen--Qwen3-14B,114,prefill,12,model.layers.12.self_attn.o_proj,linear,,B*S,5120,5120,113,model.layers.12.self_attn.o_proj.weight,"[5120,5120]",config+architecture,
models--Qwen--Qwen3-14B,115,prefill,12,model.layers.12.mlp.gate_proj,linear,,B*S,17408,5120,114,model.layers.12.mlp.gate_proj.weight,"[17408,5120]",config+architecture,
models--Qwen--Qwen3-14B,116,prefill,12,model.layers.12.mlp.up_proj,linear,,B*S,17408,5120,114,model.layers.12.mlp.up_proj.weight,"[17408,5120]",config+architecture,
models--Qwen--Qwen3-14B,117,prefill,12,model.layers.12.mlp.down_proj,linear,,B*S,5120,17408,115;116,model.layers.12.mlp.down_proj.weight,"[5120,17408]",config+architecture,SiLU(gate)*up precedes this GEMM
models--Qwen--Qwen3-14B,118,prefill,13,model.layers.13.self_attn.q_proj,linear,,B*S,5120,5120,117,model.layers.13.self_attn.q_proj.weight,"[5120,5120]",config+architecture,
models--Qwen--Qwen3-14B,119,prefill,13,model.layers.13.self_attn.k_proj,linear,,B*S,1024,5120,117,model.layers.13.self_attn.k_proj.weight,"[1024,5120]",config+architecture,
models--Qwen--Qwen3-14B,120,prefill,13,model.layers.13.self_attn.v_proj,linear,,B*S,1024,5120,117,model.layers.13.self_attn.v_proj.weight,"[1024,5120]",config+architecture,
models--Qwen--Qwen3-14B,121,prefill,13,model.layers.13.self_attn.qk,batched_matmul,B*QH,S,S,128,118;119,,,config+architecture,"GQA QH=40, KVH=8"
models--Qwen--Qwen3-14B,122,prefill,13,model.layers.13.self_attn.pv,batched_matmul,B*QH,S,128,S,121;120,,,config+architecture,softmax/mask is a non-matmul dependency bridge
models--Qwen--Qwen3-14B,123,prefill,13,model.layers.13.self_attn.o_proj,linear,,B*S,5120,5120,122,model.layers.13.self_attn.o_proj.weight,"[5120,5120]",config+architecture,
models--Qwen--Qwen3-14B,124,prefill,13,model.layers.13.mlp.gate_proj,linear,,B*S,17408,5120,123,model.layers.13.mlp.gate_proj.weight,"[17408,5120]",config+architecture,
models--Qwen--Qwen3-14B,125,prefill,13,model.layers.13.mlp.up_proj,linear,,B*S,17408,5120,123,model.layers.13.mlp.up_proj.weight,"[17408,5120]",config+architecture,
models--Qwen--Qwen3-14B,126,prefill,13,model.layers.13.mlp.down_proj,linear,,B*S,5120,17408,124;125,model.layers.13.mlp.down_proj.weight,"[5120,17408]",config+architecture,SiLU(gate)*up precedes this GEMM
models--Qwen--Qwen3-14B,127,prefill,14,model.layers.14.self_attn.q_proj,linear,,B*S,5120,5120,126,model.layers.14.self_attn.q_proj.weight,"[5120,5120]",config+architecture,
models--Qwen--Qwen3-14B,128,prefill,14,model.layers.14.self_attn.k_proj,linear,,B*S,1024,5120,126,model.layers.14.self_attn.k_proj.weight,"[1024,5120]",config+architecture,
models--Qwen--Qwen3-14B,129,prefill,14,model.layers.14.self_attn.v_proj,linear,,B*S,1024,5120,126,model.layers.14.self_attn.v_proj.weight,"[1024,5120]",config+architecture,
models--Qwen--Qwen3-14B,130,prefill,14,model.layers.14.self_attn.qk,batched_matmul,B*QH,S,S,128,127;128,,,config+architecture,"GQA QH=40, KVH=8"
models--Qwen--Qwen3-14B,131,prefill,14,model.layers.14.self_attn.pv,batched_matmul,B*QH,S,128,S,130;129,,,config+architecture,softmax/mask is a non-matmul dependency bridge
models--Qwen--Qwen3-14B,132,prefill,14,model.layers.14.self_attn.o_proj,linear,,B*S,5120,5120,131,model.layers.14.self_attn.o_proj.weight,"[5120,5120]",config+architecture,
models--Qwen--Qwen3-14B,133,prefill,14,model.layers.14.mlp.gate_proj,linear,,B*S,17408,5120,132,model.layers.14.mlp.gate_proj.weight,"[17408,5120]",config+architecture,
models--Qwen--Qwen3-14B,134,prefill,14,model.layers.14.mlp.up_proj,linear,,B*S,17408,5120,132,model.layers.14.mlp.up_proj.weight,"[17408,5120]",config+architecture,
models--Qwen--Qwen3-14B,135,prefill,14,model.layers.14.mlp.down_proj,linear,,B*S,5120,17408,133;134,model.layers.14.mlp.down_proj.weight,"[5120,17408]",config+architecture,SiLU(gate)*up precedes this GEMM
models--Qwen--Qwen3-14B,136,prefill,15,model.layers.15.self_attn.q_proj,linear,,B*S,5120,5120,135,model.layers.15.self_attn.q_proj.weight,"[5120,5120]",config+architecture,
models--Qwen--Qwen3-14B,137,prefill,15,model.layers.15.self_attn.k_proj,linear,,B*S,1024,5120,135,model.layers.15.self_attn.k_proj.weight,"[1024,5120]",config+architecture,
models--Qwen--Qwen3-14B,138,prefill,15,model.layers.15.self_attn.v_proj,linear,,B*S,1024,5120,135,model.layers.15.self_attn.v_proj.weight,"[1024,5120]",config+architecture,
models--Qwen--Qwen3-14B,139,prefill,15,model.layers.15.self_attn.qk,batched_matmul,B*QH,S,S,128,136;137,,,config+architecture,"GQA QH=40, KVH=8"
models--Qwen--Qwen3-14B,140,prefill,15,model.layers.15.self_attn.pv,batched_matmul,B*QH,S,128,S,139;138,,,config+architecture,softmax/mask is a non-matmul dependency bridge
models--Qwen--Qwen3-14B,141,prefill,15,model.layers.15.self_attn.o_proj,linear,,B*S,5120,5120,140,model.layers.15.self_attn.o_proj.weight,"[5120,5120]",config+architecture,
models--Qwen--Qwen3-14B,142,prefill,15,model.layers.15.mlp.gate_proj,linear,,B*S,17408,5120,141,model.layers.15.mlp.gate_proj.weight,"[17408,5120]",config+architecture,
models--Qwen--Qwen3-14B,143,prefill,15,model.layers.15.mlp.up_proj,linear,,B*S,17408,5120,141,model.layers.15.mlp.up_proj.weight,"[17408,5120]",config+architecture,
models--Qwen--Qwen3-14B,144,prefill,15,model.layers.15.mlp.down_proj,linear,,B*S,5120,17408,142;143,model.layers.15.mlp.down_proj.weight,"[5120,17408]",config+architecture,SiLU(gate)*up precedes this GEMM
models--Qwen--Qwen3-14B,145,prefill,16,model.layers.16.self_attn.q_proj,linear,,B*S,5120,5120,144,model.layers.16.self_attn.q_proj.weight,"[5120,5120]",config+architecture,
models--Qwen--Qwen3-14B,146,prefill,16,model.layers.16.self_attn.k_proj,linear,,B*S,1024,5120,144,model.layers.16.self_attn.k_proj.weight,"[1024,5120]",config+architecture,
models--Qwen--Qwen3-14B,147,prefill,16,model.layers.16.self_attn.v_proj,linear,,B*S,1024,5120,144,model.layers.16.self_attn.v_proj.weight,"[1024,5120]",config+architecture,
models--Qwen--Qwen3-14B,148,prefill,16,model.layers.16.self_attn.qk,batched_matmul,B*QH,S,S,128,145;146,,,config+architecture,"GQA QH=40, KVH=8"
models--Qwen--Qwen3-14B,149,prefill,16,model.layers.16.self_attn.pv,batched_matmul,B*QH,S,128,S,148;147,,,config+architecture,softmax/mask is a non-matmul dependency bridge
models--Qwen--Qwen3-14B,150,prefill,16,model.layers.16.self_attn.o_proj,linear,,B*S,5120,5120,149,model.layers.16.self_attn.o_proj.weight,"[5120,5120]",config+architecture,
models--Qwen--Qwen3-14B,151,prefill,16,model.layers.16.mlp.gate_proj,linear,,B*S,17408,5120,150,model.layers.16.mlp.gate_proj.weight,"[17408,5120]",config+architecture,
models--Qwen--Qwen3-14B,152,prefill,16,model.layers.16.mlp.up_proj,linear,,B*S,17408,5120,150,model.layers.16.mlp.up_proj.weight,"[17408,5120]",config+architecture,
models--Qwen--Qwen3-14B,153,prefill,16,model.layers.16.mlp.down_proj,linear,,B*S,5120,17408,151;152,model.layers.16.mlp.down_proj.weight,"[5120,17408]",config+architecture,SiLU(gate)*up precedes this GEMM
models--Qwen--Qwen3-14B,154,prefill,17,model.layers.17.self_attn.q_proj,linear,,B*S,5120,5120,153,model.layers.17.self_attn.q_proj.weight,"[5120,5120]",config+architecture,
models--Qwen--Qwen3-14B,155,prefill,17,model.layers.17.self_attn.k_proj,linear,,B*S,1024,5120,153,model.layers.17.self_attn.k_proj.weight,"[1024,5120]",config+architecture,
models--Qwen--Qwen3-14B,156,prefill,17,model.layers.17.self_attn.v_proj,linear,,B*S,1024,5120,153,model.layers.17.self_attn.v_proj.weight,"[1024,5120]",config+architecture,
models--Qwen--Qwen3-14B,157,prefill,17,model.layers.17.self_attn.qk,batched_matmul,B*QH,S,S,128,154;155,,,config+architecture,"GQA QH=40, KVH=8"
models--Qwen--Qwen3-14B,158,prefill,17,model.layers.17.self_attn.pv,batched_matmul,B*QH,S,128,S,157;156,,,config+architecture,softmax/mask is a non-matmul dependency bridge
models--Qwen--Qwen3-14B,159,prefill,17,model.layers.17.self_attn.o_proj,linear,,B*S,5120,5120,158,model.layers.17.self_attn.o_proj.weight,"[5120,5120]",config+architecture,
models--Qwen--Qwen3-14B,160,prefill,17,model.layers.17.mlp.gate_proj,linear,,B*S,17408,5120,159,model.layers.17.mlp.gate_proj.weight,"[17408,5120]",config+architecture,
models--Qwen--Qwen3-14B,161,prefill,17,model.layers.17.mlp.up_proj,linear,,B*S,17408,5120,159,model.layers.17.mlp.up_proj.weight,"[17408,5120]",config+architecture,
models--Qwen--Qwen3-14B,162,prefill,17,model.layers.17.mlp.down_proj,linear,,B*S,5120,17408,160;161,model.layers.17.mlp.down_proj.weight,"[5120,17408]",config+architecture,SiLU(gate)*up precedes this GEMM
models--Qwen--Qwen3-14B,163,prefill,18,model.layers.18.self_attn.q_proj,linear,,B*S,5120,5120,162,model.layers.18.self_attn.q_proj.weight,"[5120,5120]",config+architecture,
models--Qwen--Qwen3-14B,164,prefill,18,model.layers.18.self_attn.k_proj,linear,,B*S,1024,5120,162,model.layers.18.self_attn.k_proj.weight,"[1024,5120]",config+architecture,
models--Qwen--Qwen3-14B,165,prefill,18,model.layers.18.self_attn.v_proj,linear,,B*S,1024,5120,162,model.layers.18.self_attn.v_proj.weight,"[1024,5120]",config+architecture,
models--Qwen--Qwen3-14B,166,prefill,18,model.layers.18.self_attn.qk,batched_matmul,B*QH,S,S,128,163;164,,,config+architecture,"GQA QH=40, KVH=8"
models--Qwen--Qwen3-14B,167,prefill,18,model.layers.18.self_attn.pv,batched_matmul,B*QH,S,128,S,166;165,,,config+architecture,softmax/mask is a non-matmul dependency bridge
models--Qwen--Qwen3-14B,168,prefill,18,model.layers.18.self_attn.o_proj,linear,,B*S,5120,5120,167,model.layers.18.self_attn.o_proj.weight,"[5120,5120]",config+architecture,
models--Qwen--Qwen3-14B,169,prefill,18,model.layers.18.mlp.gate_proj,linear,,B*S,17408,5120,168,model.layers.18.mlp.gate_proj.weight,"[17408,5120]",config+architecture,
models--Qwen--Qwen3-14B,170,prefill,18,model.layers.18.mlp.up_proj,linear,,B*S,17408,5120,168,model.layers.18.mlp.up_proj.weight,"[17408,5120]",config+architecture,
models--Qwen--Qwen3-14B,171,prefill,18,model.layers.18.mlp.down_proj,linear,,B*S,5120,17408,169;170,model.layers.18.mlp.down_proj.weight,"[5120,17408]",config+architecture,SiLU(gate)*up precedes this GEMM
models--Qwen--Qwen3-14B,172,prefill,19,model.layers.19.self_attn.q_proj,linear,,B*S,5120,5120,171,model.layers.19.self_attn.q_proj.weight,"[5120,5120]",config+architecture,
models--Qwen--Qwen3-14B,173,prefill,19,model.layers.19.self_attn.k_proj,linear,,B*S,1024,5120,171,model.layers.19.self_attn.k_proj.weight,"[1024,5120]",config+architecture,
models--Qwen--Qwen3-14B,174,prefill,19,model.layers.19.self_attn.v_proj,linear,,B*S,1024,5120,171,model.layers.19.self_attn.v_proj.weight,"[1024,5120]",config+architecture,
models--Qwen--Qwen3-14B,175,prefill,19,model.layers.19.self_attn.qk,batched_matmul,B*QH,S,S,128,172;173,,,config+architecture,"GQA QH=40, KVH=8"
models--Qwen--Qwen3-14B,176,prefill,19,model.layers.19.self_attn.pv,batched_matmul,B*QH,S,128,S,175;174,,,config+architecture,softmax/mask is a non-matmul dependency bridge
models--Qwen--Qwen3-14B,177,prefill,19,model.layers.19.self_attn.o_proj,linear,,B*S,5120,5120,176,model.layers.19.self_attn.o_proj.weight,"[5120,5120]",config+architecture,
models--Qwen--Qwen3-14B,178,prefill,19,model.layers.19.mlp.gate_proj,linear,,B*S,17408,5120,177,model.layers.19.mlp.gate_proj.weight,"[17408,5120]",config+architecture,
models--Qwen--Qwen3-14B,179,prefill,19,model.layers.19.mlp.up_proj,linear,,B*S,17408,5120,177,model.layers.19.mlp.up_proj.weight,"[17408,5120]",config+architecture,
models--Qwen--Qwen3-14B,180,prefill,19,model.layers.19.mlp.down_proj,linear,,B*S,5120,17408,178;179,model.layers.19.mlp.down_proj.weight,"[5120,17408]",config+architecture,SiLU(gate)*up precedes this GEMM
models--Qwen--Qwen3-14B,181,prefill,20,model.layers.20.self_attn.q_proj,linear,,B*S,5120,5120,180,model.layers.20.self_attn.q_proj.weight,"[5120,5120]",config+architecture,
models--Qwen--Qwen3-14B,182,prefill,20,model.layers.20.self_attn.k_proj,linear,,B*S,1024,5120,180,model.layers.20.self_attn.k_proj.weight,"[1024,5120]",config+architecture,
models--Qwen--Qwen3-14B,183,prefill,20,model.layers.20.self_attn.v_proj,linear,,B*S,1024,5120,180,model.layers.20.self_attn.v_proj.weight,"[1024,5120]",config+architecture,
models--Qwen--Qwen3-14B,184,prefill,20,model.layers.20.self_attn.qk,batched_matmul,B*QH,S,S,128,181;182,,,config+architecture,"GQA QH=40, KVH=8"
models--Qwen--Qwen3-14B,185,prefill,20,model.layers.20.self_attn.pv,batched_matmul,B*QH,S,128,S,184;183,,,config+architecture,softmax/mask is a non-matmul dependency bridge
models--Qwen--Qwen3-14B,186,prefill,20,model.layers.20.self_attn.o_proj,linear,,B*S,5120,5120,185,model.layers.20.self_attn.o_proj.weight,"[5120,5120]",config+architecture,
models--Qwen--Qwen3-14B,187,prefill,20,model.layers.20.mlp.gate_proj,linear,,B*S,17408,5120,186,model.layers.20.mlp.gate_proj.weight,"[17408,5120]",config+architecture,
models--Qwen--Qwen3-14B,188,prefill,20,model.layers.20.mlp.up_proj,linear,,B*S,17408,5120,186,model.layers.20.mlp.up_proj.weight,"[17408,5120]",config+architecture,
models--Qwen--Qwen3-14B,189,prefill,20,model.layers.20.mlp.down_proj,linear,,B*S,5120,17408,187;188,model.layers.20.mlp.down_proj.weight,"[5120,17408]",config+architecture,SiLU(gate)*up precedes this GEMM
models--Qwen--Qwen3-14B,190,prefill,21,model.layers.21.self_attn.q_proj,linear,,B*S,5120,5120,189,model.layers.21.self_attn.q_proj.weight,"[5120,5120]",config+architecture,
models--Qwen--Qwen3-14B,191,prefill,21,model.layers.21.self_attn.k_proj,linear,,B*S,1024,5120,189,model.layers.21.self_attn.k_proj.weight,"[1024,5120]",config+architecture,
models--Qwen--Qwen3-14B,192,prefill,21,model.layers.21.self_attn.v_proj,linear,,B*S,1024,5120,189,model.layers.21.self_attn.v_proj.weight,"[1024,5120]",config+architecture,
models--Qwen--Qwen3-14B,193,prefill,21,model.layers.21.self_attn.qk,batched_matmul,B*QH,S,S,128,190;191,,,config+architecture,"GQA QH=40, KVH=8"
models--Qwen--Qwen3-14B,194,prefill,21,model.layers.21.self_attn.pv,batched_matmul,B*QH,S,128,S,193;192,,,config+architecture,softmax/mask is a non-matmul dependency bridge
models--Qwen--Qwen3-14B,195,prefill,21,model.layers.21.self_attn.o_proj,linear,,B*S,5120,5120,194,model.layers.21.self_attn.o_proj.weight,"[5120,5120]",config+architecture,
models--Qwen--Qwen3-14B,196,prefill,21,model.layers.21.mlp.gate_proj,linear,,B*S,17408,5120,195,model.layers.21.mlp.gate_proj.weight,"[17408,5120]",config+architecture,
models--Qwen--Qwen3-14B,197,prefill,21,model.layers.21.mlp.up_proj,linear,,B*S,17408,5120,195,model.layers.21.mlp.up_proj.weight,"[17408,5120]",config+architecture,
models--Qwen--Qwen3-14B,198,prefill,21,model.layers.21.mlp.down_proj,linear,,B*S,5120,17408,196;197,model.layers.21.mlp.down_proj.weight,"[5120,17408]",config+architecture,SiLU(gate)*up precedes this GEMM
models--Qwen--Qwen3-14B,199,prefill,22,model.layers.22.self_attn.q_proj,linear,,B*S,5120,5120,198,model.layers.22.self_attn.q_proj.weight,"[5120,5120]",config+architecture,
models--Qwen--Qwen3-14B,200,prefill,22,model.layers.22.self_attn.k_proj,linear,,B*S,1024,5120,198,model.layers.22.self_attn.k_proj.weight,"[1024,5120]",config+architecture,
models--Qwen--Qwen3-14B,201,prefill,22,model.layers.22.self_attn.v_proj,linear,,B*S,1024,5120,198,model.layers.22.self_attn.v_proj.weight,"[1024,5120]",config+architecture,
models--Qwen--Qwen3-14B,202,prefill,22,model.layers.22.self_attn.qk,batched_matmul,B*QH,S,S,128,199;200,,,config+architecture,"GQA QH=40, KVH=8"
models--Qwen--Qwen3-14B,203,prefill,22,model.layers.22.self_attn.pv,batched_matmul,B*QH,S,128,S,202;201,,,config+architecture,softmax/mask is a non-matmul dependency bridge
models--Qwen--Qwen3-14B,204,prefill,22,model.layers.22.self_attn.o_proj,linear,,B*S,5120,5120,203,model.layers.22.self_attn.o_proj.weight,"[5120,5120]",config+architecture,
models--Qwen--Qwen3-14B,205,prefill,22,model.layers.22.mlp.gate_proj,linear,,B*S,17408,5120,204,model.layers.22.mlp.gate_proj.weight,"[17408,5120]",config+architecture,
models--Qwen--Qwen3-14B,206,prefill,22,model.layers.22.mlp.up_proj,linear,,B*S,17408,5120,204,model.layers.22.mlp.up_proj.weight,"[17408,5120]",config+architecture,
models--Qwen--Qwen3-14B,207,prefill,22,model.layers.22.mlp.down_proj,linear,,B*S,5120,17408,205;206,model.layers.22.mlp.down_proj.weight,"[5120,17408]",config+architecture,SiLU(gate)*up precedes this GEMM
models--Qwen--Qwen3-14B,208,prefill,23,model.layers.23.self_attn.q_proj,linear,,B*S,5120,5120,207,model.layers.23.self_attn.q_proj.weight,"[5120,5120]",config+architecture,
models--Qwen--Qwen3-14B,209,prefill,23,model.layers.23.self_attn.k_proj,linear,,B*S,1024,5120,207,model.layers.23.self_attn.k_proj.weight,"[1024,5120]",config+architecture,
models--Qwen--Qwen3-14B,210,prefill,23,model.layers.23.self_attn.v_proj,linear,,B*S,1024,5120,207,model.layers.23.self_attn.v_proj.weight,"[1024,5120]",config+architecture,
models--Qwen--Qwen3-14B,211,prefill,23,model.layers.23.self_attn.qk,batched_matmul,B*QH,S,S,128,208;209,,,config+architecture,"GQA QH=40, KVH=8"
models--Qwen--Qwen3-14B,212,prefill,23,model.layers.23.self_attn.pv,batched_matmul,B*QH,S,128,S,211;210,,,config+architecture,softmax/mask is a non-matmul dependency bridge
models--Qwen--Qwen3-14B,213,prefill,23,model.layers.23.self_attn.o_proj,linear,,B*S,5120,5120,212,model.layers.23.self_attn.o_proj.weight,"[5120,5120]",config+architecture,
models--Qwen--Qwen3-14B,214,prefill,23,model.layers.23.mlp.gate_proj,linear,,B*S,17408,5120,213,model.layers.23.mlp.gate_proj.weight,"[17408,5120]",config+architecture,
models--Qwen--Qwen3-14B,215,prefill,23,model.layers.23.mlp.up_proj,linear,,B*S,17408,5120,213,model.layers.23.mlp.up_proj.weight,"[17408,5120]",config+architecture,
models--Qwen--Qwen3-14B,216,prefill,23,model.layers.23.mlp.down_proj,linear,,B*S,5120,17408,214;215,model.layers.23.mlp.down_proj.weight,"[5120,17408]",config+architecture,SiLU(gate)*up precedes this GEMM
models--Qwen--Qwen3-14B,217,prefill,24,model.layers.24.self_attn.q_proj,linear,,B*S,5120,5120,216,model.layers.24.self_attn.q_proj.weight,"[5120,5120]",config+architecture,
models--Qwen--Qwen3-14B,218,prefill,24,model.layers.24.self_attn.k_proj,linear,,B*S,1024,5120,216,model.layers.24.self_attn.k_proj.weight,"[1024,5120]",config+architecture,
models--Qwen--Qwen3-14B,219,prefill,24,model.layers.24.self_attn.v_proj,linear,,B*S,1024,5120,216,model.layers.24.self_attn.v_proj.weight,"[1024,5120]",config+architecture,
models--Qwen--Qwen3-14B,220,prefill,24,model.layers.24.self_attn.qk,batched_matmul,B*QH,S,S,128,217;218,,,config+architecture,"GQA QH=40, KVH=8"
models--Qwen--Qwen3-14B,221,prefill,24,model.layers.24.self_attn.pv,batched_matmul,B*QH,S,128,S,220;219,,,config+architecture,softmax/mask is a non-matmul dependency bridge
models--Qwen--Qwen3-14B,222,prefill,24,model.layers.24.self_attn.o_proj,linear,,B*S,5120,5120,221,model.layers.24.self_attn.o_proj.weight,"[5120,5120]",config+architecture,
models--Qwen--Qwen3-14B,223,prefill,24,model.layers.24.mlp.gate_proj,linear,,B*S,17408,5120,222,model.layers.24.mlp.gate_proj.weight,"[17408,5120]",config+architecture,
models--Qwen--Qwen3-14B,224,prefill,24,model.layers.24.mlp.up_proj,linear,,B*S,17408,5120,222,model.layers.24.mlp.up_proj.weight,"[17408,5120]",config+architecture,
models--Qwen--Qwen3-14B,225,prefill,24,model.layers.24.mlp.down_proj,linear,,B*S,5120,17408,223;224,model.layers.24.mlp.down_proj.weight,"[5120,17408]",config+architecture,SiLU(gate)*up precedes this GEMM
models--Qwen--Qwen3-14B,226,prefill,25,model.layers.25.self_attn.q_proj,linear,,B*S,5120,5120,225,model.layers.25.self_attn.q_proj.weight,"[5120,5120]",config+architecture,
models--Qwen--Qwen3-14B,227,prefill,25,model.layers.25.self_attn.k_proj,linear,,B*S,1024,5120,225,model.layers.25.self_attn.k_proj.weight,"[1024,5120]",config+architecture,
models--Qwen--Qwen3-14B,228,prefill,25,model.layers.25.self_attn.v_proj,linear,,B*S,1024,5120,225,model.layers.25.self_attn.v_proj.weight,"[1024,5120]",config+architecture,
models--Qwen--Qwen3-14B,229,prefill,25,model.layers.25.self_attn.qk,batched_matmul,B*QH,S,S,128,226;227,,,config+architecture,"GQA QH=40, KVH=8"
models--Qwen--Qwen3-14B,230,prefill,25,model.layers.25.self_attn.pv,batched_matmul,B*QH,S,128,S,229;228,,,config+architecture,softmax/mask is a non-matmul dependency bridge
models--Qwen--Qwen3-14B,231,prefill,25,model.layers.25.self_attn.o_proj,linear,,B*S,5120,5120,230,model.layers.25.self_attn.o_proj.weight,"[5120,5120]",config+architecture,
models--Qwen--Qwen3-14B,232,prefill,25,model.layers.25.mlp.gate_proj,linear,,B*S,17408,5120,231,model.layers.25.mlp.gate_proj.weight,"[17408,5120]",config+architecture,
models--Qwen--Qwen3-14B,233,prefill,25,model.layers.25.mlp.up_proj,linear,,B*S,17408,5120,231,model.layers.25.mlp.up_proj.weight,"[17408,5120]",config+architecture,
models--Qwen--Qwen3-14B,234,prefill,25,model.layers.25.mlp.down_proj,linear,,B*S,5120,17408,232;233,model.layers.25.mlp.down_proj.weight,"[5120,17408]",config+architecture,SiLU(gate)*up precedes this GEMM
models--Qwen--Qwen3-14B,235,prefill,26,model.layers.26.self_attn.q_proj,linear,,B*S,5120,5120,234,model.layers.26.self_attn.q_proj.weight,"[5120,5120]",config+architecture,
models--Qwen--Qwen3-14B,236,prefill,26,model.layers.26.self_attn.k_proj,linear,,B*S,1024,5120,234,model.layers.26.self_attn.k_proj.weight,"[1024,5120]",config+architecture,
models--Qwen--Qwen3-14B,237,prefill,26,model.layers.26.self_attn.v_proj,linear,,B*S,1024,5120,234,model.layers.26.self_attn.v_proj.weight,"[1024,5120]",config+architecture,
models--Qwen--Qwen3-14B,238,prefill,26,model.layers.26.self_attn.qk,batched_matmul,B*QH,S,S,128,235;236,,,config+architecture,"GQA QH=40, KVH=8"
models--Qwen--Qwen3-14B,239,prefill,26,model.layers.26.self_attn.pv,batched_matmul,B*QH,S,128,S,238;237,,,config+architecture,softmax/mask is a non-matmul dependency bridge
models--Qwen--Qwen3-14B,240,prefill,26,model.layers.26.self_attn.o_proj,linear,,B*S,5120,5120,239,model.layers.26.self_attn.o_proj.weight,"[5120,5120]",config+architecture,
models--Qwen--Qwen3-14B,241,prefill,26,model.layers.26.mlp.gate_proj,linear,,B*S,17408,5120,240,model.layers.26.mlp.gate_proj.weight,"[17408,5120]",config+architecture,
models--Qwen--Qwen3-14B,242,prefill,26,model.layers.26.mlp.up_proj,linear,,B*S,17408,5120,240,model.layers.26.mlp.up_proj.weight,"[17408,5120]",config+architecture,
models--Qwen--Qwen3-14B,243,prefill,26,model.layers.26.mlp.down_proj,linear,,B*S,5120,17408,241;242,model.layers.26.mlp.down_proj.weight,"[5120,17408]",config+architecture,SiLU(gate)*up precedes this GEMM
models--Qwen--Qwen3-14B,244,prefill,27,model.layers.27.self_attn.q_proj,linear,,B*S,5120,5120,243,model.layers.27.self_attn.q_proj.weight,"[5120,5120]",config+architecture,
models--Qwen--Qwen3-14B,245,prefill,27,model.layers.27.self_attn.k_proj,linear,,B*S,1024,5120,243,model.layers.27.self_attn.k_proj.weight,"[1024,5120]",config+architecture,
models--Qwen--Qwen3-14B,246,prefill,27,model.layers.27.self_attn.v_proj,linear,,B*S,1024,5120,243,model.layers.27.self_attn.v_proj.weight,"[1024,5120]",config+architecture,
models--Qwen--Qwen3-14B,247,prefill,27,model.layers.27.self_attn.qk,batched_matmul,B*QH,S,S,128,244;245,,,config+architecture,"GQA QH=40, KVH=8"
models--Qwen--Qwen3-14B,248,prefill,27,model.layers.27.self_attn.pv,batched_matmul,B*QH,S,128,S,247;246,,,config+architecture,softmax/mask is a non-matmul dependency bridge
models--Qwen--Qwen3-14B,249,prefill,27,model.layers.27.self_attn.o_proj,linear,,B*S,5120,5120,248,model.layers.27.self_attn.o_proj.weight,"[5120,5120]",config+architecture,
models--Qwen--Qwen3-14B,250,prefill,27,model.layers.27.mlp.gate_proj,linear,,B*S,17408,5120,249,model.layers.27.mlp.gate_proj.weight,"[17408,5120]",config+architecture,
models--Qwen--Qwen3-14B,251,prefill,27,model.layers.27.mlp.up_proj,linear,,B*S,17408,5120,249,model.layers.27.mlp.up_proj.weight,"[17408,5120]",config+architecture,
models--Qwen--Qwen3-14B,252,prefill,27,model.layers.27.mlp.down_proj,linear,,B*S,5120,17408,250;251,model.layers.27.mlp.down_proj.weight,"[5120,17408]",config+architecture,SiLU(gate)*up precedes this GEMM
models--Qwen--Qwen3-14B,253,prefill,28,model.layers.28.self_attn.q_proj,linear,,B*S,5120,5120,252,model.layers.28.self_attn.q_proj.weight,"[5120,5120]",config+architecture,
models--Qwen--Qwen3-14B,254,prefill,28,model.layers.28.self_attn.k_proj,linear,,B*S,1024,5120,252,model.layers.28.self_attn.k_proj.weight,"[1024,5120]",config+architecture,
models--Qwen--Qwen3-14B,255,prefill,28,model.layers.28.self_attn.v_proj,linear,,B*S,1024,5120,252,model.layers.28.self_attn.v_proj.weight,"[1024,5120]",config+architecture,
models--Qwen--Qwen3-14B,256,prefill,28,model.layers.28.self_attn.qk,batched_matmul,B*QH,S,S,128,253;254,,,config+architecture,"GQA QH=40, KVH=8"
models--Qwen--Qwen3-14B,257,prefill,28,model.layers.28.self_attn.pv,batched_matmul,B*QH,S,128,S,256;255,,,config+architecture,softmax/mask is a non-matmul dependency bridge
models--Qwen--Qwen3-14B,258,prefill,28,model.layers.28.self_attn.o_proj,linear,,B*S,5120,5120,257,model.layers.28.self_attn.o_proj.weight,"[5120,5120]",config+architecture,
models--Qwen--Qwen3-14B,259,prefill,28,model.layers.28.mlp.gate_proj,linear,,B*S,17408,5120,258,model.layers.28.mlp.gate_proj.weight,"[17408,5120]",config+architecture,
models--Qwen--Qwen3-14B,260,prefill,28,model.layers.28.mlp.up_proj,linear,,B*S,17408,5120,258,model.layers.28.mlp.up_proj.weight,"[17408,5120]",config+architecture,
models--Qwen--Qwen3-14B,261,prefill,28,model.layers.28.mlp.down_proj,linear,,B*S,5120,17408,259;260,model.layers.28.mlp.down_proj.weight,"[5120,17408]",config+architecture,SiLU(gate)*up precedes this GEMM
models--Qwen--Qwen3-14B,262,prefill,29,model.layers.29.self_attn.q_proj,linear,,B*S,5120,5120,261,model.layers.29.self_attn.q_proj.weight,"[5120,5120]",config+architecture,
models--Qwen--Qwen3-14B,263,prefill,29,model.layers.29.self_attn.k_proj,linear,,B*S,1024,5120,261,model.layers.29.self_attn.k_proj.weight,"[1024,5120]",config+architecture,
models--Qwen--Qwen3-14B,264,prefill,29,model.layers.29.self_attn.v_proj,linear,,B*S,1024,5120,261,model.layers.29.self_attn.v_proj.weight,"[1024,5120]",config+architecture,
models--Qwen--Qwen3-14B,265,prefill,29,model.layers.29.self_attn.qk,batched_matmul,B*QH,S,S,128,262;263,,,config+architecture,"GQA QH=40, KVH=8"
models--Qwen--Qwen3-14B,266,prefill,29,model.layers.29.self_attn.pv,batched_matmul,B*QH,S,128,S,265;264,,,config+architecture,softmax/mask is a non-matmul dependency bridge
models--Qwen--Qwen3-14B,267,prefill,29,model.layers.29.self_attn.o_proj,linear,,B*S,5120,5120,266,model.layers.29.self_attn.o_proj.weight,"[5120,5120]",config+architecture,
models--Qwen--Qwen3-14B,268,prefill,29,model.layers.29.mlp.gate_proj,linear,,B*S,17408,5120,267,model.layers.29.mlp.gate_proj.weight,"[17408,5120]",config+architecture,
models--Qwen--Qwen3-14B,269,prefill,29,model.layers.29.mlp.up_proj,linear,,B*S,17408,5120,267,model.layers.29.mlp.up_proj.weight,"[17408,5120]",config+architecture,
models--Qwen--Qwen3-14B,270,prefill,29,model.layers.29.mlp.down_proj,linear,,B*S,5120,17408,268;269,model.layers.29.mlp.down_proj.weight,"[5120,17408]",config+architecture,SiLU(gate)*up precedes this GEMM
models--Qwen--Qwen3-14B,271,prefill,30,model.layers.30.self_attn.q_proj,linear,,B*S,5120,5120,270,model.layers.30.self_attn.q_proj.weight,"[5120,5120]",config+architecture,
models--Qwen--Qwen3-14B,272,prefill,30,model.layers.30.self_attn.k_proj,linear,,B*S,1024,5120,270,model.layers.30.self_attn.k_proj.weight,"[1024,5120]",config+architecture,
models--Qwen--Qwen3-14B,273,prefill,30,model.layers.30.self_attn.v_proj,linear,,B*S,1024,5120,270,model.layers.30.self_attn.v_proj.weight,"[1024,5120]",config+architecture,
models--Qwen--Qwen3-14B,274,prefill,30,model.layers.30.self_attn.qk,batched_matmul,B*QH,S,S,128,271;272,,,config+architecture,"GQA QH=40, KVH=8"
models--Qwen--Qwen3-14B,275,prefill,30,model.layers.30.self_attn.pv,batched_matmul,B*QH,S,128,S,274;273,,,config+architecture,softmax/mask is a non-matmul dependency bridge
models--Qwen--Qwen3-14B,276,prefill,30,model.layers.30.self_attn.o_proj,linear,,B*S,5120,5120,275,model.layers.30.self_attn.o_proj.weight,"[5120,5120]",config+architecture,
models--Qwen--Qwen3-14B,277,prefill,30,model.layers.30.mlp.gate_proj,linear,,B*S,17408,5120,276,model.layers.30.mlp.gate_proj.weight,"[17408,5120]",config+architecture,
models--Qwen--Qwen3-14B,278,prefill,30,model.layers.30.mlp.up_proj,linear,,B*S,17408,5120,276,model.layers.30.mlp.up_proj.weight,"[17408,5120]",config+architecture,
models--Qwen--Qwen3-14B,279,prefill,30,model.layers.30.mlp.down_proj,linear,,B*S,5120,17408,277;278,model.layers.30.mlp.down_proj.weight,"[5120,17408]",config+architecture,SiLU(gate)*up precedes this GEMM
models--Qwen--Qwen3-14B,280,prefill,31,model.layers.31.self_attn.q_proj,linear,,B*S,5120,5120,279,model.layers.31.self_attn.q_proj.weight,"[5120,5120]",config+architecture,
models--Qwen--Qwen3-14B,281,prefill,31,model.layers.31.self_attn.k_proj,linear,,B*S,1024,5120,279,model.layers.31.self_attn.k_proj.weight,"[1024,5120]",config+architecture,
models--Qwen--Qwen3-14B,282,prefill,31,model.layers.31.self_attn.v_proj,linear,,B*S,1024,5120,279,model.layers.31.self_attn.v_proj.weight,"[1024,5120]",config+architecture,
models--Qwen--Qwen3-14B,283,prefill,31,model.layers.31.self_attn.qk,batched_matmul,B*QH,S,S,128,280;281,,,config+architecture,"GQA QH=40, KVH=8"
models--Qwen--Qwen3-14B,284,prefill,31,model.layers.31.self_attn.pv,batched_matmul,B*QH,S,128,S,283;282,,,config+architecture,softmax/mask is a non-matmul dependency bridge
models--Qwen--Qwen3-14B,285,prefill,31,model.layers.31.self_attn.o_proj,linear,,B*S,5120,5120,284,model.layers.31.self_attn.o_proj.weight,"[5120,5120]",config+architecture,
models--Qwen--Qwen3-14B,286,prefill,31,model.layers.31.mlp.gate_proj,linear,,B*S,17408,5120,285,model.layers.31.mlp.gate_proj.weight,"[17408,5120]",config+architecture,
models--Qwen--Qwen3-14B,287,prefill,31,model.layers.31.mlp.up_proj,linear,,B*S,17408,5120,285,model.layers.31.mlp.up_proj.weight,"[17408,5120]",config+architecture,
models--Qwen--Qwen3-14B,288,prefill,31,model.layers.31.mlp.down_proj,linear,,B*S,5120,17408,286;287,model.layers.31.mlp.down_proj.weight,"[5120,17408]",config+architecture,SiLU(gate)*up precedes this GEMM
models--Qwen--Qwen3-14B,289,prefill,32,model.layers.32.self_attn.q_proj,linear,,B*S,5120,5120,288,model.layers.32.self_attn.q_proj.weight,"[5120,5120]",config+architecture,
models--Qwen--Qwen3-14B,290,prefill,32,model.layers.32.self_attn.k_proj,linear,,B*S,1024,5120,288,model.layers.32.self_attn.k_proj.weight,"[1024,5120]",config+architecture,
models--Qwen--Qwen3-14B,291,prefill,32,model.layers.32.self_attn.v_proj,linear,,B*S,1024,5120,288,model.layers.32.self_attn.v_proj.weight,"[1024,5120]",config+architecture,
models--Qwen--Qwen3-14B,292,prefill,32,model.layers.32.self_attn.qk,batched_matmul,B*QH,S,S,128,289;290,,,config+architecture,"GQA QH=40, KVH=8"
models--Qwen--Qwen3-14B,293,prefill,32,model.layers.32.self_attn.pv,batched_matmul,B*QH,S,128,S,292;291,,,config+architecture,softmax/mask is a non-matmul dependency bridge
models--Qwen--Qwen3-14B,294,prefill,32,model.layers.32.self_attn.o_proj,linear,,B*S,5120,5120,293,model.layers.32.self_attn.o_proj.weight,"[5120,5120]",config+architecture,
models--Qwen--Qwen3-14B,295,prefill,32,model.layers.32.mlp.gate_proj,linear,,B*S,17408,5120,294,model.layers.32.mlp.gate_proj.weight,"[17408,5120]",config+architecture,
models--Qwen--Qwen3-14B,296,prefill,32,model.layers.32.mlp.up_proj,linear,,B*S,17408,5120,294,model.layers.32.mlp.up_proj.weight,"[17408,5120]",config+architecture,
models--Qwen--Qwen3-14B,297,prefill,32,model.layers.32.mlp.down_proj,linear,,B*S,5120,17408,295;296,model.layers.32.mlp.down_proj.weight,"[5120,17408]",config+architecture,SiLU(gate)*up precedes this GEMM
models--Qwen--Qwen3-14B,298,prefill,33,model.layers.33.self_attn.q_proj,linear,,B*S,5120,5120,297,model.layers.33.self_attn.q_proj.weight,"[5120,5120]",config+architecture,
models--Qwen--Qwen3-14B,299,prefill,33,model.layers.33.self_attn.k_proj,linear,,B*S,1024,5120,297,model.layers.33.self_attn.k_proj.weight,"[1024,5120]",config+architecture,
models--Qwen--Qwen3-14B,300,prefill,33,model.layers.33.self_attn.v_proj,linear,,B*S,1024,5120,297,model.layers.33.self_attn.v_proj.weight,"[1024,5120]",config+architecture,
models--Qwen--Qwen3-14B,301,prefill,33,model.layers.33.self_attn.qk,batched_matmul,B*QH,S,S,128,298;299,,,config+architecture,"GQA QH=40, KVH=8"
models--Qwen--Qwen3-14B,302,prefill,33,model.layers.33.self_attn.pv,batched_matmul,B*QH,S,128,S,301;300,,,config+architecture,softmax/mask is a non-matmul dependency bridge
models--Qwen--Qwen3-14B,303,prefill,33,model.layers.33.self_attn.o_proj,linear,,B*S,5120,5120,302,model.layers.33.self_attn.o_proj.weight,"[5120,5120]",config+architecture,
models--Qwen--Qwen3-14B,304,prefill,33,model.layers.33.mlp.gate_proj,linear,,B*S,17408,5120,303,model.layers.33.mlp.gate_proj.weight,"[17408,5120]",config+architecture,
models--Qwen--Qwen3-14B,305,prefill,33,model.layers.33.mlp.up_proj,linear,,B*S,17408,5120,303,model.layers.33.mlp.up_proj.weight,"[17408,5120]",config+architecture,
models--Qwen--Qwen3-14B,306,prefill,33,model.layers.33.mlp.down_proj,linear,,B*S,5120,17408,304;305,model.layers.33.mlp.down_proj.weight,"[5120,17408]",config+architecture,SiLU(gate)*up precedes this GEMM
models--Qwen--Qwen3-14B,307,prefill,34,model.layers.34.self_attn.q_proj,linear,,B*S,5120,5120,306,model.layers.34.self_attn.q_proj.weight,"[5120,5120]",config+architecture,
models--Qwen--Qwen3-14B,308,prefill,34,model.layers.34.self_attn.k_proj,linear,,B*S,1024,5120,306,model.layers.34.self_attn.k_proj.weight,"[1024,5120]",config+architecture,
models--Qwen--Qwen3-14B,309,prefill,34,model.layers.34.self_attn.v_proj,linear,,B*S,1024,5120,306,model.layers.34.self_attn.v_proj.weight,"[1024,5120]",config+architecture,
models--Qwen--Qwen3-14B,310,prefill,34,model.layers.34.self_attn.qk,batched_matmul,B*QH,S,S,128,307;308,,,config+architecture,"GQA QH=40, KVH=8"
models--Qwen--Qwen3-14B,311,prefill,34,model.layers.34.self_attn.pv,batched_matmul,B*QH,S,128,S,310;309,,,config+architecture,softmax/mask is a non-matmul dependency bridge
models--Qwen--Qwen3-14B,312,prefill,34,model.layers.34.self_attn.o_proj,linear,,B*S,5120,5120,311,model.layers.34.self_attn.o_proj.weight,"[5120,5120]",config+architecture,
models--Qwen--Qwen3-14B,313,prefill,34,model.layers.34.mlp.gate_proj,linear,,B*S,17408,5120,312,model.layers.34.mlp.gate_proj.weight,"[17408,5120]",config+architecture,
models--Qwen--Qwen3-14B,314,prefill,34,model.layers.34.mlp.up_proj,linear,,B*S,17408,5120,312,model.layers.34.mlp.up_proj.weight,"[17408,5120]",config+architecture,
models--Qwen--Qwen3-14B,315,prefill,34,model.layers.34.mlp.down_proj,linear,,B*S,5120,17408,313;314,model.layers.34.mlp.down_proj.weight,"[5120,17408]",config+architecture,SiLU(gate)*up precedes this GEMM
models--Qwen--Qwen3-14B,316,prefill,35,model.layers.35.self_attn.q_proj,linear,,B*S,5120,5120,315,model.layers.35.self_attn.q_proj.weight,"[5120,5120]",config+architecture,
models--Qwen--Qwen3-14B,317,prefill,35,model.layers.35.self_attn.k_proj,linear,,B*S,1024,5120,315,model.layers.35.self_attn.k_proj.weight,"[1024,5120]",config+architecture,
models--Qwen--Qwen3-14B,318,prefill,35,model.layers.35.self_attn.v_proj,linear,,B*S,1024,5120,315,model.layers.35.self_attn.v_proj.weight,"[1024,5120]",config+architecture,
models--Qwen--Qwen3-14B,319,prefill,35,model.layers.35.self_attn.qk,batched_matmul,B*QH,S,S,128,316;317,,,config+architecture,"GQA QH=40, KVH=8"
models--Qwen--Qwen3-14B,320,prefill,35,model.layers.35.self_attn.pv,batched_matmul,B*QH,S,128,S,319;318,,,config+architecture,softmax/mask is a non-matmul dependency bridge
models--Qwen--Qwen3-14B,321,prefill,35,model.layers.35.self_attn.o_proj,linear,,B*S,5120,5120,320,model.layers.35.self_attn.o_proj.weight,"[5120,5120]",config+architecture,
models--Qwen--Qwen3-14B,322,prefill,35,model.layers.35.mlp.gate_proj,linear,,B*S,17408,5120,321,model.layers.35.mlp.gate_proj.weight,"[17408,5120]",config+architecture,
models--Qwen--Qwen3-14B,323,prefill,35,model.layers.35.mlp.up_proj,linear,,B*S,17408,5120,321,model.layers.35.mlp.up_proj.weight,"[17408,5120]",config+architecture,
models--Qwen--Qwen3-14B,324,prefill,35,model.layers.35.mlp.down_proj,linear,,B*S,5120,17408,322;323,model.layers.35.mlp.down_proj.weight,"[5120,17408]",config+architecture,SiLU(gate)*up precedes this GEMM
models--Qwen--Qwen3-14B,325,prefill,36,model.layers.36.self_attn.q_proj,linear,,B*S,5120,5120,324,model.layers.36.self_attn.q_proj.weight,"[5120,5120]",config+architecture,
models--Qwen--Qwen3-14B,326,prefill,36,model.layers.36.self_attn.k_proj,linear,,B*S,1024,5120,324,model.layers.36.self_attn.k_proj.weight,"[1024,5120]",config+architecture,
models--Qwen--Qwen3-14B,327,prefill,36,model.layers.36.self_attn.v_proj,linear,,B*S,1024,5120,324,model.layers.36.self_attn.v_proj.weight,"[1024,5120]",config+architecture,
models--Qwen--Qwen3-14B,328,prefill,36,model.layers.36.self_attn.qk,batched_matmul,B*QH,S,S,128,325;326,,,config+architecture,"GQA QH=40, KVH=8"
models--Qwen--Qwen3-14B,329,prefill,36,model.layers.36.self_attn.pv,batched_matmul,B*QH,S,128,S,328;327,,,config+architecture,softmax/mask is a non-matmul dependency bridge
models--Qwen--Qwen3-14B,330,prefill,36,model.layers.36.self_attn.o_proj,linear,,B*S,5120,5120,329,model.layers.36.self_attn.o_proj.weight,"[5120,5120]",config+architecture,
models--Qwen--Qwen3-14B,331,prefill,36,model.layers.36.mlp.gate_proj,linear,,B*S,17408,5120,330,model.layers.36.mlp.gate_proj.weight,"[17408,5120]",config+architecture,
models--Qwen--Qwen3-14B,332,prefill,36,model.layers.36.mlp.up_proj,linear,,B*S,17408,5120,330,model.layers.36.mlp.up_proj.weight,"[17408,5120]",config+architecture,
models--Qwen--Qwen3-14B,333,prefill,36,model.layers.36.mlp.down_proj,linear,,B*S,5120,17408,331;332,model.layers.36.mlp.down_proj.weight,"[5120,17408]",config+architecture,SiLU(gate)*up precedes this GEMM
models--Qwen--Qwen3-14B,334,prefill,37,model.layers.37.self_attn.q_proj,linear,,B*S,5120,5120,333,model.layers.37.self_attn.q_proj.weight,"[5120,5120]",config+architecture,
models--Qwen--Qwen3-14B,335,prefill,37,model.layers.37.self_attn.k_proj,linear,,B*S,1024,5120,333,model.layers.37.self_attn.k_proj.weight,"[1024,5120]",config+architecture,
models--Qwen--Qwen3-14B,336,prefill,37,model.layers.37.self_attn.v_proj,linear,,B*S,1024,5120,333,model.layers.37.self_attn.v_proj.weight,"[1024,5120]",config+architecture,
models--Qwen--Qwen3-14B,337,prefill,37,model.layers.37.self_attn.qk,batched_matmul,B*QH,S,S,128,334;335,,,config+architecture,"GQA QH=40, KVH=8"
models--Qwen--Qwen3-14B,338,prefill,37,model.layers.37.self_attn.pv,batched_matmul,B*QH,S,128,S,337;336,,,config+architecture,softmax/mask is a non-matmul dependency bridge
models--Qwen--Qwen3-14B,339,prefill,37,model.layers.37.self_attn.o_proj,linear,,B*S,5120,5120,338,model.layers.37.self_attn.o_proj.weight,"[5120,5120]",config+architecture,
models--Qwen--Qwen3-14B,340,prefill,37,model.layers.37.mlp.gate_proj,linear,,B*S,17408,5120,339,model.layers.37.mlp.gate_proj.weight,"[17408,5120]",config+architecture,
models--Qwen--Qwen3-14B,341,prefill,37,model.layers.37.mlp.up_proj,linear,,B*S,17408,5120,339,model.layers.37.mlp.up_proj.weight,"[17408,5120]",config+architecture,
models--Qwen--Qwen3-14B,342,prefill,37,model.layers.37.mlp.down_proj,linear,,B*S,5120,17408,340;341,model.layers.37.mlp.down_proj.weight,"[5120,17408]",config+architecture,SiLU(gate)*up precedes this GEMM
models--Qwen--Qwen3-14B,343,prefill,38,model.layers.38.self_attn.q_proj,linear,,B*S,5120,5120,342,model.layers.38.self_attn.q_proj.weight,"[5120,5120]",config+architecture,
models--Qwen--Qwen3-14B,344,prefill,38,model.layers.38.self_attn.k_proj,linear,,B*S,1024,5120,342,model.layers.38.self_attn.k_proj.weight,"[1024,5120]",config+architecture,
models--Qwen--Qwen3-14B,345,prefill,38,model.layers.38.self_attn.v_proj,linear,,B*S,1024,5120,342,model.layers.38.self_attn.v_proj.weight,"[1024,5120]",config+architecture,
models--Qwen--Qwen3-14B,346,prefill,38,model.layers.38.self_attn.qk,batched_matmul,B*QH,S,S,128,343;344,,,config+architecture,"GQA QH=40, KVH=8"
models--Qwen--Qwen3-14B,347,prefill,38,model.layers.38.self_attn.pv,batched_matmul,B*QH,S,128,S,346;345,,,config+architecture,softmax/mask is a non-matmul dependency bridge
models--Qwen--Qwen3-14B,348,prefill,38,model.layers.38.self_attn.o_proj,linear,,B*S,5120,5120,347,model.layers.38.self_attn.o_proj.weight,"[5120,5120]",config+architecture,
models--Qwen--Qwen3-14B,349,prefill,38,model.layers.38.mlp.gate_proj,linear,,B*S,17408,5120,348,model.layers.38.mlp.gate_proj.weight,"[17408,5120]",config+architecture,
models--Qwen--Qwen3-14B,350,prefill,38,model.layers.38.mlp.up_proj,linear,,B*S,17408,5120,348,model.layers.38.mlp.up_proj.weight,"[17408,5120]",config+architecture,
models--Qwen--Qwen3-14B,351,prefill,38,model.layers.38.mlp.down_proj,linear,,B*S,5120,17408,349;350,model.layers.38.mlp.down_proj.weight,"[5120,17408]",config+architecture,SiLU(gate)*up precedes this GEMM
models--Qwen--Qwen3-14B,352,prefill,39,model.layers.39.self_attn.q_proj,linear,,B*S,5120,5120,351,model.layers.39.self_attn.q_proj.weight,"[5120,5120]",config+architecture,
models--Qwen--Qwen3-14B,353,prefill,39,model.layers.39.self_attn.k_proj,linear,,B*S,1024,5120,351,model.layers.39.self_attn.k_proj.weight,"[1024,5120]",config+architecture,
models--Qwen--Qwen3-14B,354,prefill,39,model.layers.39.self_attn.v_proj,linear,,B*S,1024,5120,351,model.layers.39.self_attn.v_proj.weight,"[1024,5120]",config+architecture,
models--Qwen--Qwen3-14B,355,prefill,39,model.layers.39.self_attn.qk,batched_matmul,B*QH,S,S,128,352;353,,,config+architecture,"GQA QH=40, KVH=8"
models--Qwen--Qwen3-14B,356,prefill,39,model.layers.39.self_attn.pv,batched_matmul,B*QH,S,128,S,355;354,,,config+architecture,softmax/mask is a non-matmul dependency bridge
models--Qwen--Qwen3-14B,357,prefill,39,model.layers.39.self_attn.o_proj,linear,,B*S,5120,5120,356,model.layers.39.self_attn.o_proj.weight,"[5120,5120]",config+architecture,
models--Qwen--Qwen3-14B,358,prefill,39,model.layers.39.mlp.gate_proj,linear,,B*S,17408,5120,357,model.layers.39.mlp.gate_proj.weight,"[17408,5120]",config+architecture,
models--Qwen--Qwen3-14B,359,prefill,39,model.layers.39.mlp.up_proj,linear,,B*S,17408,5120,357,model.layers.39.mlp.up_proj.weight,"[17408,5120]",config+architecture,
models--Qwen--Qwen3-14B,360,prefill,39,model.layers.39.mlp.down_proj,linear,,B*S,5120,17408,358;359,model.layers.39.mlp.down_proj.weight,"[5120,17408]",config+architecture,SiLU(gate)*up precedes this GEMM
models--Qwen--Qwen3-14B,361,prefill,output,lm_head,linear,,B*S,151936,5120,360,lm_head.weight or tied embed_tokens.weight,"[151936,5120]",config+architecture,prefill shape follows full Hugging Face forward; serving runtimes may compute only selected logits
models--Qwen--Qwen3-14B,362,decode_step,0,model.layers.0.self_attn.q_proj,linear,,B,5120,5120,,model.layers.0.self_attn.q_proj.weight,"[5120,5120]",config+architecture,
models--Qwen--Qwen3-14B,363,decode_step,0,model.layers.0.self_attn.k_proj,linear,,B,1024,5120,,model.layers.0.self_attn.k_proj.weight,"[1024,5120]",config+architecture,
models--Qwen--Qwen3-14B,364,decode_step,0,model.layers.0.self_attn.v_proj,linear,,B,1024,5120,,model.layers.0.self_attn.v_proj.weight,"[1024,5120]",config+architecture,
models--Qwen--Qwen3-14B,365,decode_step,0,model.layers.0.self_attn.qk,batched_matmul,B*QH,1,KV,128,362;363,,,config+architecture,"GQA QH=40, KVH=8"
models--Qwen--Qwen3-14B,366,decode_step,0,model.layers.0.self_attn.pv,batched_matmul,B*QH,1,128,KV,365;364,,,config+architecture,softmax/mask is a non-matmul dependency bridge
models--Qwen--Qwen3-14B,367,decode_step,0,model.layers.0.self_attn.o_proj,linear,,B,5120,5120,366,model.layers.0.self_attn.o_proj.weight,"[5120,5120]",config+architecture,
models--Qwen--Qwen3-14B,368,decode_step,0,model.layers.0.mlp.gate_proj,linear,,B,17408,5120,367,model.layers.0.mlp.gate_proj.weight,"[17408,5120]",config+architecture,
models--Qwen--Qwen3-14B,369,decode_step,0,model.layers.0.mlp.up_proj,linear,,B,17408,5120,367,model.layers.0.mlp.up_proj.weight,"[17408,5120]",config+architecture,
models--Qwen--Qwen3-14B,370,decode_step,0,model.layers.0.mlp.down_proj,linear,,B,5120,17408,368;369,model.layers.0.mlp.down_proj.weight,"[5120,17408]",config+architecture,SiLU(gate)*up precedes this GEMM
models--Qwen--Qwen3-14B,371,decode_step,1,model.layers.1.self_attn.q_proj,linear,,B,5120,5120,370,model.layers.1.self_attn.q_proj.weight,"[5120,5120]",config+architecture,
models--Qwen--Qwen3-14B,372,decode_step,1,model.layers.1.self_attn.k_proj,linear,,B,1024,5120,370,model.layers.1.self_attn.k_proj.weight,"[1024,5120]",config+architecture,
models--Qwen--Qwen3-14B,373,decode_step,1,model.layers.1.self_attn.v_proj,linear,,B,1024,5120,370,model.layers.1.self_attn.v_proj.weight,"[1024,5120]",config+architecture,
models--Qwen--Qwen3-14B,374,decode_step,1,model.layers.1.self_attn.qk,batched_matmul,B*QH,1,KV,128,371;372,,,config+architecture,"GQA QH=40, KVH=8"
models--Qwen--Qwen3-14B,375,decode_step,1,model.layers.1.self_attn.pv,batched_matmul,B*QH,1,128,KV,374;373,,,config+architecture,softmax/mask is a non-matmul dependency bridge
models--Qwen--Qwen3-14B,376,decode_step,1,model.layers.1.self_attn.o_proj,linear,,B,5120,5120,375,model.layers.1.self_attn.o_proj.weight,"[5120,5120]",config+architecture,
models--Qwen--Qwen3-14B,377,decode_step,1,model.layers.1.mlp.gate_proj,linear,,B,17408,5120,376,model.layers.1.mlp.gate_proj.weight,"[17408,5120]",config+architecture,
models--Qwen--Qwen3-14B,378,decode_step,1,model.layers.1.mlp.up_proj,linear,,B,17408,5120,376,model.layers.1.mlp.up_proj.weight,"[17408,5120]",config+architecture,
models--Qwen--Qwen3-14B,379,decode_step,1,model.layers.1.mlp.down_proj,linear,,B,5120,17408,377;378,model.layers.1.mlp.down_proj.weight,"[5120,17408]",config+architecture,SiLU(gate)*up precedes this GEMM
models--Qwen--Qwen3-14B,380,decode_step,2,model.layers.2.self_attn.q_proj,linear,,B,5120,5120,379,model.layers.2.self_attn.q_proj.weight,"[5120,5120]",config+architecture,
models--Qwen--Qwen3-14B,381,decode_step,2,model.layers.2.self_attn.k_proj,linear,,B,1024,5120,379,model.layers.2.self_attn.k_proj.weight,"[1024,5120]",config+architecture,
models--Qwen--Qwen3-14B,382,decode_step,2,model.layers.2.self_attn.v_proj,linear,,B,1024,5120,379,model.layers.2.self_attn.v_proj.weight,"[1024,5120]",config+architecture,
models--Qwen--Qwen3-14B,383,decode_step,2,model.layers.2.self_attn.qk,batched_matmul,B*QH,1,KV,128,380;381,,,config+architecture,"GQA QH=40, KVH=8"
models--Qwen--Qwen3-14B,384,decode_step,2,model.layers.2.self_attn.pv,batched_matmul,B*QH,1,128,KV,383;382,,,config+architecture,softmax/mask is a non-matmul dependency bridge
models--Qwen--Qwen3-14B,385,decode_step,2,model.layers.2.self_attn.o_proj,linear,,B,5120,5120,384,model.layers.2.self_attn.o_proj.weight,"[5120,5120]",config+architecture,
models--Qwen--Qwen3-14B,386,decode_step,2,model.layers.2.mlp.gate_proj,linear,,B,17408,5120,385,model.layers.2.mlp.gate_proj.weight,"[17408,5120]",config+architecture,
models--Qwen--Qwen3-14B,387,decode_step,2,model.layers.2.mlp.up_proj,linear,,B,17408,5120,385,model.layers.2.mlp.up_proj.weight,"[17408,5120]",config+architecture,
models--Qwen--Qwen3-14B,388,decode_step,2,model.layers.2.mlp.down_proj,linear,,B,5120,17408,386;387,model.layers.2.mlp.down_proj.weight,"[5120,17408]",config+architecture,SiLU(gate)*up precedes this GEMM
models--Qwen--Qwen3-14B,389,decode_step,3,model.layers.3.self_attn.q_proj,linear,,B,5120,5120,388,model.layers.3.self_attn.q_proj.weight,"[5120,5120]",config+architecture,
models--Qwen--Qwen3-14B,390,decode_step,3,model.layers.3.self_attn.k_proj,linear,,B,1024,5120,388,model.layers.3.self_attn.k_proj.weight,"[1024,5120]",config+architecture,
models--Qwen--Qwen3-14B,391,decode_step,3,model.layers.3.self_attn.v_proj,linear,,B,1024,5120,388,model.layers.3.self_attn.v_proj.weight,"[1024,5120]",config+architecture,
models--Qwen--Qwen3-14B,392,decode_step,3,model.layers.3.self_attn.qk,batched_matmul,B*QH,1,KV,128,389;390,,,config+architecture,"GQA QH=40, KVH=8"
models--Qwen--Qwen3-14B,393,decode_step,3,model.layers.3.self_attn.pv,batched_matmul,B*QH,1,128,KV,392;391,,,config+architecture,softmax/mask is a non-matmul dependency bridge
models--Qwen--Qwen3-14B,394,decode_step,3,model.layers.3.self_attn.o_proj,linear,,B,5120,5120,393,model.layers.3.self_attn.o_proj.weight,"[5120,5120]",config+architecture,
models--Qwen--Qwen3-14B,395,decode_step,3,model.layers.3.mlp.gate_proj,linear,,B,17408,5120,394,model.layers.3.mlp.gate_proj.weight,"[17408,5120]",config+architecture,
models--Qwen--Qwen3-14B,396,decode_step,3,model.layers.3.mlp.up_proj,linear,,B,17408,5120,394,model.layers.3.mlp.up_proj.weight,"[17408,5120]",config+architecture,
models--Qwen--Qwen3-14B,397,decode_step,3,model.layers.3.mlp.down_proj,linear,,B,5120,17408,395;396,model.layers.3.mlp.down_proj.weight,"[5120,17408]",config+architecture,SiLU(gate)*up precedes this GEMM
models--Qwen--Qwen3-14B,398,decode_step,4,model.layers.4.self_attn.q_proj,linear,,B,5120,5120,397,model.layers.4.self_attn.q_proj.weight,"[5120,5120]",config+architecture,
models--Qwen--Qwen3-14B,399,decode_step,4,model.layers.4.self_attn.k_proj,linear,,B,1024,5120,397,model.layers.4.self_attn.k_proj.weight,"[1024,5120]",config+architecture,
models--Qwen--Qwen3-14B,400,decode_step,4,model.layers.4.self_attn.v_proj,linear,,B,1024,5120,397,model.layers.4.self_attn.v_proj.weight,"[1024,5120]",config+architecture,
models--Qwen--Qwen3-14B,401,decode_step,4,model.layers.4.self_attn.qk,batched_matmul,B*QH,1,KV,128,398;399,,,config+architecture,"GQA QH=40, KVH=8"
models--Qwen--Qwen3-14B,402,decode_step,4,model.layers.4.self_attn.pv,batched_matmul,B*QH,1,128,KV,401;400,,,config+architecture,softmax/mask is a non-matmul dependency bridge
models--Qwen--Qwen3-14B,403,decode_step,4,model.layers.4.self_attn.o_proj,linear,,B,5120,5120,402,model.layers.4.self_attn.o_proj.weight,"[5120,5120]",config+architecture,
models--Qwen--Qwen3-14B,404,decode_step,4,model.layers.4.mlp.gate_proj,linear,,B,17408,5120,403,model.layers.4.mlp.gate_proj.weight,"[17408,5120]",config+architecture,
models--Qwen--Qwen3-14B,405,decode_step,4,model.layers.4.mlp.up_proj,linear,,B,17408,5120,403,model.layers.4.mlp.up_proj.weight,"[17408,5120]",config+architecture,
models--Qwen--Qwen3-14B,406,decode_step,4,model.layers.4.mlp.down_proj,linear,,B,5120,17408,404;405,model.layers.4.mlp.down_proj.weight,"[5120,17408]",config+architecture,SiLU(gate)*up precedes this GEMM
models--Qwen--Qwen3-14B,407,decode_step,5,model.layers.5.self_attn.q_proj,linear,,B,5120,5120,406,model.layers.5.self_attn.q_proj.weight,"[5120,5120]",config+architecture,
models--Qwen--Qwen3-14B,408,decode_step,5,model.layers.5.self_attn.k_proj,linear,,B,1024,5120,406,model.layers.5.self_attn.k_proj.weight,"[1024,5120]",config+architecture,
models--Qwen--Qwen3-14B,409,decode_step,5,model.layers.5.self_attn.v_proj,linear,,B,1024,5120,406,model.layers.5.self_attn.v_proj.weight,"[1024,5120]",config+architecture,
models--Qwen--Qwen3-14B,410,decode_step,5,model.layers.5.self_attn.qk,batched_matmul,B*QH,1,KV,128,407;408,,,config+architecture,"GQA QH=40, KVH=8"
models--Qwen--Qwen3-14B,411,decode_step,5,model.layers.5.self_attn.pv,batched_matmul,B*QH,1,128,KV,410;409,,,config+architecture,softmax/mask is a non-matmul dependency bridge
models--Qwen--Qwen3-14B,412,decode_step,5,model.layers.5.self_attn.o_proj,linear,,B,5120,5120,411,model.layers.5.self_attn.o_proj.weight,"[5120,5120]",config+architecture,
models--Qwen--Qwen3-14B,413,decode_step,5,model.layers.5.mlp.gate_proj,linear,,B,17408,5120,412,model.layers.5.mlp.gate_proj.weight,"[17408,5120]",config+architecture,
models--Qwen--Qwen3-14B,414,decode_step,5,model.layers.5.mlp.up_proj,linear,,B,17408,5120,412,model.layers.5.mlp.up_proj.weight,"[17408,5120]",config+architecture,
models--Qwen--Qwen3-14B,415,decode_step,5,model.layers.5.mlp.down_proj,linear,,B,5120,17408,413;414,model.layers.5.mlp.down_proj.weight,"[5120,17408]",config+architecture,SiLU(gate)*up precedes this GEMM
models--Qwen--Qwen3-14B,416,decode_step,6,model.layers.6.self_attn.q_proj,linear,,B,5120,5120,415,model.layers.6.self_attn.q_proj.weight,"[5120,5120]",config+architecture,
models--Qwen--Qwen3-14B,417,decode_step,6,model.layers.6.self_attn.k_proj,linear,,B,1024,5120,415,model.layers.6.self_attn.k_proj.weight,"[1024,5120]",config+architecture,
models--Qwen--Qwen3-14B,418,decode_step,6,model.layers.6.self_attn.v_proj,linear,,B,1024,5120,415,model.layers.6.self_attn.v_proj.weight,"[1024,5120]",config+architecture,
models--Qwen--Qwen3-14B,419,decode_step,6,model.layers.6.self_attn.qk,batched_matmul,B*QH,1,KV,128,416;417,,,config+architecture,"GQA QH=40, KVH=8"
models--Qwen--Qwen3-14B,420,decode_step,6,model.layers.6.self_attn.pv,batched_matmul,B*QH,1,128,KV,419;418,,,config+architecture,softmax/mask is a non-matmul dependency bridge
models--Qwen--Qwen3-14B,421,decode_step,6,model.layers.6.self_attn.o_proj,linear,,B,5120,5120,420,model.layers.6.self_attn.o_proj.weight,"[5120,5120]",config+architecture,
models--Qwen--Qwen3-14B,422,decode_step,6,model.layers.6.mlp.gate_proj,linear,,B,17408,5120,421,model.layers.6.mlp.gate_proj.weight,"[17408,5120]",config+architecture,
models--Qwen--Qwen3-14B,423,decode_step,6,model.layers.6.mlp.up_proj,linear,,B,17408,5120,421,model.layers.6.mlp.up_proj.weight,"[17408,5120]",config+architecture,
models--Qwen--Qwen3-14B,424,decode_step,6,model.layers.6.mlp.down_proj,linear,,B,5120,17408,422;423,model.layers.6.mlp.down_proj.weight,"[5120,17408]",config+architecture,SiLU(gate)*up precedes this GEMM
models--Qwen--Qwen3-14B,425,decode_step,7,model.layers.7.self_attn.q_proj,linear,,B,5120,5120,424,model.layers.7.self_attn.q_proj.weight,"[5120,5120]",config+architecture,
models--Qwen--Qwen3-14B,426,decode_step,7,model.layers.7.self_attn.k_proj,linear,,B,1024,5120,424,model.layers.7.self_attn.k_proj.weight,"[1024,5120]",config+architecture,
models--Qwen--Qwen3-14B,427,decode_step,7,model.layers.7.self_attn.v_proj,linear,,B,1024,5120,424,model.layers.7.self_attn.v_proj.weight,"[1024,5120]",config+architecture,
models--Qwen--Qwen3-14B,428,decode_step,7,model.layers.7.self_attn.qk,batched_matmul,B*QH,1,KV,128,425;426,,,config+architecture,"GQA QH=40, KVH=8"
models--Qwen--Qwen3-14B,429,decode_step,7,model.layers.7.self_attn.pv,batched_matmul,B*QH,1,128,KV,428;427,,,config+architecture,softmax/mask is a non-matmul dependency bridge
models--Qwen--Qwen3-14B,430,decode_step,7,model.layers.7.self_attn.o_proj,linear,,B,5120,5120,429,model.layers.7.self_attn.o_proj.weight,"[5120,5120]",config+architecture,
models--Qwen--Qwen3-14B,431,decode_step,7,model.layers.7.mlp.gate_proj,linear,,B,17408,5120,430,model.layers.7.mlp.gate_proj.weight,"[17408,5120]",config+architecture,
models--Qwen--Qwen3-14B,432,decode_step,7,model.layers.7.mlp.up_proj,linear,,B,17408,5120,430,model.layers.7.mlp.up_proj.weight,"[17408,5120]",config+architecture,
models--Qwen--Qwen3-14B,433,decode_step,7,model.layers.7.mlp.down_proj,linear,,B,5120,17408,431;432,model.layers.7.mlp.down_proj.weight,"[5120,17408]",config+architecture,SiLU(gate)*up precedes this GEMM
models--Qwen--Qwen3-14B,434,decode_step,8,model.layers.8.self_attn.q_proj,linear,,B,5120,5120,433,model.layers.8.self_attn.q_proj.weight,"[5120,5120]",config+architecture,
models--Qwen--Qwen3-14B,435,decode_step,8,model.layers.8.self_attn.k_proj,linear,,B,1024,5120,433,model.layers.8.self_attn.k_proj.weight,"[1024,5120]",config+architecture,
models--Qwen--Qwen3-14B,436,decode_step,8,model.layers.8.self_attn.v_proj,linear,,B,1024,5120,433,model.layers.8.self_attn.v_proj.weight,"[1024,5120]",config+architecture,
models--Qwen--Qwen3-14B,437,decode_step,8,model.layers.8.self_attn.qk,batched_matmul,B*QH,1,KV,128,434;435,,,config+architecture,"GQA QH=40, KVH=8"
models--Qwen--Qwen3-14B,438,decode_step,8,model.layers.8.self_attn.pv,batched_matmul,B*QH,1,128,KV,437;436,,,config+architecture,softmax/mask is a non-matmul dependency bridge
models--Qwen--Qwen3-14B,439,decode_step,8,model.layers.8.self_attn.o_proj,linear,,B,5120,5120,438,model.layers.8.self_attn.o_proj.weight,"[5120,5120]",config+architecture,
models--Qwen--Qwen3-14B,440,decode_step,8,model.layers.8.mlp.gate_proj,linear,,B,17408,5120,439,model.layers.8.mlp.gate_proj.weight,"[17408,5120]",config+architecture,
models--Qwen--Qwen3-14B,441,decode_step,8,model.layers.8.mlp.up_proj,linear,,B,17408,5120,439,model.layers.8.mlp.up_proj.weight,"[17408,5120]",config+architecture,
models--Qwen--Qwen3-14B,442,decode_step,8,model.layers.8.mlp.down_proj,linear,,B,5120,17408,440;441,model.layers.8.mlp.down_proj.weight,"[5120,17408]",config+architecture,SiLU(gate)*up precedes this GEMM
models--Qwen--Qwen3-14B,443,decode_step,9,model.layers.9.self_attn.q_proj,linear,,B,5120,5120,442,model.layers.9.self_attn.q_proj.weight,"[5120,5120]",config+architecture,
models--Qwen--Qwen3-14B,444,decode_step,9,model.layers.9.self_attn.k_proj,linear,,B,1024,5120,442,model.layers.9.self_attn.k_proj.weight,"[1024,5120]",config+architecture,
models--Qwen--Qwen3-14B,445,decode_step,9,model.layers.9.self_attn.v_proj,linear,,B,1024,5120,442,model.layers.9.self_attn.v_proj.weight,"[1024,5120]",config+architecture,
models--Qwen--Qwen3-14B,446,decode_step,9,model.layers.9.self_attn.qk,batched_matmul,B*QH,1,KV,128,443;444,,,config+architecture,"GQA QH=40, KVH=8"
models--Qwen--Qwen3-14B,447,decode_step,9,model.layers.9.self_attn.pv,batched_matmul,B*QH,1,128,KV,446;445,,,config+architecture,softmax/mask is a non-matmul dependency bridge
models--Qwen--Qwen3-14B,448,decode_step,9,model.layers.9.self_attn.o_proj,linear,,B,5120,5120,447,model.layers.9.self_attn.o_proj.weight,"[5120,5120]",config+architecture,
models--Qwen--Qwen3-14B,449,decode_step,9,model.layers.9.mlp.gate_proj,linear,,B,17408,5120,448,model.layers.9.mlp.gate_proj.weight,"[17408,5120]",config+architecture,
models--Qwen--Qwen3-14B,450,decode_step,9,model.layers.9.mlp.up_proj,linear,,B,17408,5120,448,model.layers.9.mlp.up_proj.weight,"[17408,5120]",config+architecture,
models--Qwen--Qwen3-14B,451,decode_step,9,model.layers.9.mlp.down_proj,linear,,B,5120,17408,449;450,model.layers.9.mlp.down_proj.weight,"[5120,17408]",config+architecture,SiLU(gate)*up precedes this GEMM
models--Qwen--Qwen3-14B,452,decode_step,10,model.layers.10.self_attn.q_proj,linear,,B,5120,5120,451,model.layers.10.self_attn.q_proj.weight,"[5120,5120]",config+architecture,
models--Qwen--Qwen3-14B,453,decode_step,10,model.layers.10.self_attn.k_proj,linear,,B,1024,5120,451,model.layers.10.self_attn.k_proj.weight,"[1024,5120]",config+architecture,
models--Qwen--Qwen3-14B,454,decode_step,10,model.layers.10.self_attn.v_proj,linear,,B,1024,5120,451,model.layers.10.self_attn.v_proj.weight,"[1024,5120]",config+architecture,
models--Qwen--Qwen3-14B,455,decode_step,10,model.layers.10.self_attn.qk,batched_matmul,B*QH,1,KV,128,452;453,,,config+architecture,"GQA QH=40, KVH=8"
models--Qwen--Qwen3-14B,456,decode_step,10,model.layers.10.self_attn.pv,batched_matmul,B*QH,1,128,KV,455;454,,,config+architecture,softmax/mask is a non-matmul dependency bridge
models--Qwen--Qwen3-14B,457,decode_step,10,model.layers.10.self_attn.o_proj,linear,,B,5120,5120,456,model.layers.10.self_attn.o_proj.weight,"[5120,5120]",config+architecture,
models--Qwen--Qwen3-14B,458,decode_step,10,model.layers.10.mlp.gate_proj,linear,,B,17408,5120,457,model.layers.10.mlp.gate_proj.weight,"[17408,5120]",config+architecture,
models--Qwen--Qwen3-14B,459,decode_step,10,model.layers.10.mlp.up_proj,linear,,B,17408,5120,457,model.layers.10.mlp.up_proj.weight,"[17408,5120]",config+architecture,
models--Qwen--Qwen3-14B,460,decode_step,10,model.layers.10.mlp.down_proj,linear,,B,5120,17408,458;459,model.layers.10.mlp.down_proj.weight,"[5120,17408]",config+architecture,SiLU(gate)*up precedes this GEMM
models--Qwen--Qwen3-14B,461,decode_step,11,model.layers.11.self_attn.q_proj,linear,,B,5120,5120,460,model.layers.11.self_attn.q_proj.weight,"[5120,5120]",config+architecture,
models--Qwen--Qwen3-14B,462,decode_step,11,model.layers.11.self_attn.k_proj,linear,,B,1024,5120,460,model.layers.11.self_attn.k_proj.weight,"[1024,5120]",config+architecture,
models--Qwen--Qwen3-14B,463,decode_step,11,model.layers.11.self_attn.v_proj,linear,,B,1024,5120,460,model.layers.11.self_attn.v_proj.weight,"[1024,5120]",config+architecture,
models--Qwen--Qwen3-14B,464,decode_step,11,model.layers.11.self_attn.qk,batched_matmul,B*QH,1,KV,128,461;462,,,config+architecture,"GQA QH=40, KVH=8"
models--Qwen--Qwen3-14B,465,decode_step,11,model.layers.11.self_attn.pv,batched_matmul,B*QH,1,128,KV,464;463,,,config+architecture,softmax/mask is a non-matmul dependency bridge
models--Qwen--Qwen3-14B,466,decode_step,11,model.layers.11.self_attn.o_proj,linear,,B,5120,5120,465,model.layers.11.self_attn.o_proj.weight,"[5120,5120]",config+architecture,
models--Qwen--Qwen3-14B,467,decode_step,11,model.layers.11.mlp.gate_proj,linear,,B,17408,5120,466,model.layers.11.mlp.gate_proj.weight,"[17408,5120]",config+architecture,
models--Qwen--Qwen3-14B,468,decode_step,11,model.layers.11.mlp.up_proj,linear,,B,17408,5120,466,model.layers.11.mlp.up_proj.weight,"[17408,5120]",config+architecture,
models--Qwen--Qwen3-14B,469,decode_step,11,model.layers.11.mlp.down_proj,linear,,B,5120,17408,467;468,model.layers.11.mlp.down_proj.weight,"[5120,17408]",config+architecture,SiLU(gate)*up precedes this GEMM
models--Qwen--Qwen3-14B,470,decode_step,12,model.layers.12.self_attn.q_proj,linear,,B,5120,5120,469,model.layers.12.self_attn.q_proj.weight,"[5120,5120]",config+architecture,
models--Qwen--Qwen3-14B,471,decode_step,12,model.layers.12.self_attn.k_proj,linear,,B,1024,5120,469,model.layers.12.self_attn.k_proj.weight,"[1024,5120]",config+architecture,
models--Qwen--Qwen3-14B,472,decode_step,12,model.layers.12.self_attn.v_proj,linear,,B,1024,5120,469,model.layers.12.self_attn.v_proj.weight,"[1024,5120]",config+architecture,
models--Qwen--Qwen3-14B,473,decode_step,12,model.layers.12.self_attn.qk,batched_matmul,B*QH,1,KV,128,470;471,,,config+architecture,"GQA QH=40, KVH=8"
models--Qwen--Qwen3-14B,474,decode_step,12,model.layers.12.self_attn.pv,batched_matmul,B*QH,1,128,KV,473;472,,,config+architecture,softmax/mask is a non-matmul dependency bridge
models--Qwen--Qwen3-14B,475,decode_step,12,model.layers.12.self_attn.o_proj,linear,,B,5120,5120,474,model.layers.12.self_attn.o_proj.weight,"[5120,5120]",config+architecture,
models--Qwen--Qwen3-14B,476,decode_step,12,model.layers.12.mlp.gate_proj,linear,,B,17408,5120,475,model.layers.12.mlp.gate_proj.weight,"[17408,5120]",config+architecture,
models--Qwen--Qwen3-14B,477,decode_step,12,model.layers.12.mlp.up_proj,linear,,B,17408,5120,475,model.layers.12.mlp.up_proj.weight,"[17408,5120]",config+architecture,
models--Qwen--Qwen3-14B,478,decode_step,12,model.layers.12.mlp.down_proj,linear,,B,5120,17408,476;477,model.layers.12.mlp.down_proj.weight,"[5120,17408]",config+architecture,SiLU(gate)*up precedes this GEMM
models--Qwen--Qwen3-14B,479,decode_step,13,model.layers.13.self_attn.q_proj,linear,,B,5120,5120,478,model.layers.13.self_attn.q_proj.weight,"[5120,5120]",config+architecture,
models--Qwen--Qwen3-14B,480,decode_step,13,model.layers.13.self_attn.k_proj,linear,,B,1024,5120,478,model.layers.13.self_attn.k_proj.weight,"[1024,5120]",config+architecture,
models--Qwen--Qwen3-14B,481,decode_step,13,model.layers.13.self_attn.v_proj,linear,,B,1024,5120,478,model.layers.13.self_attn.v_proj.weight,"[1024,5120]",config+architecture,
models--Qwen--Qwen3-14B,482,decode_step,13,model.layers.13.self_attn.qk,batched_matmul,B*QH,1,KV,128,479;480,,,config+architecture,"GQA QH=40, KVH=8"
models--Qwen--Qwen3-14B,483,decode_step,13,model.layers.13.self_attn.pv,batched_matmul,B*QH,1,128,KV,482;481,,,config+architecture,softmax/mask is a non-matmul dependency bridge
models--Qwen--Qwen3-14B,484,decode_step,13,model.layers.13.self_attn.o_proj,linear,,B,5120,5120,483,model.layers.13.self_attn.o_proj.weight,"[5120,5120]",config+architecture,
models--Qwen--Qwen3-14B,485,decode_step,13,model.layers.13.mlp.gate_proj,linear,,B,17408,5120,484,model.layers.13.mlp.gate_proj.weight,"[17408,5120]",config+architecture,
models--Qwen--Qwen3-14B,486,decode_step,13,model.layers.13.mlp.up_proj,linear,,B,17408,5120,484,model.layers.13.mlp.up_proj.weight,"[17408,5120]",config+architecture,
models--Qwen--Qwen3-14B,487,decode_step,13,model.layers.13.mlp.down_proj,linear,,B,5120,17408,485;486,model.layers.13.mlp.down_proj.weight,"[5120,17408]",config+architecture,SiLU(gate)*up precedes this GEMM
models--Qwen--Qwen3-14B,488,decode_step,14,model.layers.14.self_attn.q_proj,linear,,B,5120,5120,487,model.layers.14.self_attn.q_proj.weight,"[5120,5120]",config+architecture,
models--Qwen--Qwen3-14B,489,decode_step,14,model.layers.14.self_attn.k_proj,linear,,B,1024,5120,487,model.layers.14.self_attn.k_proj.weight,"[1024,5120]",config+architecture,
models--Qwen--Qwen3-14B,490,decode_step,14,model.layers.14.self_attn.v_proj,linear,,B,1024,5120,487,model.layers.14.self_attn.v_proj.weight,"[1024,5120]",config+architecture,
models--Qwen--Qwen3-14B,491,decode_step,14,model.layers.14.self_attn.qk,batched_matmul,B*QH,1,KV,128,488;489,,,config+architecture,"GQA QH=40, KVH=8"
models--Qwen--Qwen3-14B,492,decode_step,14,model.layers.14.self_attn.pv,batched_matmul,B*QH,1,128,KV,491;490,,,config+architecture,softmax/mask is a non-matmul dependency bridge
models--Qwen--Qwen3-14B,493,decode_step,14,model.layers.14.self_attn.o_proj,linear,,B,5120,5120,492,model.layers.14.self_attn.o_proj.weight,"[5120,5120]",config+architecture,
models--Qwen--Qwen3-14B,494,decode_step,14,model.layers.14.mlp.gate_proj,linear,,B,17408,5120,493,model.layers.14.mlp.gate_proj.weight,"[17408,5120]",config+architecture,
models--Qwen--Qwen3-14B,495,decode_step,14,model.layers.14.mlp.up_proj,linear,,B,17408,5120,493,model.layers.14.mlp.up_proj.weight,"[17408,5120]",config+architecture,
models--Qwen--Qwen3-14B,496,decode_step,14,model.layers.14.mlp.down_proj,linear,,B,5120,17408,494;495,model.layers.14.mlp.down_proj.weight,"[5120,17408]",config+architecture,SiLU(gate)*up precedes this GEMM
models--Qwen--Qwen3-14B,497,decode_step,15,model.layers.15.self_attn.q_proj,linear,,B,5120,5120,496,model.layers.15.self_attn.q_proj.weight,"[5120,5120]",config+architecture,
models--Qwen--Qwen3-14B,498,decode_step,15,model.layers.15.self_attn.k_proj,linear,,B,1024,5120,496,model.layers.15.self_attn.k_proj.weight,"[1024,5120]",config+architecture,
models--Qwen--Qwen3-14B,499,decode_step,15,model.layers.15.self_attn.v_proj,linear,,B,1024,5120,496,model.layers.15.self_attn.v_proj.weight,"[1024,5120]",config+architecture,
models--Qwen--Qwen3-14B,500,decode_step,15,model.layers.15.self_attn.qk,batched_matmul,B*QH,1,KV,128,497;498,,,config+architecture,"GQA QH=40, KVH=8"
models--Qwen--Qwen3-14B,501,decode_step,15,model.layers.15.self_attn.pv,batched_matmul,B*QH,1,128,KV,500;499,,,config+architecture,softmax/mask is a non-matmul dependency bridge
models--Qwen--Qwen3-14B,502,decode_step,15,model.layers.15.self_attn.o_proj,linear,,B,5120,5120,501,model.layers.15.self_attn.o_proj.weight,"[5120,5120]",config+architecture,
models--Qwen--Qwen3-14B,503,decode_step,15,model.layers.15.mlp.gate_proj,linear,,B,17408,5120,502,model.layers.15.mlp.gate_proj.weight,"[17408,5120]",config+architecture,
models--Qwen--Qwen3-14B,504,decode_step,15,model.layers.15.mlp.up_proj,linear,,B,17408,5120,502,model.layers.15.mlp.up_proj.weight,"[17408,5120]",config+architecture,
models--Qwen--Qwen3-14B,505,decode_step,15,model.layers.15.mlp.down_proj,linear,,B,5120,17408,503;504,model.layers.15.mlp.down_proj.weight,"[5120,17408]",config+architecture,SiLU(gate)*up precedes this GEMM
models--Qwen--Qwen3-14B,506,decode_step,16,model.layers.16.self_attn.q_proj,linear,,B,5120,5120,505,model.layers.16.self_attn.q_proj.weight,"[5120,5120]",config+architecture,
models--Qwen--Qwen3-14B,507,decode_step,16,model.layers.16.self_attn.k_proj,linear,,B,1024,5120,505,model.layers.16.self_attn.k_proj.weight,"[1024,5120]",config+architecture,
models--Qwen--Qwen3-14B,508,decode_step,16,model.layers.16.self_attn.v_proj,linear,,B,1024,5120,505,model.layers.16.self_attn.v_proj.weight,"[1024,5120]",config+architecture,
models--Qwen--Qwen3-14B,509,decode_step,16,model.layers.16.self_attn.qk,batched_matmul,B*QH,1,KV,128,506;507,,,config+architecture,"GQA QH=40, KVH=8"
models--Qwen--Qwen3-14B,510,decode_step,16,model.layers.16.self_attn.pv,batched_matmul,B*QH,1,128,KV,509;508,,,config+architecture,softmax/mask is a non-matmul dependency bridge
models--Qwen--Qwen3-14B,511,decode_step,16,model.layers.16.self_attn.o_proj,linear,,B,5120,5120,510,model.layers.16.self_attn.o_proj.weight,"[5120,5120]",config+architecture,
models--Qwen--Qwen3-14B,512,decode_step,16,model.layers.16.mlp.gate_proj,linear,,B,17408,5120,511,model.layers.16.mlp.gate_proj.weight,"[17408,5120]",config+architecture,
models--Qwen--Qwen3-14B,513,decode_step,16,model.layers.16.mlp.up_proj,linear,,B,17408,5120,511,model.layers.16.mlp.up_proj.weight,"[17408,5120]",config+architecture,
models--Qwen--Qwen3-14B,514,decode_step,16,model.layers.16.mlp.down_proj,linear,,B,5120,17408,512;513,model.layers.16.mlp.down_proj.weight,"[5120,17408]",config+architecture,SiLU(gate)*up precedes this GEMM
models--Qwen--Qwen3-14B,515,decode_step,17,model.layers.17.self_attn.q_proj,linear,,B,5120,5120,514,model.layers.17.self_attn.q_proj.weight,"[5120,5120]",config+architecture,
models--Qwen--Qwen3-14B,516,decode_step,17,model.layers.17.self_attn.k_proj,linear,,B,1024,5120,514,model.layers.17.self_attn.k_proj.weight,"[1024,5120]",config+architecture,
models--Qwen--Qwen3-14B,517,decode_step,17,model.layers.17.self_attn.v_proj,linear,,B,1024,5120,514,model.layers.17.self_attn.v_proj.weight,"[1024,5120]",config+architecture,
models--Qwen--Qwen3-14B,518,decode_step,17,model.layers.17.self_attn.qk,batched_matmul,B*QH,1,KV,128,515;516,,,config+architecture,"GQA QH=40, KVH=8"
models--Qwen--Qwen3-14B,519,decode_step,17,model.layers.17.self_attn.pv,batched_matmul,B*QH,1,128,KV,518;517,,,config+architecture,softmax/mask is a non-matmul dependency bridge
models--Qwen--Qwen3-14B,520,decode_step,17,model.layers.17.self_attn.o_proj,linear,,B,5120,5120,519,model.layers.17.self_attn.o_proj.weight,"[5120,5120]",config+architecture,
models--Qwen--Qwen3-14B,521,decode_step,17,model.layers.17.mlp.gate_proj,linear,,B,17408,5120,520,model.layers.17.mlp.gate_proj.weight,"[17408,5120]",config+architecture,
models--Qwen--Qwen3-14B,522,decode_step,17,model.layers.17.mlp.up_proj,linear,,B,17408,5120,520,model.layers.17.mlp.up_proj.weight,"[17408,5120]",config+architecture,
models--Qwen--Qwen3-14B,523,decode_step,17,model.layers.17.mlp.down_proj,linear,,B,5120,17408,521;522,model.layers.17.mlp.down_proj.weight,"[5120,17408]",config+architecture,SiLU(gate)*up precedes this GEMM
models--Qwen--Qwen3-14B,524,decode_step,18,model.layers.18.self_attn.q_proj,linear,,B,5120,5120,523,model.layers.18.self_attn.q_proj.weight,"[5120,5120]",config+architecture,
models--Qwen--Qwen3-14B,525,decode_step,18,model.layers.18.self_attn.k_proj,linear,,B,1024,5120,523,model.layers.18.self_attn.k_proj.weight,"[1024,5120]",config+architecture,
models--Qwen--Qwen3-14B,526,decode_step,18,model.layers.18.self_attn.v_proj,linear,,B,1024,5120,523,model.layers.18.self_attn.v_proj.weight,"[1024,5120]",config+architecture,
models--Qwen--Qwen3-14B,527,decode_step,18,model.layers.18.self_attn.qk,batched_matmul,B*QH,1,KV,128,524;525,,,config+architecture,"GQA QH=40, KVH=8"
models--Qwen--Qwen3-14B,528,decode_step,18,model.layers.18.self_attn.pv,batched_matmul,B*QH,1,128,KV,527;526,,,config+architecture,softmax/mask is a non-matmul dependency bridge
models--Qwen--Qwen3-14B,529,decode_step,18,model.layers.18.self_attn.o_proj,linear,,B,5120,5120,528,model.layers.18.self_attn.o_proj.weight,"[5120,5120]",config+architecture,
models--Qwen--Qwen3-14B,530,decode_step,18,model.layers.18.mlp.gate_proj,linear,,B,17408,5120,529,model.layers.18.mlp.gate_proj.weight,"[17408,5120]",config+architecture,
models--Qwen--Qwen3-14B,531,decode_step,18,model.layers.18.mlp.up_proj,linear,,B,17408,5120,529,model.layers.18.mlp.up_proj.weight,"[17408,5120]",config+architecture,
models--Qwen--Qwen3-14B,532,decode_step,18,model.layers.18.mlp.down_proj,linear,,B,5120,17408,530;531,model.layers.18.mlp.down_proj.weight,"[5120,17408]",config+architecture,SiLU(gate)*up precedes this GEMM
models--Qwen--Qwen3-14B,533,decode_step,19,model.layers.19.self_attn.q_proj,linear,,B,5120,5120,532,model.layers.19.self_attn.q_proj.weight,"[5120,5120]",config+architecture,
models--Qwen--Qwen3-14B,534,decode_step,19,model.layers.19.self_attn.k_proj,linear,,B,1024,5120,532,model.layers.19.self_attn.k_proj.weight,"[1024,5120]",config+architecture,
models--Qwen--Qwen3-14B,535,decode_step,19,model.layers.19.self_attn.v_proj,linear,,B,1024,5120,532,model.layers.19.self_attn.v_proj.weight,"[1024,5120]",config+architecture,
models--Qwen--Qwen3-14B,536,decode_step,19,model.layers.19.self_attn.qk,batched_matmul,B*QH,1,KV,128,533;534,,,config+architecture,"GQA QH=40, KVH=8"
models--Qwen--Qwen3-14B,537,decode_step,19,model.layers.19.self_attn.pv,batched_matmul,B*QH,1,128,KV,536;535,,,config+architecture,softmax/mask is a non-matmul dependency bridge
models--Qwen--Qwen3-14B,538,decode_step,19,model.layers.19.self_attn.o_proj,linear,,B,5120,5120,537,model.layers.19.self_attn.o_proj.weight,"[5120,5120]",config+architecture,
models--Qwen--Qwen3-14B,539,decode_step,19,model.layers.19.mlp.gate_proj,linear,,B,17408,5120,538,model.layers.19.mlp.gate_proj.weight,"[17408,5120]",config+architecture,
models--Qwen--Qwen3-14B,540,decode_step,19,model.layers.19.mlp.up_proj,linear,,B,17408,5120,538,model.layers.19.mlp.up_proj.weight,"[17408,5120]",config+architecture,
models--Qwen--Qwen3-14B,541,decode_step,19,model.layers.19.mlp.down_proj,linear,,B,5120,17408,539;540,model.layers.19.mlp.down_proj.weight,"[5120,17408]",config+architecture,SiLU(gate)*up precedes this GEMM
models--Qwen--Qwen3-14B,542,decode_step,20,model.layers.20.self_attn.q_proj,linear,,B,5120,5120,541,model.layers.20.self_attn.q_proj.weight,"[5120,5120]",config+architecture,
models--Qwen--Qwen3-14B,543,decode_step,20,model.layers.20.self_attn.k_proj,linear,,B,1024,5120,541,model.layers.20.self_attn.k_proj.weight,"[1024,5120]",config+architecture,
models--Qwen--Qwen3-14B,544,decode_step,20,model.layers.20.self_attn.v_proj,linear,,B,1024,5120,541,model.layers.20.self_attn.v_proj.weight,"[1024,5120]",config+architecture,
models--Qwen--Qwen3-14B,545,decode_step,20,model.layers.20.self_attn.qk,batched_matmul,B*QH,1,KV,128,542;543,,,config+architecture,"GQA QH=40, KVH=8"
models--Qwen--Qwen3-14B,546,decode_step,20,model.layers.20.self_attn.pv,batched_matmul,B*QH,1,128,KV,545;544,,,config+architecture,softmax/mask is a non-matmul dependency bridge
models--Qwen--Qwen3-14B,547,decode_step,20,model.layers.20.self_attn.o_proj,linear,,B,5120,5120,546,model.layers.20.self_attn.o_proj.weight,"[5120,5120]",config+architecture,
models--Qwen--Qwen3-14B,548,decode_step,20,model.layers.20.mlp.gate_proj,linear,,B,17408,5120,547,model.layers.20.mlp.gate_proj.weight,"[17408,5120]",config+architecture,
models--Qwen--Qwen3-14B,549,decode_step,20,model.layers.20.mlp.up_proj,linear,,B,17408,5120,547,model.layers.20.mlp.up_proj.weight,"[17408,5120]",config+architecture,
models--Qwen--Qwen3-14B,550,decode_step,20,model.layers.20.mlp.down_proj,linear,,B,5120,17408,548;549,model.layers.20.mlp.down_proj.weight,"[5120,17408]",config+architecture,SiLU(gate)*up precedes this GEMM
models--Qwen--Qwen3-14B,551,decode_step,21,model.layers.21.self_attn.q_proj,linear,,B,5120,5120,550,model.layers.21.self_attn.q_proj.weight,"[5120,5120]",config+architecture,
models--Qwen--Qwen3-14B,552,decode_step,21,model.layers.21.self_attn.k_proj,linear,,B,1024,5120,550,model.layers.21.self_attn.k_proj.weight,"[1024,5120]",config+architecture,
models--Qwen--Qwen3-14B,553,decode_step,21,model.layers.21.self_attn.v_proj,linear,,B,1024,5120,550,model.layers.21.self_attn.v_proj.weight,"[1024,5120]",config+architecture,
models--Qwen--Qwen3-14B,554,decode_step,21,model.layers.21.self_attn.qk,batched_matmul,B*QH,1,KV,128,551;552,,,config+architecture,"GQA QH=40, KVH=8"
models--Qwen--Qwen3-14B,555,decode_step,21,model.layers.21.self_attn.pv,batched_matmul,B*QH,1,128,KV,554;553,,,config+architecture,softmax/mask is a non-matmul dependency bridge
models--Qwen--Qwen3-14B,556,decode_step,21,model.layers.21.self_attn.o_proj,linear,,B,5120,5120,555,model.layers.21.self_attn.o_proj.weight,"[5120,5120]",config+architecture,
models--Qwen--Qwen3-14B,557,decode_step,21,model.layers.21.mlp.gate_proj,linear,,B,17408,5120,556,model.layers.21.mlp.gate_proj.weight,"[17408,5120]",config+architecture,
models--Qwen--Qwen3-14B,558,decode_step,21,model.layers.21.mlp.up_proj,linear,,B,17408,5120,556,model.layers.21.mlp.up_proj.weight,"[17408,5120]",config+architecture,
models--Qwen--Qwen3-14B,559,decode_step,21,model.layers.21.mlp.down_proj,linear,,B,5120,17408,557;558,model.layers.21.mlp.down_proj.weight,"[5120,17408]",config+architecture,SiLU(gate)*up precedes this GEMM
models--Qwen--Qwen3-14B,560,decode_step,22,model.layers.22.self_attn.q_proj,linear,,B,5120,5120,559,model.layers.22.self_attn.q_proj.weight,"[5120,5120]",config+architecture,
models--Qwen--Qwen3-14B,561,decode_step,22,model.layers.22.self_attn.k_proj,linear,,B,1024,5120,559,model.layers.22.self_attn.k_proj.weight,"[1024,5120]",config+architecture,
models--Qwen--Qwen3-14B,562,decode_step,22,model.layers.22.self_attn.v_proj,linear,,B,1024,5120,559,model.layers.22.self_attn.v_proj.weight,"[1024,5120]",config+architecture,
models--Qwen--Qwen3-14B,563,decode_step,22,model.layers.22.self_attn.qk,batched_matmul,B*QH,1,KV,128,560;561,,,config+architecture,"GQA QH=40, KVH=8"
models--Qwen--Qwen3-14B,564,decode_step,22,model.layers.22.self_attn.pv,batched_matmul,B*QH,1,128,KV,563;562,,,config+architecture,softmax/mask is a non-matmul dependency bridge
models--Qwen--Qwen3-14B,565,decode_step,22,model.layers.22.self_attn.o_proj,linear,,B,5120,5120,564,model.layers.22.self_attn.o_proj.weight,"[5120,5120]",config+architecture,
models--Qwen--Qwen3-14B,566,decode_step,22,model.layers.22.mlp.gate_proj,linear,,B,17408,5120,565,model.layers.22.mlp.gate_proj.weight,"[17408,5120]",config+architecture,
models--Qwen--Qwen3-14B,567,decode_step,22,model.layers.22.mlp.up_proj,linear,,B,17408,5120,565,model.layers.22.mlp.up_proj.weight,"[17408,5120]",config+architecture,
models--Qwen--Qwen3-14B,568,decode_step,22,model.layers.22.mlp.down_proj,linear,,B,5120,17408,566;567,model.layers.22.mlp.down_proj.weight,"[5120,17408]",config+architecture,SiLU(gate)*up precedes this GEMM
models--Qwen--Qwen3-14B,569,decode_step,23,model.layers.23.self_attn.q_proj,linear,,B,5120,5120,568,model.layers.23.self_attn.q_proj.weight,"[5120,5120]",config+architecture,
models--Qwen--Qwen3-14B,570,decode_step,23,model.layers.23.self_attn.k_proj,linear,,B,1024,5120,568,model.layers.23.self_attn.k_proj.weight,"[1024,5120]",config+architecture,
models--Qwen--Qwen3-14B,571,decode_step,23,model.layers.23.self_attn.v_proj,linear,,B,1024,5120,568,model.layers.23.self_attn.v_proj.weight,"[1024,5120]",config+architecture,
models--Qwen--Qwen3-14B,572,decode_step,23,model.layers.23.self_attn.qk,batched_matmul,B*QH,1,KV,128,569;570,,,config+architecture,"GQA QH=40, KVH=8"
models--Qwen--Qwen3-14B,573,decode_step,23,model.layers.23.self_attn.pv,batched_matmul,B*QH,1,128,KV,572;571,,,config+architecture,softmax/mask is a non-matmul dependency bridge
models--Qwen--Qwen3-14B,574,decode_step,23,model.layers.23.self_attn.o_proj,linear,,B,5120,5120,573,model.layers.23.self_attn.o_proj.weight,"[5120,5120]",config+architecture,
models--Qwen--Qwen3-14B,575,decode_step,23,model.layers.23.mlp.gate_proj,linear,,B,17408,5120,574,model.layers.23.mlp.gate_proj.weight,"[17408,5120]",config+architecture,
models--Qwen--Qwen3-14B,576,decode_step,23,model.layers.23.mlp.up_proj,linear,,B,17408,5120,574,model.layers.23.mlp.up_proj.weight,"[17408,5120]",config+architecture,
models--Qwen--Qwen3-14B,577,decode_step,23,model.layers.23.mlp.down_proj,linear,,B,5120,17408,575;576,model.layers.23.mlp.down_proj.weight,"[5120,17408]",config+architecture,SiLU(gate)*up precedes this GEMM
models--Qwen--Qwen3-14B,578,decode_step,24,model.layers.24.self_attn.q_proj,linear,,B,5120,5120,577,model.layers.24.self_attn.q_proj.weight,"[5120,5120]",config+architecture,
models--Qwen--Qwen3-14B,579,decode_step,24,model.layers.24.self_attn.k_proj,linear,,B,1024,5120,577,model.layers.24.self_attn.k_proj.weight,"[1024,5120]",config+architecture,
models--Qwen--Qwen3-14B,580,decode_step,24,model.layers.24.self_attn.v_proj,linear,,B,1024,5120,577,model.layers.24.self_attn.v_proj.weight,"[1024,5120]",config+architecture,
models--Qwen--Qwen3-14B,581,decode_step,24,model.layers.24.self_attn.qk,batched_matmul,B*QH,1,KV,128,578;579,,,config+architecture,"GQA QH=40, KVH=8"
models--Qwen--Qwen3-14B,582,decode_step,24,model.layers.24.self_attn.pv,batched_matmul,B*QH,1,128,KV,581;580,,,config+architecture,softmax/mask is a non-matmul dependency bridge
models--Qwen--Qwen3-14B,583,decode_step,24,model.layers.24.self_attn.o_proj,linear,,B,5120,5120,582,model.layers.24.self_attn.o_proj.weight,"[5120,5120]",config+architecture,
models--Qwen--Qwen3-14B,584,decode_step,24,model.layers.24.mlp.gate_proj,linear,,B,17408,5120,583,model.layers.24.mlp.gate_proj.weight,"[17408,5120]",config+architecture,
models--Qwen--Qwen3-14B,585,decode_step,24,model.layers.24.mlp.up_proj,linear,,B,17408,5120,583,model.layers.24.mlp.up_proj.weight,"[17408,5120]",config+architecture,
models--Qwen--Qwen3-14B,586,decode_step,24,model.layers.24.mlp.down_proj,linear,,B,5120,17408,584;585,model.layers.24.mlp.down_proj.weight,"[5120,17408]",config+architecture,SiLU(gate)*up precedes this GEMM
models--Qwen--Qwen3-14B,587,decode_step,25,model.layers.25.self_attn.q_proj,linear,,B,5120,5120,586,model.layers.25.self_attn.q_proj.weight,"[5120,5120]",config+architecture,
models--Qwen--Qwen3-14B,588,decode_step,25,model.layers.25.self_attn.k_proj,linear,,B,1024,5120,586,model.layers.25.self_attn.k_proj.weight,"[1024,5120]",config+architecture,
models--Qwen--Qwen3-14B,589,decode_step,25,model.layers.25.self_attn.v_proj,linear,,B,1024,5120,586,model.layers.25.self_attn.v_proj.weight,"[1024,5120]",config+architecture,
models--Qwen--Qwen3-14B,590,decode_step,25,model.layers.25.self_attn.qk,batched_matmul,B*QH,1,KV,128,587;588,,,config+architecture,"GQA QH=40, KVH=8"
models--Qwen--Qwen3-14B,591,decode_step,25,model.layers.25.self_attn.pv,batched_matmul,B*QH,1,128,KV,590;589,,,config+architecture,softmax/mask is a non-matmul dependency bridge
models--Qwen--Qwen3-14B,592,decode_step,25,model.layers.25.self_attn.o_proj,linear,,B,5120,5120,591,model.layers.25.self_attn.o_proj.weight,"[5120,5120]",config+architecture,
models--Qwen--Qwen3-14B,593,decode_step,25,model.layers.25.mlp.gate_proj,linear,,B,17408,5120,592,model.layers.25.mlp.gate_proj.weight,"[17408,5120]",config+architecture,
models--Qwen--Qwen3-14B,594,decode_step,25,model.layers.25.mlp.up_proj,linear,,B,17408,5120,592,model.layers.25.mlp.up_proj.weight,"[17408,5120]",config+architecture,
models--Qwen--Qwen3-14B,595,decode_step,25,model.layers.25.mlp.down_proj,linear,,B,5120,17408,593;594,model.layers.25.mlp.down_proj.weight,"[5120,17408]",config+architecture,SiLU(gate)*up precedes this GEMM
models--Qwen--Qwen3-14B,596,decode_step,26,model.layers.26.self_attn.q_proj,linear,,B,5120,5120,595,model.layers.26.self_attn.q_proj.weight,"[5120,5120]",config+architecture,
models--Qwen--Qwen3-14B,597,decode_step,26,model.layers.26.self_attn.k_proj,linear,,B,1024,5120,595,model.layers.26.self_attn.k_proj.weight,"[1024,5120]",config+architecture,
models--Qwen--Qwen3-14B,598,decode_step,26,model.layers.26.self_attn.v_proj,linear,,B,1024,5120,595,model.layers.26.self_attn.v_proj.weight,"[1024,5120]",config+architecture,
models--Qwen--Qwen3-14B,599,decode_step,26,model.layers.26.self_attn.qk,batched_matmul,B*QH,1,KV,128,596;597,,,config+architecture,"GQA QH=40, KVH=8"
models--Qwen--Qwen3-14B,600,decode_step,26,model.layers.26.self_attn.pv,batched_matmul,B*QH,1,128,KV,599;598,,,config+architecture,softmax/mask is a non-matmul dependency bridge
models--Qwen--Qwen3-14B,601,decode_step,26,model.layers.26.self_attn.o_proj,linear,,B,5120,5120,600,model.layers.26.self_attn.o_proj.weight,"[5120,5120]",config+architecture,
models--Qwen--Qwen3-14B,602,decode_step,26,model.layers.26.mlp.gate_proj,linear,,B,17408,5120,601,model.layers.26.mlp.gate_proj.weight,"[17408,5120]",config+architecture,
models--Qwen--Qwen3-14B,603,decode_step,26,model.layers.26.mlp.up_proj,linear,,B,17408,5120,601,model.layers.26.mlp.up_proj.weight,"[17408,5120]",config+architecture,
models--Qwen--Qwen3-14B,604,decode_step,26,model.layers.26.mlp.down_proj,linear,,B,5120,17408,602;603,model.layers.26.mlp.down_proj.weight,"[5120,17408]",config+architecture,SiLU(gate)*up precedes this GEMM
models--Qwen--Qwen3-14B,605,decode_step,27,model.layers.27.self_attn.q_proj,linear,,B,5120,5120,604,model.layers.27.self_attn.q_proj.weight,"[5120,5120]",config+architecture,
models--Qwen--Qwen3-14B,606,decode_step,27,model.layers.27.self_attn.k_proj,linear,,B,1024,5120,604,model.layers.27.self_attn.k_proj.weight,"[1024,5120]",config+architecture,
models--Qwen--Qwen3-14B,607,decode_step,27,model.layers.27.self_attn.v_proj,linear,,B,1024,5120,604,model.layers.27.self_attn.v_proj.weight,"[1024,5120]",config+architecture,
models--Qwen--Qwen3-14B,608,decode_step,27,model.layers.27.self_attn.qk,batched_matmul,B*QH,1,KV,128,605;606,,,config+architecture,"GQA QH=40, KVH=8"
models--Qwen--Qwen3-14B,609,decode_step,27,model.layers.27.self_attn.pv,batched_matmul,B*QH,1,128,KV,608;607,,,config+architecture,softmax/mask is a non-matmul dependency bridge
models--Qwen--Qwen3-14B,610,decode_step,27,model.layers.27.self_attn.o_proj,linear,,B,5120,5120,609,model.layers.27.self_attn.o_proj.weight,"[5120,5120]",config+architecture,
models--Qwen--Qwen3-14B,611,decode_step,27,model.layers.27.mlp.gate_proj,linear,,B,17408,5120,610,model.layers.27.mlp.gate_proj.weight,"[17408,5120]",config+architecture,
models--Qwen--Qwen3-14B,612,decode_step,27,model.layers.27.mlp.up_proj,linear,,B,17408,5120,610,model.layers.27.mlp.up_proj.weight,"[17408,5120]",config+architecture,
models--Qwen--Qwen3-14B,613,decode_step,27,model.layers.27.mlp.down_proj,linear,,B,5120,17408,611;612,model.layers.27.mlp.down_proj.weight,"[5120,17408]",config+architecture,SiLU(gate)*up precedes this GEMM
models--Qwen--Qwen3-14B,614,decode_step,28,model.layers.28.self_attn.q_proj,linear,,B,5120,5120,613,model.layers.28.self_attn.q_proj.weight,"[5120,5120]",config+architecture,
models--Qwen--Qwen3-14B,615,decode_step,28,model.layers.28.self_attn.k_proj,linear,,B,1024,5120,613,model.layers.28.self_attn.k_proj.weight,"[1024,5120]",config+architecture,
models--Qwen--Qwen3-14B,616,decode_step,28,model.layers.28.self_attn.v_proj,linear,,B,1024,5120,613,model.layers.28.self_attn.v_proj.weight,"[1024,5120]",config+architecture,
models--Qwen--Qwen3-14B,617,decode_step,28,model.layers.28.self_attn.qk,batched_matmul,B*QH,1,KV,128,614;615,,,config+architecture,"GQA QH=40, KVH=8"
models--Qwen--Qwen3-14B,618,decode_step,28,model.layers.28.self_attn.pv,batched_matmul,B*QH,1,128,KV,617;616,,,config+architecture,softmax/mask is a non-matmul dependency bridge
models--Qwen--Qwen3-14B,619,decode_step,28,model.layers.28.self_attn.o_proj,linear,,B,5120,5120,618,model.layers.28.self_attn.o_proj.weight,"[5120,5120]",config+architecture,
models--Qwen--Qwen3-14B,620,decode_step,28,model.layers.28.mlp.gate_proj,linear,,B,17408,5120,619,model.layers.28.mlp.gate_proj.weight,"[17408,5120]",config+architecture,
models--Qwen--Qwen3-14B,621,decode_step,28,model.layers.28.mlp.up_proj,linear,,B,17408,5120,619,model.layers.28.mlp.up_proj.weight,"[17408,5120]",config+architecture,
models--Qwen--Qwen3-14B,622,decode_step,28,model.layers.28.mlp.down_proj,linear,,B,5120,17408,620;621,model.layers.28.mlp.down_proj.weight,"[5120,17408]",config+architecture,SiLU(gate)*up precedes this GEMM
models--Qwen--Qwen3-14B,623,decode_step,29,model.layers.29.self_attn.q_proj,linear,,B,5120,5120,622,model.layers.29.self_attn.q_proj.weight,"[5120,5120]",config+architecture,
models--Qwen--Qwen3-14B,624,decode_step,29,model.layers.29.self_attn.k_proj,linear,,B,1024,5120,622,model.layers.29.self_attn.k_proj.weight,"[1024,5120]",config+architecture,
models--Qwen--Qwen3-14B,625,decode_step,29,model.layers.29.self_attn.v_proj,linear,,B,1024,5120,622,model.layers.29.self_attn.v_proj.weight,"[1024,5120]",config+architecture,
models--Qwen--Qwen3-14B,626,decode_step,29,model.layers.29.self_attn.qk,batched_matmul,B*QH,1,KV,128,623;624,,,config+architecture,"GQA QH=40, KVH=8"
models--Qwen--Qwen3-14B,627,decode_step,29,model.layers.29.self_attn.pv,batched_matmul,B*QH,1,128,KV,626;625,,,config+architecture,softmax/mask is a non-matmul dependency bridge
models--Qwen--Qwen3-14B,628,decode_step,29,model.layers.29.self_attn.o_proj,linear,,B,5120,5120,627,model.layers.29.self_attn.o_proj.weight,"[5120,5120]",config+architecture,
models--Qwen--Qwen3-14B,629,decode_step,29,model.layers.29.mlp.gate_proj,linear,,B,17408,5120,628,model.layers.29.mlp.gate_proj.weight,"[17408,5120]",config+architecture,
models--Qwen--Qwen3-14B,630,decode_step,29,model.layers.29.mlp.up_proj,linear,,B,17408,5120,628,model.layers.29.mlp.up_proj.weight,"[17408,5120]",config+architecture,
models--Qwen--Qwen3-14B,631,decode_step,29,model.layers.29.mlp.down_proj,linear,,B,5120,17408,629;630,model.layers.29.mlp.down_proj.weight,"[5120,17408]",config+architecture,SiLU(gate)*up precedes this GEMM
models--Qwen--Qwen3-14B,632,decode_step,30,model.layers.30.self_attn.q_proj,linear,,B,5120,5120,631,model.layers.30.self_attn.q_proj.weight,"[5120,5120]",config+architecture,
models--Qwen--Qwen3-14B,633,decode_step,30,model.layers.30.self_attn.k_proj,linear,,B,1024,5120,631,model.layers.30.self_attn.k_proj.weight,"[1024,5120]",config+architecture,
models--Qwen--Qwen3-14B,634,decode_step,30,model.layers.30.self_attn.v_proj,linear,,B,1024,5120,631,model.layers.30.self_attn.v_proj.weight,"[1024,5120]",config+architecture,
models--Qwen--Qwen3-14B,635,decode_step,30,model.layers.30.self_attn.qk,batched_matmul,B*QH,1,KV,128,632;633,,,config+architecture,"GQA QH=40, KVH=8"
models--Qwen--Qwen3-14B,636,decode_step,30,model.layers.30.self_attn.pv,batched_matmul,B*QH,1,128,KV,635;634,,,config+architecture,softmax/mask is a non-matmul dependency bridge
models--Qwen--Qwen3-14B,637,decode_step,30,model.layers.30.self_attn.o_proj,linear,,B,5120,5120,636,model.layers.30.self_attn.o_proj.weight,"[5120,5120]",config+architecture,
models--Qwen--Qwen3-14B,638,decode_step,30,model.layers.30.mlp.gate_proj,linear,,B,17408,5120,637,model.layers.30.mlp.gate_proj.weight,"[17408,5120]",config+architecture,
models--Qwen--Qwen3-14B,639,decode_step,30,model.layers.30.mlp.up_proj,linear,,B,17408,5120,637,model.layers.30.mlp.up_proj.weight,"[17408,5120]",config+architecture,
models--Qwen--Qwen3-14B,640,decode_step,30,model.layers.30.mlp.down_proj,linear,,B,5120,17408,638;639,model.layers.30.mlp.down_proj.weight,"[5120,17408]",config+architecture,SiLU(gate)*up precedes this GEMM
models--Qwen--Qwen3-14B,641,decode_step,31,model.layers.31.self_attn.q_proj,linear,,B,5120,5120,640,model.layers.31.self_attn.q_proj.weight,"[5120,5120]",config+architecture,
models--Qwen--Qwen3-14B,642,decode_step,31,model.layers.31.self_attn.k_proj,linear,,B,1024,5120,640,model.layers.31.self_attn.k_proj.weight,"[1024,5120]",config+architecture,
models--Qwen--Qwen3-14B,643,decode_step,31,model.layers.31.self_attn.v_proj,linear,,B,1024,5120,640,model.layers.31.self_attn.v_proj.weight,"[1024,5120]",config+architecture,
models--Qwen--Qwen3-14B,644,decode_step,31,model.layers.31.self_attn.qk,batched_matmul,B*QH,1,KV,128,641;642,,,config+architecture,"GQA QH=40, KVH=8"
models--Qwen--Qwen3-14B,645,decode_step,31,model.layers.31.self_attn.pv,batched_matmul,B*QH,1,128,KV,644;643,,,config+architecture,softmax/mask is a non-matmul dependency bridge
models--Qwen--Qwen3-14B,646,decode_step,31,model.layers.31.self_attn.o_proj,linear,,B,5120,5120,645,model.layers.31.self_attn.o_proj.weight,"[5120,5120]",config+architecture,
models--Qwen--Qwen3-14B,647,decode_step,31,model.layers.31.mlp.gate_proj,linear,,B,17408,5120,646,model.layers.31.mlp.gate_proj.weight,"[17408,5120]",config+architecture,
models--Qwen--Qwen3-14B,648,decode_step,31,model.layers.31.mlp.up_proj,linear,,B,17408,5120,646,model.layers.31.mlp.up_proj.weight,"[17408,5120]",config+architecture,
models--Qwen--Qwen3-14B,649,decode_step,31,model.layers.31.mlp.down_proj,linear,,B,5120,17408,647;648,model.layers.31.mlp.down_proj.weight,"[5120,17408]",config+architecture,SiLU(gate)*up precedes this GEMM
models--Qwen--Qwen3-14B,650,decode_step,32,model.layers.32.self_attn.q_proj,linear,,B,5120,5120,649,model.layers.32.self_attn.q_proj.weight,"[5120,5120]",config+architecture,
models--Qwen--Qwen3-14B,651,decode_step,32,model.layers.32.self_attn.k_proj,linear,,B,1024,5120,649,model.layers.32.self_attn.k_proj.weight,"[1024,5120]",config+architecture,
models--Qwen--Qwen3-14B,652,decode_step,32,model.layers.32.self_attn.v_proj,linear,,B,1024,5120,649,model.layers.32.self_attn.v_proj.weight,"[1024,5120]",config+architecture,
models--Qwen--Qwen3-14B,653,decode_step,32,model.layers.32.self_attn.qk,batched_matmul,B*QH,1,KV,128,650;651,,,config+architecture,"GQA QH=40, KVH=8"
models--Qwen--Qwen3-14B,654,decode_step,32,model.layers.32.self_attn.pv,batched_matmul,B*QH,1,128,KV,653;652,,,config+architecture,softmax/mask is a non-matmul dependency bridge
models--Qwen--Qwen3-14B,655,decode_step,32,model.layers.32.self_attn.o_proj,linear,,B,5120,5120,654,model.layers.32.self_attn.o_proj.weight,"[5120,5120]",config+architecture,
models--Qwen--Qwen3-14B,656,decode_step,32,model.layers.32.mlp.gate_proj,linear,,B,17408,5120,655,model.layers.32.mlp.gate_proj.weight,"[17408,5120]",config+architecture,
models--Qwen--Qwen3-14B,657,decode_step,32,model.layers.32.mlp.up_proj,linear,,B,17408,5120,655,model.layers.32.mlp.up_proj.weight,"[17408,5120]",config+architecture,
models--Qwen--Qwen3-14B,658,decode_step,32,model.layers.32.mlp.down_proj,linear,,B,5120,17408,656;657,model.layers.32.mlp.down_proj.weight,"[5120,17408]",config+architecture,SiLU(gate)*up precedes this GEMM
models--Qwen--Qwen3-14B,659,decode_step,33,model.layers.33.self_attn.q_proj,linear,,B,5120,5120,658,model.layers.33.self_attn.q_proj.weight,"[5120,5120]",config+architecture,
models--Qwen--Qwen3-14B,660,decode_step,33,model.layers.33.self_attn.k_proj,linear,,B,1024,5120,658,model.layers.33.self_attn.k_proj.weight,"[1024,5120]",config+architecture,
models--Qwen--Qwen3-14B,661,decode_step,33,model.layers.33.self_attn.v_proj,linear,,B,1024,5120,658,model.layers.33.self_attn.v_proj.weight,"[1024,5120]",config+architecture,
models--Qwen--Qwen3-14B,662,decode_step,33,model.layers.33.self_attn.qk,batched_matmul,B*QH,1,KV,128,659;660,,,config+architecture,"GQA QH=40, KVH=8"
models--Qwen--Qwen3-14B,663,decode_step,33,model.layers.33.self_attn.pv,batched_matmul,B*QH,1,128,KV,662;661,,,config+architecture,softmax/mask is a non-matmul dependency bridge
models--Qwen--Qwen3-14B,664,decode_step,33,model.layers.33.self_attn.o_proj,linear,,B,5120,5120,663,model.layers.33.self_attn.o_proj.weight,"[5120,5120]",config+architecture,
models--Qwen--Qwen3-14B,665,decode_step,33,model.layers.33.mlp.gate_proj,linear,,B,17408,5120,664,model.layers.33.mlp.gate_proj.weight,"[17408,5120]",config+architecture,
models--Qwen--Qwen3-14B,666,decode_step,33,model.layers.33.mlp.up_proj,linear,,B,17408,5120,664,model.layers.33.mlp.up_proj.weight,"[17408,5120]",config+architecture,
models--Qwen--Qwen3-14B,667,decode_step,33,model.layers.33.mlp.down_proj,linear,,B,5120,17408,665;666,model.layers.33.mlp.down_proj.weight,"[5120,17408]",config+architecture,SiLU(gate)*up precedes this GEMM
models--Qwen--Qwen3-14B,668,decode_step,34,model.layers.34.self_attn.q_proj,linear,,B,5120,5120,667,model.layers.34.self_attn.q_proj.weight,"[5120,5120]",config+architecture,
models--Qwen--Qwen3-14B,669,decode_step,34,model.layers.34.self_attn.k_proj,linear,,B,1024,5120,667,model.layers.34.self_attn.k_proj.weight,"[1024,5120]",config+architecture,
models--Qwen--Qwen3-14B,670,decode_step,34,model.layers.34.self_attn.v_proj,linear,,B,1024,5120,667,model.layers.34.self_attn.v_proj.weight,"[1024,5120]",config+architecture,
models--Qwen--Qwen3-14B,671,decode_step,34,model.layers.34.self_attn.qk,batched_matmul,B*QH,1,KV,128,668;669,,,config+architecture,"GQA QH=40, KVH=8"
models--Qwen--Qwen3-14B,672,decode_step,34,model.layers.34.self_attn.pv,batched_matmul,B*QH,1,128,KV,671;670,,,config+architecture,softmax/mask is a non-matmul dependency bridge
models--Qwen--Qwen3-14B,673,decode_step,34,model.layers.34.self_attn.o_proj,linear,,B,5120,5120,672,model.layers.34.self_attn.o_proj.weight,"[5120,5120]",config+architecture,
models--Qwen--Qwen3-14B,674,decode_step,34,model.layers.34.mlp.gate_proj,linear,,B,17408,5120,673,model.layers.34.mlp.gate_proj.weight,"[17408,5120]",config+architecture,
models--Qwen--Qwen3-14B,675,decode_step,34,model.layers.34.mlp.up_proj,linear,,B,17408,5120,673,model.layers.34.mlp.up_proj.weight,"[17408,5120]",config+architecture,
models--Qwen--Qwen3-14B,676,decode_step,34,model.layers.34.mlp.down_proj,linear,,B,5120,17408,674;675,model.layers.34.mlp.down_proj.weight,"[5120,17408]",config+architecture,SiLU(gate)*up precedes this GEMM
models--Qwen--Qwen3-14B,677,decode_step,35,model.layers.35.self_attn.q_proj,linear,,B,5120,5120,676,model.layers.35.self_attn.q_proj.weight,"[5120,5120]",config+architecture,
models--Qwen--Qwen3-14B,678,decode_step,35,model.layers.35.self_attn.k_proj,linear,,B,1024,5120,676,model.layers.35.self_attn.k_proj.weight,"[1024,5120]",config+architecture,
models--Qwen--Qwen3-14B,679,decode_step,35,model.layers.35.self_attn.v_proj,linear,,B,1024,5120,676,model.layers.35.self_attn.v_proj.weight,"[1024,5120]",config+architecture,
models--Qwen--Qwen3-14B,680,decode_step,35,model.layers.35.self_attn.qk,batched_matmul,B*QH,1,KV,128,677;678,,,config+architecture,"GQA QH=40, KVH=8"
models--Qwen--Qwen3-14B,681,decode_step,35,model.layers.35.self_attn.pv,batched_matmul,B*QH,1,128,KV,680;679,,,config+architecture,softmax/mask is a non-matmul dependency bridge
models--Qwen--Qwen3-14B,682,decode_step,35,model.layers.35.self_attn.o_proj,linear,,B,5120,5120,681,model.layers.35.self_attn.o_proj.weight,"[5120,5120]",config+architecture,
models--Qwen--Qwen3-14B,683,decode_step,35,model.layers.35.mlp.gate_proj,linear,,B,17408,5120,682,model.layers.35.mlp.gate_proj.weight,"[17408,5120]",config+architecture,
models--Qwen--Qwen3-14B,684,decode_step,35,model.layers.35.mlp.up_proj,linear,,B,17408,5120,682,model.layers.35.mlp.up_proj.weight,"[17408,5120]",config+architecture,
models--Qwen--Qwen3-14B,685,decode_step,35,model.layers.35.mlp.down_proj,linear,,B,5120,17408,683;684,model.layers.35.mlp.down_proj.weight,"[5120,17408]",config+architecture,SiLU(gate)*up precedes this GEMM
models--Qwen--Qwen3-14B,686,decode_step,36,model.layers.36.self_attn.q_proj,linear,,B,5120,5120,685,model.layers.36.self_attn.q_proj.weight,"[5120,5120]",config+architecture,
models--Qwen--Qwen3-14B,687,decode_step,36,model.layers.36.self_attn.k_proj,linear,,B,1024,5120,685,model.layers.36.self_attn.k_proj.weight,"[1024,5120]",config+architecture,
models--Qwen--Qwen3-14B,688,decode_step,36,model.layers.36.self_attn.v_proj,linear,,B,1024,5120,685,model.layers.36.self_attn.v_proj.weight,"[1024,5120]",config+architecture,
models--Qwen--Qwen3-14B,689,decode_step,36,model.layers.36.self_attn.qk,batched_matmul,B*QH,1,KV,128,686;687,,,config+architecture,"GQA QH=40, KVH=8"
models--Qwen--Qwen3-14B,690,decode_step,36,model.layers.36.self_attn.pv,batched_matmul,B*QH,1,128,KV,689;688,,,config+architecture,softmax/mask is a non-matmul dependency bridge
models--Qwen--Qwen3-14B,691,decode_step,36,model.layers.36.self_attn.o_proj,linear,,B,5120,5120,690,model.layers.36.self_attn.o_proj.weight,"[5120,5120]",config+architecture,
models--Qwen--Qwen3-14B,692,decode_step,36,model.layers.36.mlp.gate_proj,linear,,B,17408,5120,691,model.layers.36.mlp.gate_proj.weight,"[17408,5120]",config+architecture,
models--Qwen--Qwen3-14B,693,decode_step,36,model.layers.36.mlp.up_proj,linear,,B,17408,5120,691,model.layers.36.mlp.up_proj.weight,"[17408,5120]",config+architecture,
models--Qwen--Qwen3-14B,694,decode_step,36,model.layers.36.mlp.down_proj,linear,,B,5120,17408,692;693,model.layers.36.mlp.down_proj.weight,"[5120,17408]",config+architecture,SiLU(gate)*up precedes this GEMM
models--Qwen--Qwen3-14B,695,decode_step,37,model.layers.37.self_attn.q_proj,linear,,B,5120,5120,694,model.layers.37.self_attn.q_proj.weight,"[5120,5120]",config+architecture,
models--Qwen--Qwen3-14B,696,decode_step,37,model.layers.37.self_attn.k_proj,linear,,B,1024,5120,694,model.layers.37.self_attn.k_proj.weight,"[1024,5120]",config+architecture,
models--Qwen--Qwen3-14B,697,decode_step,37,model.layers.37.self_attn.v_proj,linear,,B,1024,5120,694,model.layers.37.self_attn.v_proj.weight,"[1024,5120]",config+architecture,
models--Qwen--Qwen3-14B,698,decode_step,37,model.layers.37.self_attn.qk,batched_matmul,B*QH,1,KV,128,695;696,,,config+architecture,"GQA QH=40, KVH=8"
models--Qwen--Qwen3-14B,699,decode_step,37,model.layers.37.self_attn.pv,batched_matmul,B*QH,1,128,KV,698;697,,,config+architecture,softmax/mask is a non-matmul dependency bridge
models--Qwen--Qwen3-14B,700,decode_step,37,model.layers.37.self_attn.o_proj,linear,,B,5120,5120,699,model.layers.37.self_attn.o_proj.weight,"[5120,5120]",config+architecture,
models--Qwen--Qwen3-14B,701,decode_step,37,model.layers.37.mlp.gate_proj,linear,,B,17408,5120,700,model.layers.37.mlp.gate_proj.weight,"[17408,5120]",config+architecture,
models--Qwen--Qwen3-14B,702,decode_step,37,model.layers.37.mlp.up_proj,linear,,B,17408,5120,700,model.layers.37.mlp.up_proj.weight,"[17408,5120]",config+architecture,
models--Qwen--Qwen3-14B,703,decode_step,37,model.layers.37.mlp.down_proj,linear,,B,5120,17408,701;702,model.layers.37.mlp.down_proj.weight,"[5120,17408]",config+architecture,SiLU(gate)*up precedes this GEMM
models--Qwen--Qwen3-14B,704,decode_step,38,model.layers.38.self_attn.q_proj,linear,,B,5120,5120,703,model.layers.38.self_attn.q_proj.weight,"[5120,5120]",config+architecture,
models--Qwen--Qwen3-14B,705,decode_step,38,model.layers.38.self_attn.k_proj,linear,,B,1024,5120,703,model.layers.38.self_attn.k_proj.weight,"[1024,5120]",config+architecture,
models--Qwen--Qwen3-14B,706,decode_step,38,model.layers.38.self_attn.v_proj,linear,,B,1024,5120,703,model.layers.38.self_attn.v_proj.weight,"[1024,5120]",config+architecture,
models--Qwen--Qwen3-14B,707,decode_step,38,model.layers.38.self_attn.qk,batched_matmul,B*QH,1,KV,128,704;705,,,config+architecture,"GQA QH=40, KVH=8"
models--Qwen--Qwen3-14B,708,decode_step,38,model.layers.38.self_attn.pv,batched_matmul,B*QH,1,128,KV,707;706,,,config+architecture,softmax/mask is a non-matmul dependency bridge
models--Qwen--Qwen3-14B,709,decode_step,38,model.layers.38.self_attn.o_proj,linear,,B,5120,5120,708,model.layers.38.self_attn.o_proj.weight,"[5120,5120]",config+architecture,
models--Qwen--Qwen3-14B,710,decode_step,38,model.layers.38.mlp.gate_proj,linear,,B,17408,5120,709,model.layers.38.mlp.gate_proj.weight,"[17408,5120]",config+architecture,
models--Qwen--Qwen3-14B,711,decode_step,38,model.layers.38.mlp.up_proj,linear,,B,17408,5120,709,model.layers.38.mlp.up_proj.weight,"[17408,5120]",config+architecture,
models--Qwen--Qwen3-14B,712,decode_step,38,model.layers.38.mlp.down_proj,linear,,B,5120,17408,710;711,model.layers.38.mlp.down_proj.weight,"[5120,17408]",config+architecture,SiLU(gate)*up precedes this GEMM
models--Qwen--Qwen3-14B,713,decode_step,39,model.layers.39.self_attn.q_proj,linear,,B,5120,5120,712,model.layers.39.self_attn.q_proj.weight,"[5120,5120]",config+architecture,
models--Qwen--Qwen3-14B,714,decode_step,39,model.layers.39.self_attn.k_proj,linear,,B,1024,5120,712,model.layers.39.self_attn.k_proj.weight,"[1024,5120]",config+architecture,
models--Qwen--Qwen3-14B,715,decode_step,39,model.layers.39.self_attn.v_proj,linear,,B,1024,5120,712,model.layers.39.self_attn.v_proj.weight,"[1024,5120]",config+architecture,
models--Qwen--Qwen3-14B,716,decode_step,39,model.layers.39.self_attn.qk,batched_matmul,B*QH,1,KV,128,713;714,,,config+architecture,"GQA QH=40, KVH=8"
models--Qwen--Qwen3-14B,717,decode_step,39,model.layers.39.self_attn.pv,batched_matmul,B*QH,1,128,KV,716;715,,,config+architecture,softmax/mask is a non-matmul dependency bridge
models--Qwen--Qwen3-14B,718,decode_step,39,model.layers.39.self_attn.o_proj,linear,,B,5120,5120,717,model.layers.39.self_attn.o_proj.weight,"[5120,5120]",config+architecture,
models--Qwen--Qwen3-14B,719,decode_step,39,model.layers.39.mlp.gate_proj,linear,,B,17408,5120,718,model.layers.39.mlp.gate_proj.weight,"[17408,5120]",config+architecture,
models--Qwen--Qwen3-14B,720,decode_step,39,model.layers.39.mlp.up_proj,linear,,B,17408,5120,718,model.layers.39.mlp.up_proj.weight,"[17408,5120]",config+architecture,
models--Qwen--Qwen3-14B,721,decode_step,39,model.layers.39.mlp.down_proj,linear,,B,5120,17408,719;720,model.layers.39.mlp.down_proj.weight,"[5120,17408]",config+architecture,SiLU(gate)*up precedes this GEMM
models--Qwen--Qwen3-14B,722,decode_step,output,lm_head,linear,,B,151936,5120,721,lm_head.weight or tied embed_tokens.weight,"[151936,5120]",config+architecture,prefill shape follows full Hugging Face forward; serving runtimes may compute only selected logits
