model,op_id,phase,layer,module,op_kind,batch_dims,M,N,K,deps,weight,weight_shape,provenance,notes
models--Qwen--Qwen2.5-Coder-32B-Instruct-AWQ,1,prefill,0,model.layers.0.self_attn.q_proj,linear,,B*S,5120,5120,,model.layers.0.self_attn.q_proj.weight,"[5120,5120]",config+architecture,"AWQ changes physical storage, not logical MNK"
models--Qwen--Qwen2.5-Coder-32B-Instruct-AWQ,2,prefill,0,model.layers.0.self_attn.k_proj,linear,,B*S,1024,5120,,model.layers.0.self_attn.k_proj.weight,"[1024,5120]",config+architecture,"AWQ changes physical storage, not logical MNK"
models--Qwen--Qwen2.5-Coder-32B-Instruct-AWQ,3,prefill,0,model.layers.0.self_attn.v_proj,linear,,B*S,1024,5120,,model.layers.0.self_attn.v_proj.weight,"[1024,5120]",config+architecture,"AWQ changes physical storage, not logical MNK"
models--Qwen--Qwen2.5-Coder-32B-Instruct-AWQ,4,prefill,0,model.layers.0.self_attn.qk,batched_matmul,B*QH,S,S,128,1;2,,,config+architecture,"GQA QH=40, KVH=8; effective KV may be capped by sliding_window=131072"
models--Qwen--Qwen2.5-Coder-32B-Instruct-AWQ,5,prefill,0,model.layers.0.self_attn.pv,batched_matmul,B*QH,S,128,S,4;3,,,config+architecture,softmax/mask is a non-matmul dependency bridge
models--Qwen--Qwen2.5-Coder-32B-Instruct-AWQ,6,prefill,0,model.layers.0.self_attn.o_proj,linear,,B*S,5120,5120,5,model.layers.0.self_attn.o_proj.weight,"[5120,5120]",config+architecture,"AWQ changes physical storage, not logical MNK"
models--Qwen--Qwen2.5-Coder-32B-Instruct-AWQ,7,prefill,0,model.layers.0.mlp.gate_proj,linear,,B*S,27648,5120,6,model.layers.0.mlp.gate_proj.weight,"[27648,5120]",config+architecture,"AWQ changes physical storage, not logical MNK"
models--Qwen--Qwen2.5-Coder-32B-Instruct-AWQ,8,prefill,0,model.layers.0.mlp.up_proj,linear,,B*S,27648,5120,6,model.layers.0.mlp.up_proj.weight,"[27648,5120]",config+architecture,"AWQ changes physical storage, not logical MNK"
models--Qwen--Qwen2.5-Coder-32B-Instruct-AWQ,9,prefill,0,model.layers.0.mlp.down_proj,linear,,B*S,5120,27648,7;8,model.layers.0.mlp.down_proj.weight,"[5120,27648]",config+architecture,"SiLU(gate)*up precedes this GEMM; AWQ changes physical storage, not logical MNK"
models--Qwen--Qwen2.5-Coder-32B-Instruct-AWQ,10,prefill,1,model.layers.1.self_attn.q_proj,linear,,B*S,5120,5120,9,model.layers.1.self_attn.q_proj.weight,"[5120,5120]",config+architecture,"AWQ changes physical storage, not logical MNK"
models--Qwen--Qwen2.5-Coder-32B-Instruct-AWQ,11,prefill,1,model.layers.1.self_attn.k_proj,linear,,B*S,1024,5120,9,model.layers.1.self_attn.k_proj.weight,"[1024,5120]",config+architecture,"AWQ changes physical storage, not logical MNK"
models--Qwen--Qwen2.5-Coder-32B-Instruct-AWQ,12,prefill,1,model.layers.1.self_attn.v_proj,linear,,B*S,1024,5120,9,model.layers.1.self_attn.v_proj.weight,"[1024,5120]",config+architecture,"AWQ changes physical storage, not logical MNK"
models--Qwen--Qwen2.5-Coder-32B-Instruct-AWQ,13,prefill,1,model.layers.1.self_attn.qk,batched_matmul,B*QH,S,S,128,10;11,,,config+architecture,"GQA QH=40, KVH=8; effective KV may be capped by sliding_window=131072"
models--Qwen--Qwen2.5-Coder-32B-Instruct-AWQ,14,prefill,1,model.layers.1.self_attn.pv,batched_matmul,B*QH,S,128,S,13;12,,,config+architecture,softmax/mask is a non-matmul dependency bridge
models--Qwen--Qwen2.5-Coder-32B-Instruct-AWQ,15,prefill,1,model.layers.1.self_attn.o_proj,linear,,B*S,5120,5120,14,model.layers.1.self_attn.o_proj.weight,"[5120,5120]",config+architecture,"AWQ changes physical storage, not logical MNK"
models--Qwen--Qwen2.5-Coder-32B-Instruct-AWQ,16,prefill,1,model.layers.1.mlp.gate_proj,linear,,B*S,27648,5120,15,model.layers.1.mlp.gate_proj.weight,"[27648,5120]",config+architecture,"AWQ changes physical storage, not logical MNK"
models--Qwen--Qwen2.5-Coder-32B-Instruct-AWQ,17,prefill,1,model.layers.1.mlp.up_proj,linear,,B*S,27648,5120,15,model.layers.1.mlp.up_proj.weight,"[27648,5120]",config+architecture,"AWQ changes physical storage, not logical MNK"
models--Qwen--Qwen2.5-Coder-32B-Instruct-AWQ,18,prefill,1,model.layers.1.mlp.down_proj,linear,,B*S,5120,27648,16;17,model.layers.1.mlp.down_proj.weight,"[5120,27648]",config+architecture,"SiLU(gate)*up precedes this GEMM; AWQ changes physical storage, not logical MNK"
models--Qwen--Qwen2.5-Coder-32B-Instruct-AWQ,19,prefill,2,model.layers.2.self_attn.q_proj,linear,,B*S,5120,5120,18,model.layers.2.self_attn.q_proj.weight,"[5120,5120]",config+architecture,"AWQ changes physical storage, not logical MNK"
models--Qwen--Qwen2.5-Coder-32B-Instruct-AWQ,20,prefill,2,model.layers.2.self_attn.k_proj,linear,,B*S,1024,5120,18,model.layers.2.self_attn.k_proj.weight,"[1024,5120]",config+architecture,"AWQ changes physical storage, not logical MNK"
models--Qwen--Qwen2.5-Coder-32B-Instruct-AWQ,21,prefill,2,model.layers.2.self_attn.v_proj,linear,,B*S,1024,5120,18,model.layers.2.self_attn.v_proj.weight,"[1024,5120]",config+architecture,"AWQ changes physical storage, not logical MNK"
models--Qwen--Qwen2.5-Coder-32B-Instruct-AWQ,22,prefill,2,model.layers.2.self_attn.qk,batched_matmul,B*QH,S,S,128,19;20,,,config+architecture,"GQA QH=40, KVH=8; effective KV may be capped by sliding_window=131072"
models--Qwen--Qwen2.5-Coder-32B-Instruct-AWQ,23,prefill,2,model.layers.2.self_attn.pv,batched_matmul,B*QH,S,128,S,22;21,,,config+architecture,softmax/mask is a non-matmul dependency bridge
models--Qwen--Qwen2.5-Coder-32B-Instruct-AWQ,24,prefill,2,model.layers.2.self_attn.o_proj,linear,,B*S,5120,5120,23,model.layers.2.self_attn.o_proj.weight,"[5120,5120]",config+architecture,"AWQ changes physical storage, not logical MNK"
models--Qwen--Qwen2.5-Coder-32B-Instruct-AWQ,25,prefill,2,model.layers.2.mlp.gate_proj,linear,,B*S,27648,5120,24,model.layers.2.mlp.gate_proj.weight,"[27648,5120]",config+architecture,"AWQ changes physical storage, not logical MNK"
models--Qwen--Qwen2.5-Coder-32B-Instruct-AWQ,26,prefill,2,model.layers.2.mlp.up_proj,linear,,B*S,27648,5120,24,model.layers.2.mlp.up_proj.weight,"[27648,5120]",config+architecture,"AWQ changes physical storage, not logical MNK"
models--Qwen--Qwen2.5-Coder-32B-Instruct-AWQ,27,prefill,2,model.layers.2.mlp.down_proj,linear,,B*S,5120,27648,25;26,model.layers.2.mlp.down_proj.weight,"[5120,27648]",config+architecture,"SiLU(gate)*up precedes this GEMM; AWQ changes physical storage, not logical MNK"
models--Qwen--Qwen2.5-Coder-32B-Instruct-AWQ,28,prefill,3,model.layers.3.self_attn.q_proj,linear,,B*S,5120,5120,27,model.layers.3.self_attn.q_proj.weight,"[5120,5120]",config+architecture,"AWQ changes physical storage, not logical MNK"
models--Qwen--Qwen2.5-Coder-32B-Instruct-AWQ,29,prefill,3,model.layers.3.self_attn.k_proj,linear,,B*S,1024,5120,27,model.layers.3.self_attn.k_proj.weight,"[1024,5120]",config+architecture,"AWQ changes physical storage, not logical MNK"
models--Qwen--Qwen2.5-Coder-32B-Instruct-AWQ,30,prefill,3,model.layers.3.self_attn.v_proj,linear,,B*S,1024,5120,27,model.layers.3.self_attn.v_proj.weight,"[1024,5120]",config+architecture,"AWQ changes physical storage, not logical MNK"
models--Qwen--Qwen2.5-Coder-32B-Instruct-AWQ,31,prefill,3,model.layers.3.self_attn.qk,batched_matmul,B*QH,S,S,128,28;29,,,config+architecture,"GQA QH=40, KVH=8; effective KV may be capped by sliding_window=131072"
models--Qwen--Qwen2.5-Coder-32B-Instruct-AWQ,32,prefill,3,model.layers.3.self_attn.pv,batched_matmul,B*QH,S,128,S,31;30,,,config+architecture,softmax/mask is a non-matmul dependency bridge
models--Qwen--Qwen2.5-Coder-32B-Instruct-AWQ,33,prefill,3,model.layers.3.self_attn.o_proj,linear,,B*S,5120,5120,32,model.layers.3.self_attn.o_proj.weight,"[5120,5120]",config+architecture,"AWQ changes physical storage, not logical MNK"
models--Qwen--Qwen2.5-Coder-32B-Instruct-AWQ,34,prefill,3,model.layers.3.mlp.gate_proj,linear,,B*S,27648,5120,33,model.layers.3.mlp.gate_proj.weight,"[27648,5120]",config+architecture,"AWQ changes physical storage, not logical MNK"
models--Qwen--Qwen2.5-Coder-32B-Instruct-AWQ,35,prefill,3,model.layers.3.mlp.up_proj,linear,,B*S,27648,5120,33,model.layers.3.mlp.up_proj.weight,"[27648,5120]",config+architecture,"AWQ changes physical storage, not logical MNK"
models--Qwen--Qwen2.5-Coder-32B-Instruct-AWQ,36,prefill,3,model.layers.3.mlp.down_proj,linear,,B*S,5120,27648,34;35,model.layers.3.mlp.down_proj.weight,"[5120,27648]",config+architecture,"SiLU(gate)*up precedes this GEMM; AWQ changes physical storage, not logical MNK"
models--Qwen--Qwen2.5-Coder-32B-Instruct-AWQ,37,prefill,4,model.layers.4.self_attn.q_proj,linear,,B*S,5120,5120,36,model.layers.4.self_attn.q_proj.weight,"[5120,5120]",config+architecture,"AWQ changes physical storage, not logical MNK"
models--Qwen--Qwen2.5-Coder-32B-Instruct-AWQ,38,prefill,4,model.layers.4.self_attn.k_proj,linear,,B*S,1024,5120,36,model.layers.4.self_attn.k_proj.weight,"[1024,5120]",config+architecture,"AWQ changes physical storage, not logical MNK"
models--Qwen--Qwen2.5-Coder-32B-Instruct-AWQ,39,prefill,4,model.layers.4.self_attn.v_proj,linear,,B*S,1024,5120,36,model.layers.4.self_attn.v_proj.weight,"[1024,5120]",config+architecture,"AWQ changes physical storage, not logical MNK"
models--Qwen--Qwen2.5-Coder-32B-Instruct-AWQ,40,prefill,4,model.layers.4.self_attn.qk,batched_matmul,B*QH,S,S,128,37;38,,,config+architecture,"GQA QH=40, KVH=8; effective KV may be capped by sliding_window=131072"
models--Qwen--Qwen2.5-Coder-32B-Instruct-AWQ,41,prefill,4,model.layers.4.self_attn.pv,batched_matmul,B*QH,S,128,S,40;39,,,config+architecture,softmax/mask is a non-matmul dependency bridge
models--Qwen--Qwen2.5-Coder-32B-Instruct-AWQ,42,prefill,4,model.layers.4.self_attn.o_proj,linear,,B*S,5120,5120,41,model.layers.4.self_attn.o_proj.weight,"[5120,5120]",config+architecture,"AWQ changes physical storage, not logical MNK"
models--Qwen--Qwen2.5-Coder-32B-Instruct-AWQ,43,prefill,4,model.layers.4.mlp.gate_proj,linear,,B*S,27648,5120,42,model.layers.4.mlp.gate_proj.weight,"[27648,5120]",config+architecture,"AWQ changes physical storage, not logical MNK"
models--Qwen--Qwen2.5-Coder-32B-Instruct-AWQ,44,prefill,4,model.layers.4.mlp.up_proj,linear,,B*S,27648,5120,42,model.layers.4.mlp.up_proj.weight,"[27648,5120]",config+architecture,"AWQ changes physical storage, not logical MNK"
models--Qwen--Qwen2.5-Coder-32B-Instruct-AWQ,45,prefill,4,model.layers.4.mlp.down_proj,linear,,B*S,5120,27648,43;44,model.layers.4.mlp.down_proj.weight,"[5120,27648]",config+architecture,"SiLU(gate)*up precedes this GEMM; AWQ changes physical storage, not logical MNK"
models--Qwen--Qwen2.5-Coder-32B-Instruct-AWQ,46,prefill,5,model.layers.5.self_attn.q_proj,linear,,B*S,5120,5120,45,model.layers.5.self_attn.q_proj.weight,"[5120,5120]",config+architecture,"AWQ changes physical storage, not logical MNK"
models--Qwen--Qwen2.5-Coder-32B-Instruct-AWQ,47,prefill,5,model.layers.5.self_attn.k_proj,linear,,B*S,1024,5120,45,model.layers.5.self_attn.k_proj.weight,"[1024,5120]",config+architecture,"AWQ changes physical storage, not logical MNK"
models--Qwen--Qwen2.5-Coder-32B-Instruct-AWQ,48,prefill,5,model.layers.5.self_attn.v_proj,linear,,B*S,1024,5120,45,model.layers.5.self_attn.v_proj.weight,"[1024,5120]",config+architecture,"AWQ changes physical storage, not logical MNK"
models--Qwen--Qwen2.5-Coder-32B-Instruct-AWQ,49,prefill,5,model.layers.5.self_attn.qk,batched_matmul,B*QH,S,S,128,46;47,,,config+architecture,"GQA QH=40, KVH=8; effective KV may be capped by sliding_window=131072"
models--Qwen--Qwen2.5-Coder-32B-Instruct-AWQ,50,prefill,5,model.layers.5.self_attn.pv,batched_matmul,B*QH,S,128,S,49;48,,,config+architecture,softmax/mask is a non-matmul dependency bridge
models--Qwen--Qwen2.5-Coder-32B-Instruct-AWQ,51,prefill,5,model.layers.5.self_attn.o_proj,linear,,B*S,5120,5120,50,model.layers.5.self_attn.o_proj.weight,"[5120,5120]",config+architecture,"AWQ changes physical storage, not logical MNK"
models--Qwen--Qwen2.5-Coder-32B-Instruct-AWQ,52,prefill,5,model.layers.5.mlp.gate_proj,linear,,B*S,27648,5120,51,model.layers.5.mlp.gate_proj.weight,"[27648,5120]",config+architecture,"AWQ changes physical storage, not logical MNK"
models--Qwen--Qwen2.5-Coder-32B-Instruct-AWQ,53,prefill,5,model.layers.5.mlp.up_proj,linear,,B*S,27648,5120,51,model.layers.5.mlp.up_proj.weight,"[27648,5120]",config+architecture,"AWQ changes physical storage, not logical MNK"
models--Qwen--Qwen2.5-Coder-32B-Instruct-AWQ,54,prefill,5,model.layers.5.mlp.down_proj,linear,,B*S,5120,27648,52;53,model.layers.5.mlp.down_proj.weight,"[5120,27648]",config+architecture,"SiLU(gate)*up precedes this GEMM; AWQ changes physical storage, not logical MNK"
models--Qwen--Qwen2.5-Coder-32B-Instruct-AWQ,55,prefill,6,model.layers.6.self_attn.q_proj,linear,,B*S,5120,5120,54,model.layers.6.self_attn.q_proj.weight,"[5120,5120]",config+architecture,"AWQ changes physical storage, not logical MNK"
models--Qwen--Qwen2.5-Coder-32B-Instruct-AWQ,56,prefill,6,model.layers.6.self_attn.k_proj,linear,,B*S,1024,5120,54,model.layers.6.self_attn.k_proj.weight,"[1024,5120]",config+architecture,"AWQ changes physical storage, not logical MNK"
models--Qwen--Qwen2.5-Coder-32B-Instruct-AWQ,57,prefill,6,model.layers.6.self_attn.v_proj,linear,,B*S,1024,5120,54,model.layers.6.self_attn.v_proj.weight,"[1024,5120]",config+architecture,"AWQ changes physical storage, not logical MNK"
models--Qwen--Qwen2.5-Coder-32B-Instruct-AWQ,58,prefill,6,model.layers.6.self_attn.qk,batched_matmul,B*QH,S,S,128,55;56,,,config+architecture,"GQA QH=40, KVH=8; effective KV may be capped by sliding_window=131072"
models--Qwen--Qwen2.5-Coder-32B-Instruct-AWQ,59,prefill,6,model.layers.6.self_attn.pv,batched_matmul,B*QH,S,128,S,58;57,,,config+architecture,softmax/mask is a non-matmul dependency bridge
models--Qwen--Qwen2.5-Coder-32B-Instruct-AWQ,60,prefill,6,model.layers.6.self_attn.o_proj,linear,,B*S,5120,5120,59,model.layers.6.self_attn.o_proj.weight,"[5120,5120]",config+architecture,"AWQ changes physical storage, not logical MNK"
models--Qwen--Qwen2.5-Coder-32B-Instruct-AWQ,61,prefill,6,model.layers.6.mlp.gate_proj,linear,,B*S,27648,5120,60,model.layers.6.mlp.gate_proj.weight,"[27648,5120]",config+architecture,"AWQ changes physical storage, not logical MNK"
models--Qwen--Qwen2.5-Coder-32B-Instruct-AWQ,62,prefill,6,model.layers.6.mlp.up_proj,linear,,B*S,27648,5120,60,model.layers.6.mlp.up_proj.weight,"[27648,5120]",config+architecture,"AWQ changes physical storage, not logical MNK"
models--Qwen--Qwen2.5-Coder-32B-Instruct-AWQ,63,prefill,6,model.layers.6.mlp.down_proj,linear,,B*S,5120,27648,61;62,model.layers.6.mlp.down_proj.weight,"[5120,27648]",config+architecture,"SiLU(gate)*up precedes this GEMM; AWQ changes physical storage, not logical MNK"
models--Qwen--Qwen2.5-Coder-32B-Instruct-AWQ,64,prefill,7,model.layers.7.self_attn.q_proj,linear,,B*S,5120,5120,63,model.layers.7.self_attn.q_proj.weight,"[5120,5120]",config+architecture,"AWQ changes physical storage, not logical MNK"
models--Qwen--Qwen2.5-Coder-32B-Instruct-AWQ,65,prefill,7,model.layers.7.self_attn.k_proj,linear,,B*S,1024,5120,63,model.layers.7.self_attn.k_proj.weight,"[1024,5120]",config+architecture,"AWQ changes physical storage, not logical MNK"
models--Qwen--Qwen2.5-Coder-32B-Instruct-AWQ,66,prefill,7,model.layers.7.self_attn.v_proj,linear,,B*S,1024,5120,63,model.layers.7.self_attn.v_proj.weight,"[1024,5120]",config+architecture,"AWQ changes physical storage, not logical MNK"
models--Qwen--Qwen2.5-Coder-32B-Instruct-AWQ,67,prefill,7,model.layers.7.self_attn.qk,batched_matmul,B*QH,S,S,128,64;65,,,config+architecture,"GQA QH=40, KVH=8; effective KV may be capped by sliding_window=131072"
models--Qwen--Qwen2.5-Coder-32B-Instruct-AWQ,68,prefill,7,model.layers.7.self_attn.pv,batched_matmul,B*QH,S,128,S,67;66,,,config+architecture,softmax/mask is a non-matmul dependency bridge
models--Qwen--Qwen2.5-Coder-32B-Instruct-AWQ,69,prefill,7,model.layers.7.self_attn.o_proj,linear,,B*S,5120,5120,68,model.layers.7.self_attn.o_proj.weight,"[5120,5120]",config+architecture,"AWQ changes physical storage, not logical MNK"
models--Qwen--Qwen2.5-Coder-32B-Instruct-AWQ,70,prefill,7,model.layers.7.mlp.gate_proj,linear,,B*S,27648,5120,69,model.layers.7.mlp.gate_proj.weight,"[27648,5120]",config+architecture,"AWQ changes physical storage, not logical MNK"
models--Qwen--Qwen2.5-Coder-32B-Instruct-AWQ,71,prefill,7,model.layers.7.mlp.up_proj,linear,,B*S,27648,5120,69,model.layers.7.mlp.up_proj.weight,"[27648,5120]",config+architecture,"AWQ changes physical storage, not logical MNK"
models--Qwen--Qwen2.5-Coder-32B-Instruct-AWQ,72,prefill,7,model.layers.7.mlp.down_proj,linear,,B*S,5120,27648,70;71,model.layers.7.mlp.down_proj.weight,"[5120,27648]",config+architecture,"SiLU(gate)*up precedes this GEMM; AWQ changes physical storage, not logical MNK"
models--Qwen--Qwen2.5-Coder-32B-Instruct-AWQ,73,prefill,8,model.layers.8.self_attn.q_proj,linear,,B*S,5120,5120,72,model.layers.8.self_attn.q_proj.weight,"[5120,5120]",config+architecture,"AWQ changes physical storage, not logical MNK"
models--Qwen--Qwen2.5-Coder-32B-Instruct-AWQ,74,prefill,8,model.layers.8.self_attn.k_proj,linear,,B*S,1024,5120,72,model.layers.8.self_attn.k_proj.weight,"[1024,5120]",config+architecture,"AWQ changes physical storage, not logical MNK"
models--Qwen--Qwen2.5-Coder-32B-Instruct-AWQ,75,prefill,8,model.layers.8.self_attn.v_proj,linear,,B*S,1024,5120,72,model.layers.8.self_attn.v_proj.weight,"[1024,5120]",config+architecture,"AWQ changes physical storage, not logical MNK"
models--Qwen--Qwen2.5-Coder-32B-Instruct-AWQ,76,prefill,8,model.layers.8.self_attn.qk,batched_matmul,B*QH,S,S,128,73;74,,,config+architecture,"GQA QH=40, KVH=8; effective KV may be capped by sliding_window=131072"
models--Qwen--Qwen2.5-Coder-32B-Instruct-AWQ,77,prefill,8,model.layers.8.self_attn.pv,batched_matmul,B*QH,S,128,S,76;75,,,config+architecture,softmax/mask is a non-matmul dependency bridge
models--Qwen--Qwen2.5-Coder-32B-Instruct-AWQ,78,prefill,8,model.layers.8.self_attn.o_proj,linear,,B*S,5120,5120,77,model.layers.8.self_attn.o_proj.weight,"[5120,5120]",config+architecture,"AWQ changes physical storage, not logical MNK"
models--Qwen--Qwen2.5-Coder-32B-Instruct-AWQ,79,prefill,8,model.layers.8.mlp.gate_proj,linear,,B*S,27648,5120,78,model.layers.8.mlp.gate_proj.weight,"[27648,5120]",config+architecture,"AWQ changes physical storage, not logical MNK"
models--Qwen--Qwen2.5-Coder-32B-Instruct-AWQ,80,prefill,8,model.layers.8.mlp.up_proj,linear,,B*S,27648,5120,78,model.layers.8.mlp.up_proj.weight,"[27648,5120]",config+architecture,"AWQ changes physical storage, not logical MNK"
models--Qwen--Qwen2.5-Coder-32B-Instruct-AWQ,81,prefill,8,model.layers.8.mlp.down_proj,linear,,B*S,5120,27648,79;80,model.layers.8.mlp.down_proj.weight,"[5120,27648]",config+architecture,"SiLU(gate)*up precedes this GEMM; AWQ changes physical storage, not logical MNK"
models--Qwen--Qwen2.5-Coder-32B-Instruct-AWQ,82,prefill,9,model.layers.9.self_attn.q_proj,linear,,B*S,5120,5120,81,model.layers.9.self_attn.q_proj.weight,"[5120,5120]",config+architecture,"AWQ changes physical storage, not logical MNK"
models--Qwen--Qwen2.5-Coder-32B-Instruct-AWQ,83,prefill,9,model.layers.9.self_attn.k_proj,linear,,B*S,1024,5120,81,model.layers.9.self_attn.k_proj.weight,"[1024,5120]",config+architecture,"AWQ changes physical storage, not logical MNK"
models--Qwen--Qwen2.5-Coder-32B-Instruct-AWQ,84,prefill,9,model.layers.9.self_attn.v_proj,linear,,B*S,1024,5120,81,model.layers.9.self_attn.v_proj.weight,"[1024,5120]",config+architecture,"AWQ changes physical storage, not logical MNK"
models--Qwen--Qwen2.5-Coder-32B-Instruct-AWQ,85,prefill,9,model.layers.9.self_attn.qk,batched_matmul,B*QH,S,S,128,82;83,,,config+architecture,"GQA QH=40, KVH=8; effective KV may be capped by sliding_window=131072"
models--Qwen--Qwen2.5-Coder-32B-Instruct-AWQ,86,prefill,9,model.layers.9.self_attn.pv,batched_matmul,B*QH,S,128,S,85;84,,,config+architecture,softmax/mask is a non-matmul dependency bridge
models--Qwen--Qwen2.5-Coder-32B-Instruct-AWQ,87,prefill,9,model.layers.9.self_attn.o_proj,linear,,B*S,5120,5120,86,model.layers.9.self_attn.o_proj.weight,"[5120,5120]",config+architecture,"AWQ changes physical storage, not logical MNK"
models--Qwen--Qwen2.5-Coder-32B-Instruct-AWQ,88,prefill,9,model.layers.9.mlp.gate_proj,linear,,B*S,27648,5120,87,model.layers.9.mlp.gate_proj.weight,"[27648,5120]",config+architecture,"AWQ changes physical storage, not logical MNK"
models--Qwen--Qwen2.5-Coder-32B-Instruct-AWQ,89,prefill,9,model.layers.9.mlp.up_proj,linear,,B*S,27648,5120,87,model.layers.9.mlp.up_proj.weight,"[27648,5120]",config+architecture,"AWQ changes physical storage, not logical MNK"
models--Qwen--Qwen2.5-Coder-32B-Instruct-AWQ,90,prefill,9,model.layers.9.mlp.down_proj,linear,,B*S,5120,27648,88;89,model.layers.9.mlp.down_proj.weight,"[5120,27648]",config+architecture,"SiLU(gate)*up precedes this GEMM; AWQ changes physical storage, not logical MNK"
models--Qwen--Qwen2.5-Coder-32B-Instruct-AWQ,91,prefill,10,model.layers.10.self_attn.q_proj,linear,,B*S,5120,5120,90,model.layers.10.self_attn.q_proj.weight,"[5120,5120]",config+architecture,"AWQ changes physical storage, not logical MNK"
models--Qwen--Qwen2.5-Coder-32B-Instruct-AWQ,92,prefill,10,model.layers.10.self_attn.k_proj,linear,,B*S,1024,5120,90,model.layers.10.self_attn.k_proj.weight,"[1024,5120]",config+architecture,"AWQ changes physical storage, not logical MNK"
models--Qwen--Qwen2.5-Coder-32B-Instruct-AWQ,93,prefill,10,model.layers.10.self_attn.v_proj,linear,,B*S,1024,5120,90,model.layers.10.self_attn.v_proj.weight,"[1024,5120]",config+architecture,"AWQ changes physical storage, not logical MNK"
models--Qwen--Qwen2.5-Coder-32B-Instruct-AWQ,94,prefill,10,model.layers.10.self_attn.qk,batched_matmul,B*QH,S,S,128,91;92,,,config+architecture,"GQA QH=40, KVH=8; effective KV may be capped by sliding_window=131072"
models--Qwen--Qwen2.5-Coder-32B-Instruct-AWQ,95,prefill,10,model.layers.10.self_attn.pv,batched_matmul,B*QH,S,128,S,94;93,,,config+architecture,softmax/mask is a non-matmul dependency bridge
models--Qwen--Qwen2.5-Coder-32B-Instruct-AWQ,96,prefill,10,model.layers.10.self_attn.o_proj,linear,,B*S,5120,5120,95,model.layers.10.self_attn.o_proj.weight,"[5120,5120]",config+architecture,"AWQ changes physical storage, not logical MNK"
models--Qwen--Qwen2.5-Coder-32B-Instruct-AWQ,97,prefill,10,model.layers.10.mlp.gate_proj,linear,,B*S,27648,5120,96,model.layers.10.mlp.gate_proj.weight,"[27648,5120]",config+architecture,"AWQ changes physical storage, not logical MNK"
models--Qwen--Qwen2.5-Coder-32B-Instruct-AWQ,98,prefill,10,model.layers.10.mlp.up_proj,linear,,B*S,27648,5120,96,model.layers.10.mlp.up_proj.weight,"[27648,5120]",config+architecture,"AWQ changes physical storage, not logical MNK"
models--Qwen--Qwen2.5-Coder-32B-Instruct-AWQ,99,prefill,10,model.layers.10.mlp.down_proj,linear,,B*S,5120,27648,97;98,model.layers.10.mlp.down_proj.weight,"[5120,27648]",config+architecture,"SiLU(gate)*up precedes this GEMM; AWQ changes physical storage, not logical MNK"
models--Qwen--Qwen2.5-Coder-32B-Instruct-AWQ,100,prefill,11,model.layers.11.self_attn.q_proj,linear,,B*S,5120,5120,99,model.layers.11.self_attn.q_proj.weight,"[5120,5120]",config+architecture,"AWQ changes physical storage, not logical MNK"
models--Qwen--Qwen2.5-Coder-32B-Instruct-AWQ,101,prefill,11,model.layers.11.self_attn.k_proj,linear,,B*S,1024,5120,99,model.layers.11.self_attn.k_proj.weight,"[1024,5120]",config+architecture,"AWQ changes physical storage, not logical MNK"
models--Qwen--Qwen2.5-Coder-32B-Instruct-AWQ,102,prefill,11,model.layers.11.self_attn.v_proj,linear,,B*S,1024,5120,99,model.layers.11.self_attn.v_proj.weight,"[1024,5120]",config+architecture,"AWQ changes physical storage, not logical MNK"
models--Qwen--Qwen2.5-Coder-32B-Instruct-AWQ,103,prefill,11,model.layers.11.self_attn.qk,batched_matmul,B*QH,S,S,128,100;101,,,config+architecture,"GQA QH=40, KVH=8; effective KV may be capped by sliding_window=131072"
models--Qwen--Qwen2.5-Coder-32B-Instruct-AWQ,104,prefill,11,model.layers.11.self_attn.pv,batched_matmul,B*QH,S,128,S,103;102,,,config+architecture,softmax/mask is a non-matmul dependency bridge
models--Qwen--Qwen2.5-Coder-32B-Instruct-AWQ,105,prefill,11,model.layers.11.self_attn.o_proj,linear,,B*S,5120,5120,104,model.layers.11.self_attn.o_proj.weight,"[5120,5120]",config+architecture,"AWQ changes physical storage, not logical MNK"
models--Qwen--Qwen2.5-Coder-32B-Instruct-AWQ,106,prefill,11,model.layers.11.mlp.gate_proj,linear,,B*S,27648,5120,105,model.layers.11.mlp.gate_proj.weight,"[27648,5120]",config+architecture,"AWQ changes physical storage, not logical MNK"
models--Qwen--Qwen2.5-Coder-32B-Instruct-AWQ,107,prefill,11,model.layers.11.mlp.up_proj,linear,,B*S,27648,5120,105,model.layers.11.mlp.up_proj.weight,"[27648,5120]",config+architecture,"AWQ changes physical storage, not logical MNK"
models--Qwen--Qwen2.5-Coder-32B-Instruct-AWQ,108,prefill,11,model.layers.11.mlp.down_proj,linear,,B*S,5120,27648,106;107,model.layers.11.mlp.down_proj.weight,"[5120,27648]",config+architecture,"SiLU(gate)*up precedes this GEMM; AWQ changes physical storage, not logical MNK"
models--Qwen--Qwen2.5-Coder-32B-Instruct-AWQ,109,prefill,12,model.layers.12.self_attn.q_proj,linear,,B*S,5120,5120,108,model.layers.12.self_attn.q_proj.weight,"[5120,5120]",config+architecture,"AWQ changes physical storage, not logical MNK"
models--Qwen--Qwen2.5-Coder-32B-Instruct-AWQ,110,prefill,12,model.layers.12.self_attn.k_proj,linear,,B*S,1024,5120,108,model.layers.12.self_attn.k_proj.weight,"[1024,5120]",config+architecture,"AWQ changes physical storage, not logical MNK"
models--Qwen--Qwen2.5-Coder-32B-Instruct-AWQ,111,prefill,12,model.layers.12.self_attn.v_proj,linear,,B*S,1024,5120,108,model.layers.12.self_attn.v_proj.weight,"[1024,5120]",config+architecture,"AWQ changes physical storage, not logical MNK"
models--Qwen--Qwen2.5-Coder-32B-Instruct-AWQ,112,prefill,12,model.layers.12.self_attn.qk,batched_matmul,B*QH,S,S,128,109;110,,,config+architecture,"GQA QH=40, KVH=8; effective KV may be capped by sliding_window=131072"
models--Qwen--Qwen2.5-Coder-32B-Instruct-AWQ,113,prefill,12,model.layers.12.self_attn.pv,batched_matmul,B*QH,S,128,S,112;111,,,config+architecture,softmax/mask is a non-matmul dependency bridge
models--Qwen--Qwen2.5-Coder-32B-Instruct-AWQ,114,prefill,12,model.layers.12.self_attn.o_proj,linear,,B*S,5120,5120,113,model.layers.12.self_attn.o_proj.weight,"[5120,5120]",config+architecture,"AWQ changes physical storage, not logical MNK"
models--Qwen--Qwen2.5-Coder-32B-Instruct-AWQ,115,prefill,12,model.layers.12.mlp.gate_proj,linear,,B*S,27648,5120,114,model.layers.12.mlp.gate_proj.weight,"[27648,5120]",config+architecture,"AWQ changes physical storage, not logical MNK"
models--Qwen--Qwen2.5-Coder-32B-Instruct-AWQ,116,prefill,12,model.layers.12.mlp.up_proj,linear,,B*S,27648,5120,114,model.layers.12.mlp.up_proj.weight,"[27648,5120]",config+architecture,"AWQ changes physical storage, not logical MNK"
models--Qwen--Qwen2.5-Coder-32B-Instruct-AWQ,117,prefill,12,model.layers.12.mlp.down_proj,linear,,B*S,5120,27648,115;116,model.layers.12.mlp.down_proj.weight,"[5120,27648]",config+architecture,"SiLU(gate)*up precedes this GEMM; AWQ changes physical storage, not logical MNK"
models--Qwen--Qwen2.5-Coder-32B-Instruct-AWQ,118,prefill,13,model.layers.13.self_attn.q_proj,linear,,B*S,5120,5120,117,model.layers.13.self_attn.q_proj.weight,"[5120,5120]",config+architecture,"AWQ changes physical storage, not logical MNK"
models--Qwen--Qwen2.5-Coder-32B-Instruct-AWQ,119,prefill,13,model.layers.13.self_attn.k_proj,linear,,B*S,1024,5120,117,model.layers.13.self_attn.k_proj.weight,"[1024,5120]",config+architecture,"AWQ changes physical storage, not logical MNK"
models--Qwen--Qwen2.5-Coder-32B-Instruct-AWQ,120,prefill,13,model.layers.13.self_attn.v_proj,linear,,B*S,1024,5120,117,model.layers.13.self_attn.v_proj.weight,"[1024,5120]",config+architecture,"AWQ changes physical storage, not logical MNK"
models--Qwen--Qwen2.5-Coder-32B-Instruct-AWQ,121,prefill,13,model.layers.13.self_attn.qk,batched_matmul,B*QH,S,S,128,118;119,,,config+architecture,"GQA QH=40, KVH=8; effective KV may be capped by sliding_window=131072"
models--Qwen--Qwen2.5-Coder-32B-Instruct-AWQ,122,prefill,13,model.layers.13.self_attn.pv,batched_matmul,B*QH,S,128,S,121;120,,,config+architecture,softmax/mask is a non-matmul dependency bridge
models--Qwen--Qwen2.5-Coder-32B-Instruct-AWQ,123,prefill,13,model.layers.13.self_attn.o_proj,linear,,B*S,5120,5120,122,model.layers.13.self_attn.o_proj.weight,"[5120,5120]",config+architecture,"AWQ changes physical storage, not logical MNK"
models--Qwen--Qwen2.5-Coder-32B-Instruct-AWQ,124,prefill,13,model.layers.13.mlp.gate_proj,linear,,B*S,27648,5120,123,model.layers.13.mlp.gate_proj.weight,"[27648,5120]",config+architecture,"AWQ changes physical storage, not logical MNK"
models--Qwen--Qwen2.5-Coder-32B-Instruct-AWQ,125,prefill,13,model.layers.13.mlp.up_proj,linear,,B*S,27648,5120,123,model.layers.13.mlp.up_proj.weight,"[27648,5120]",config+architecture,"AWQ changes physical storage, not logical MNK"
models--Qwen--Qwen2.5-Coder-32B-Instruct-AWQ,126,prefill,13,model.layers.13.mlp.down_proj,linear,,B*S,5120,27648,124;125,model.layers.13.mlp.down_proj.weight,"[5120,27648]",config+architecture,"SiLU(gate)*up precedes this GEMM; AWQ changes physical storage, not logical MNK"
models--Qwen--Qwen2.5-Coder-32B-Instruct-AWQ,127,prefill,14,model.layers.14.self_attn.q_proj,linear,,B*S,5120,5120,126,model.layers.14.self_attn.q_proj.weight,"[5120,5120]",config+architecture,"AWQ changes physical storage, not logical MNK"
models--Qwen--Qwen2.5-Coder-32B-Instruct-AWQ,128,prefill,14,model.layers.14.self_attn.k_proj,linear,,B*S,1024,5120,126,model.layers.14.self_attn.k_proj.weight,"[1024,5120]",config+architecture,"AWQ changes physical storage, not logical MNK"
models--Qwen--Qwen2.5-Coder-32B-Instruct-AWQ,129,prefill,14,model.layers.14.self_attn.v_proj,linear,,B*S,1024,5120,126,model.layers.14.self_attn.v_proj.weight,"[1024,5120]",config+architecture,"AWQ changes physical storage, not logical MNK"
models--Qwen--Qwen2.5-Coder-32B-Instruct-AWQ,130,prefill,14,model.layers.14.self_attn.qk,batched_matmul,B*QH,S,S,128,127;128,,,config+architecture,"GQA QH=40, KVH=8; effective KV may be capped by sliding_window=131072"
models--Qwen--Qwen2.5-Coder-32B-Instruct-AWQ,131,prefill,14,model.layers.14.self_attn.pv,batched_matmul,B*QH,S,128,S,130;129,,,config+architecture,softmax/mask is a non-matmul dependency bridge
models--Qwen--Qwen2.5-Coder-32B-Instruct-AWQ,132,prefill,14,model.layers.14.self_attn.o_proj,linear,,B*S,5120,5120,131,model.layers.14.self_attn.o_proj.weight,"[5120,5120]",config+architecture,"AWQ changes physical storage, not logical MNK"
models--Qwen--Qwen2.5-Coder-32B-Instruct-AWQ,133,prefill,14,model.layers.14.mlp.gate_proj,linear,,B*S,27648,5120,132,model.layers.14.mlp.gate_proj.weight,"[27648,5120]",config+architecture,"AWQ changes physical storage, not logical MNK"
models--Qwen--Qwen2.5-Coder-32B-Instruct-AWQ,134,prefill,14,model.layers.14.mlp.up_proj,linear,,B*S,27648,5120,132,model.layers.14.mlp.up_proj.weight,"[27648,5120]",config+architecture,"AWQ changes physical storage, not logical MNK"
models--Qwen--Qwen2.5-Coder-32B-Instruct-AWQ,135,prefill,14,model.layers.14.mlp.down_proj,linear,,B*S,5120,27648,133;134,model.layers.14.mlp.down_proj.weight,"[5120,27648]",config+architecture,"SiLU(gate)*up precedes this GEMM; AWQ changes physical storage, not logical MNK"
models--Qwen--Qwen2.5-Coder-32B-Instruct-AWQ,136,prefill,15,model.layers.15.self_attn.q_proj,linear,,B*S,5120,5120,135,model.layers.15.self_attn.q_proj.weight,"[5120,5120]",config+architecture,"AWQ changes physical storage, not logical MNK"
models--Qwen--Qwen2.5-Coder-32B-Instruct-AWQ,137,prefill,15,model.layers.15.self_attn.k_proj,linear,,B*S,1024,5120,135,model.layers.15.self_attn.k_proj.weight,"[1024,5120]",config+architecture,"AWQ changes physical storage, not logical MNK"
models--Qwen--Qwen2.5-Coder-32B-Instruct-AWQ,138,prefill,15,model.layers.15.self_attn.v_proj,linear,,B*S,1024,5120,135,model.layers.15.self_attn.v_proj.weight,"[1024,5120]",config+architecture,"AWQ changes physical storage, not logical MNK"
models--Qwen--Qwen2.5-Coder-32B-Instruct-AWQ,139,prefill,15,model.layers.15.self_attn.qk,batched_matmul,B*QH,S,S,128,136;137,,,config+architecture,"GQA QH=40, KVH=8; effective KV may be capped by sliding_window=131072"
models--Qwen--Qwen2.5-Coder-32B-Instruct-AWQ,140,prefill,15,model.layers.15.self_attn.pv,batched_matmul,B*QH,S,128,S,139;138,,,config+architecture,softmax/mask is a non-matmul dependency bridge
models--Qwen--Qwen2.5-Coder-32B-Instruct-AWQ,141,prefill,15,model.layers.15.self_attn.o_proj,linear,,B*S,5120,5120,140,model.layers.15.self_attn.o_proj.weight,"[5120,5120]",config+architecture,"AWQ changes physical storage, not logical MNK"
models--Qwen--Qwen2.5-Coder-32B-Instruct-AWQ,142,prefill,15,model.layers.15.mlp.gate_proj,linear,,B*S,27648,5120,141,model.layers.15.mlp.gate_proj.weight,"[27648,5120]",config+architecture,"AWQ changes physical storage, not logical MNK"
models--Qwen--Qwen2.5-Coder-32B-Instruct-AWQ,143,prefill,15,model.layers.15.mlp.up_proj,linear,,B*S,27648,5120,141,model.layers.15.mlp.up_proj.weight,"[27648,5120]",config+architecture,"AWQ changes physical storage, not logical MNK"
models--Qwen--Qwen2.5-Coder-32B-Instruct-AWQ,144,prefill,15,model.layers.15.mlp.down_proj,linear,,B*S,5120,27648,142;143,model.layers.15.mlp.down_proj.weight,"[5120,27648]",config+architecture,"SiLU(gate)*up precedes this GEMM; AWQ changes physical storage, not logical MNK"
models--Qwen--Qwen2.5-Coder-32B-Instruct-AWQ,145,prefill,16,model.layers.16.self_attn.q_proj,linear,,B*S,5120,5120,144,model.layers.16.self_attn.q_proj.weight,"[5120,5120]",config+architecture,"AWQ changes physical storage, not logical MNK"
models--Qwen--Qwen2.5-Coder-32B-Instruct-AWQ,146,prefill,16,model.layers.16.self_attn.k_proj,linear,,B*S,1024,5120,144,model.layers.16.self_attn.k_proj.weight,"[1024,5120]",config+architecture,"AWQ changes physical storage, not logical MNK"
models--Qwen--Qwen2.5-Coder-32B-Instruct-AWQ,147,prefill,16,model.layers.16.self_attn.v_proj,linear,,B*S,1024,5120,144,model.layers.16.self_attn.v_proj.weight,"[1024,5120]",config+architecture,"AWQ changes physical storage, not logical MNK"
models--Qwen--Qwen2.5-Coder-32B-Instruct-AWQ,148,prefill,16,model.layers.16.self_attn.qk,batched_matmul,B*QH,S,S,128,145;146,,,config+architecture,"GQA QH=40, KVH=8; effective KV may be capped by sliding_window=131072"
models--Qwen--Qwen2.5-Coder-32B-Instruct-AWQ,149,prefill,16,model.layers.16.self_attn.pv,batched_matmul,B*QH,S,128,S,148;147,,,config+architecture,softmax/mask is a non-matmul dependency bridge
models--Qwen--Qwen2.5-Coder-32B-Instruct-AWQ,150,prefill,16,model.layers.16.self_attn.o_proj,linear,,B*S,5120,5120,149,model.layers.16.self_attn.o_proj.weight,"[5120,5120]",config+architecture,"AWQ changes physical storage, not logical MNK"
models--Qwen--Qwen2.5-Coder-32B-Instruct-AWQ,151,prefill,16,model.layers.16.mlp.gate_proj,linear,,B*S,27648,5120,150,model.layers.16.mlp.gate_proj.weight,"[27648,5120]",config+architecture,"AWQ changes physical storage, not logical MNK"
models--Qwen--Qwen2.5-Coder-32B-Instruct-AWQ,152,prefill,16,model.layers.16.mlp.up_proj,linear,,B*S,27648,5120,150,model.layers.16.mlp.up_proj.weight,"[27648,5120]",config+architecture,"AWQ changes physical storage, not logical MNK"
models--Qwen--Qwen2.5-Coder-32B-Instruct-AWQ,153,prefill,16,model.layers.16.mlp.down_proj,linear,,B*S,5120,27648,151;152,model.layers.16.mlp.down_proj.weight,"[5120,27648]",config+architecture,"SiLU(gate)*up precedes this GEMM; AWQ changes physical storage, not logical MNK"
models--Qwen--Qwen2.5-Coder-32B-Instruct-AWQ,154,prefill,17,model.layers.17.self_attn.q_proj,linear,,B*S,5120,5120,153,model.layers.17.self_attn.q_proj.weight,"[5120,5120]",config+architecture,"AWQ changes physical storage, not logical MNK"
models--Qwen--Qwen2.5-Coder-32B-Instruct-AWQ,155,prefill,17,model.layers.17.self_attn.k_proj,linear,,B*S,1024,5120,153,model.layers.17.self_attn.k_proj.weight,"[1024,5120]",config+architecture,"AWQ changes physical storage, not logical MNK"
models--Qwen--Qwen2.5-Coder-32B-Instruct-AWQ,156,prefill,17,model.layers.17.self_attn.v_proj,linear,,B*S,1024,5120,153,model.layers.17.self_attn.v_proj.weight,"[1024,5120]",config+architecture,"AWQ changes physical storage, not logical MNK"
models--Qwen--Qwen2.5-Coder-32B-Instruct-AWQ,157,prefill,17,model.layers.17.self_attn.qk,batched_matmul,B*QH,S,S,128,154;155,,,config+architecture,"GQA QH=40, KVH=8; effective KV may be capped by sliding_window=131072"
models--Qwen--Qwen2.5-Coder-32B-Instruct-AWQ,158,prefill,17,model.layers.17.self_attn.pv,batched_matmul,B*QH,S,128,S,157;156,,,config+architecture,softmax/mask is a non-matmul dependency bridge
models--Qwen--Qwen2.5-Coder-32B-Instruct-AWQ,159,prefill,17,model.layers.17.self_attn.o_proj,linear,,B*S,5120,5120,158,model.layers.17.self_attn.o_proj.weight,"[5120,5120]",config+architecture,"AWQ changes physical storage, not logical MNK"
models--Qwen--Qwen2.5-Coder-32B-Instruct-AWQ,160,prefill,17,model.layers.17.mlp.gate_proj,linear,,B*S,27648,5120,159,model.layers.17.mlp.gate_proj.weight,"[27648,5120]",config+architecture,"AWQ changes physical storage, not logical MNK"
models--Qwen--Qwen2.5-Coder-32B-Instruct-AWQ,161,prefill,17,model.layers.17.mlp.up_proj,linear,,B*S,27648,5120,159,model.layers.17.mlp.up_proj.weight,"[27648,5120]",config+architecture,"AWQ changes physical storage, not logical MNK"
models--Qwen--Qwen2.5-Coder-32B-Instruct-AWQ,162,prefill,17,model.layers.17.mlp.down_proj,linear,,B*S,5120,27648,160;161,model.layers.17.mlp.down_proj.weight,"[5120,27648]",config+architecture,"SiLU(gate)*up precedes this GEMM; AWQ changes physical storage, not logical MNK"
models--Qwen--Qwen2.5-Coder-32B-Instruct-AWQ,163,prefill,18,model.layers.18.self_attn.q_proj,linear,,B*S,5120,5120,162,model.layers.18.self_attn.q_proj.weight,"[5120,5120]",config+architecture,"AWQ changes physical storage, not logical MNK"
models--Qwen--Qwen2.5-Coder-32B-Instruct-AWQ,164,prefill,18,model.layers.18.self_attn.k_proj,linear,,B*S,1024,5120,162,model.layers.18.self_attn.k_proj.weight,"[1024,5120]",config+architecture,"AWQ changes physical storage, not logical MNK"
models--Qwen--Qwen2.5-Coder-32B-Instruct-AWQ,165,prefill,18,model.layers.18.self_attn.v_proj,linear,,B*S,1024,5120,162,model.layers.18.self_attn.v_proj.weight,"[1024,5120]",config+architecture,"AWQ changes physical storage, not logical MNK"
models--Qwen--Qwen2.5-Coder-32B-Instruct-AWQ,166,prefill,18,model.layers.18.self_attn.qk,batched_matmul,B*QH,S,S,128,163;164,,,config+architecture,"GQA QH=40, KVH=8; effective KV may be capped by sliding_window=131072"
models--Qwen--Qwen2.5-Coder-32B-Instruct-AWQ,167,prefill,18,model.layers.18.self_attn.pv,batched_matmul,B*QH,S,128,S,166;165,,,config+architecture,softmax/mask is a non-matmul dependency bridge
models--Qwen--Qwen2.5-Coder-32B-Instruct-AWQ,168,prefill,18,model.layers.18.self_attn.o_proj,linear,,B*S,5120,5120,167,model.layers.18.self_attn.o_proj.weight,"[5120,5120]",config+architecture,"AWQ changes physical storage, not logical MNK"
models--Qwen--Qwen2.5-Coder-32B-Instruct-AWQ,169,prefill,18,model.layers.18.mlp.gate_proj,linear,,B*S,27648,5120,168,model.layers.18.mlp.gate_proj.weight,"[27648,5120]",config+architecture,"AWQ changes physical storage, not logical MNK"
models--Qwen--Qwen2.5-Coder-32B-Instruct-AWQ,170,prefill,18,model.layers.18.mlp.up_proj,linear,,B*S,27648,5120,168,model.layers.18.mlp.up_proj.weight,"[27648,5120]",config+architecture,"AWQ changes physical storage, not logical MNK"
models--Qwen--Qwen2.5-Coder-32B-Instruct-AWQ,171,prefill,18,model.layers.18.mlp.down_proj,linear,,B*S,5120,27648,169;170,model.layers.18.mlp.down_proj.weight,"[5120,27648]",config+architecture,"SiLU(gate)*up precedes this GEMM; AWQ changes physical storage, not logical MNK"
models--Qwen--Qwen2.5-Coder-32B-Instruct-AWQ,172,prefill,19,model.layers.19.self_attn.q_proj,linear,,B*S,5120,5120,171,model.layers.19.self_attn.q_proj.weight,"[5120,5120]",config+architecture,"AWQ changes physical storage, not logical MNK"
models--Qwen--Qwen2.5-Coder-32B-Instruct-AWQ,173,prefill,19,model.layers.19.self_attn.k_proj,linear,,B*S,1024,5120,171,model.layers.19.self_attn.k_proj.weight,"[1024,5120]",config+architecture,"AWQ changes physical storage, not logical MNK"
models--Qwen--Qwen2.5-Coder-32B-Instruct-AWQ,174,prefill,19,model.layers.19.self_attn.v_proj,linear,,B*S,1024,5120,171,model.layers.19.self_attn.v_proj.weight,"[1024,5120]",config+architecture,"AWQ changes physical storage, not logical MNK"
models--Qwen--Qwen2.5-Coder-32B-Instruct-AWQ,175,prefill,19,model.layers.19.self_attn.qk,batched_matmul,B*QH,S,S,128,172;173,,,config+architecture,"GQA QH=40, KVH=8; effective KV may be capped by sliding_window=131072"
models--Qwen--Qwen2.5-Coder-32B-Instruct-AWQ,176,prefill,19,model.layers.19.self_attn.pv,batched_matmul,B*QH,S,128,S,175;174,,,config+architecture,softmax/mask is a non-matmul dependency bridge
models--Qwen--Qwen2.5-Coder-32B-Instruct-AWQ,177,prefill,19,model.layers.19.self_attn.o_proj,linear,,B*S,5120,5120,176,model.layers.19.self_attn.o_proj.weight,"[5120,5120]",config+architecture,"AWQ changes physical storage, not logical MNK"
models--Qwen--Qwen2.5-Coder-32B-Instruct-AWQ,178,prefill,19,model.layers.19.mlp.gate_proj,linear,,B*S,27648,5120,177,model.layers.19.mlp.gate_proj.weight,"[27648,5120]",config+architecture,"AWQ changes physical storage, not logical MNK"
models--Qwen--Qwen2.5-Coder-32B-Instruct-AWQ,179,prefill,19,model.layers.19.mlp.up_proj,linear,,B*S,27648,5120,177,model.layers.19.mlp.up_proj.weight,"[27648,5120]",config+architecture,"AWQ changes physical storage, not logical MNK"
models--Qwen--Qwen2.5-Coder-32B-Instruct-AWQ,180,prefill,19,model.layers.19.mlp.down_proj,linear,,B*S,5120,27648,178;179,model.layers.19.mlp.down_proj.weight,"[5120,27648]",config+architecture,"SiLU(gate)*up precedes this GEMM; AWQ changes physical storage, not logical MNK"
models--Qwen--Qwen2.5-Coder-32B-Instruct-AWQ,181,prefill,20,model.layers.20.self_attn.q_proj,linear,,B*S,5120,5120,180,model.layers.20.self_attn.q_proj.weight,"[5120,5120]",config+architecture,"AWQ changes physical storage, not logical MNK"
models--Qwen--Qwen2.5-Coder-32B-Instruct-AWQ,182,prefill,20,model.layers.20.self_attn.k_proj,linear,,B*S,1024,5120,180,model.layers.20.self_attn.k_proj.weight,"[1024,5120]",config+architecture,"AWQ changes physical storage, not logical MNK"
models--Qwen--Qwen2.5-Coder-32B-Instruct-AWQ,183,prefill,20,model.layers.20.self_attn.v_proj,linear,,B*S,1024,5120,180,model.layers.20.self_attn.v_proj.weight,"[1024,5120]",config+architecture,"AWQ changes physical storage, not logical MNK"
models--Qwen--Qwen2.5-Coder-32B-Instruct-AWQ,184,prefill,20,model.layers.20.self_attn.qk,batched_matmul,B*QH,S,S,128,181;182,,,config+architecture,"GQA QH=40, KVH=8; effective KV may be capped by sliding_window=131072"
models--Qwen--Qwen2.5-Coder-32B-Instruct-AWQ,185,prefill,20,model.layers.20.self_attn.pv,batched_matmul,B*QH,S,128,S,184;183,,,config+architecture,softmax/mask is a non-matmul dependency bridge
models--Qwen--Qwen2.5-Coder-32B-Instruct-AWQ,186,prefill,20,model.layers.20.self_attn.o_proj,linear,,B*S,5120,5120,185,model.layers.20.self_attn.o_proj.weight,"[5120,5120]",config+architecture,"AWQ changes physical storage, not logical MNK"
models--Qwen--Qwen2.5-Coder-32B-Instruct-AWQ,187,prefill,20,model.layers.20.mlp.gate_proj,linear,,B*S,27648,5120,186,model.layers.20.mlp.gate_proj.weight,"[27648,5120]",config+architecture,"AWQ changes physical storage, not logical MNK"
models--Qwen--Qwen2.5-Coder-32B-Instruct-AWQ,188,prefill,20,model.layers.20.mlp.up_proj,linear,,B*S,27648,5120,186,model.layers.20.mlp.up_proj.weight,"[27648,5120]",config+architecture,"AWQ changes physical storage, not logical MNK"
models--Qwen--Qwen2.5-Coder-32B-Instruct-AWQ,189,prefill,20,model.layers.20.mlp.down_proj,linear,,B*S,5120,27648,187;188,model.layers.20.mlp.down_proj.weight,"[5120,27648]",config+architecture,"SiLU(gate)*up precedes this GEMM; AWQ changes physical storage, not logical MNK"
models--Qwen--Qwen2.5-Coder-32B-Instruct-AWQ,190,prefill,21,model.layers.21.self_attn.q_proj,linear,,B*S,5120,5120,189,model.layers.21.self_attn.q_proj.weight,"[5120,5120]",config+architecture,"AWQ changes physical storage, not logical MNK"
models--Qwen--Qwen2.5-Coder-32B-Instruct-AWQ,191,prefill,21,model.layers.21.self_attn.k_proj,linear,,B*S,1024,5120,189,model.layers.21.self_attn.k_proj.weight,"[1024,5120]",config+architecture,"AWQ changes physical storage, not logical MNK"
models--Qwen--Qwen2.5-Coder-32B-Instruct-AWQ,192,prefill,21,model.layers.21.self_attn.v_proj,linear,,B*S,1024,5120,189,model.layers.21.self_attn.v_proj.weight,"[1024,5120]",config+architecture,"AWQ changes physical storage, not logical MNK"
models--Qwen--Qwen2.5-Coder-32B-Instruct-AWQ,193,prefill,21,model.layers.21.self_attn.qk,batched_matmul,B*QH,S,S,128,190;191,,,config+architecture,"GQA QH=40, KVH=8; effective KV may be capped by sliding_window=131072"
models--Qwen--Qwen2.5-Coder-32B-Instruct-AWQ,194,prefill,21,model.layers.21.self_attn.pv,batched_matmul,B*QH,S,128,S,193;192,,,config+architecture,softmax/mask is a non-matmul dependency bridge
models--Qwen--Qwen2.5-Coder-32B-Instruct-AWQ,195,prefill,21,model.layers.21.self_attn.o_proj,linear,,B*S,5120,5120,194,model.layers.21.self_attn.o_proj.weight,"[5120,5120]",config+architecture,"AWQ changes physical storage, not logical MNK"
models--Qwen--Qwen2.5-Coder-32B-Instruct-AWQ,196,prefill,21,model.layers.21.mlp.gate_proj,linear,,B*S,27648,5120,195,model.layers.21.mlp.gate_proj.weight,"[27648,5120]",config+architecture,"AWQ changes physical storage, not logical MNK"
models--Qwen--Qwen2.5-Coder-32B-Instruct-AWQ,197,prefill,21,model.layers.21.mlp.up_proj,linear,,B*S,27648,5120,195,model.layers.21.mlp.up_proj.weight,"[27648,5120]",config+architecture,"AWQ changes physical storage, not logical MNK"
models--Qwen--Qwen2.5-Coder-32B-Instruct-AWQ,198,prefill,21,model.layers.21.mlp.down_proj,linear,,B*S,5120,27648,196;197,model.layers.21.mlp.down_proj.weight,"[5120,27648]",config+architecture,"SiLU(gate)*up precedes this GEMM; AWQ changes physical storage, not logical MNK"
models--Qwen--Qwen2.5-Coder-32B-Instruct-AWQ,199,prefill,22,model.layers.22.self_attn.q_proj,linear,,B*S,5120,5120,198,model.layers.22.self_attn.q_proj.weight,"[5120,5120]",config+architecture,"AWQ changes physical storage, not logical MNK"
models--Qwen--Qwen2.5-Coder-32B-Instruct-AWQ,200,prefill,22,model.layers.22.self_attn.k_proj,linear,,B*S,1024,5120,198,model.layers.22.self_attn.k_proj.weight,"[1024,5120]",config+architecture,"AWQ changes physical storage, not logical MNK"
models--Qwen--Qwen2.5-Coder-32B-Instruct-AWQ,201,prefill,22,model.layers.22.self_attn.v_proj,linear,,B*S,1024,5120,198,model.layers.22.self_attn.v_proj.weight,"[1024,5120]",config+architecture,"AWQ changes physical storage, not logical MNK"
models--Qwen--Qwen2.5-Coder-32B-Instruct-AWQ,202,prefill,22,model.layers.22.self_attn.qk,batched_matmul,B*QH,S,S,128,199;200,,,config+architecture,"GQA QH=40, KVH=8; effective KV may be capped by sliding_window=131072"
models--Qwen--Qwen2.5-Coder-32B-Instruct-AWQ,203,prefill,22,model.layers.22.self_attn.pv,batched_matmul,B*QH,S,128,S,202;201,,,config+architecture,softmax/mask is a non-matmul dependency bridge
models--Qwen--Qwen2.5-Coder-32B-Instruct-AWQ,204,prefill,22,model.layers.22.self_attn.o_proj,linear,,B*S,5120,5120,203,model.layers.22.self_attn.o_proj.weight,"[5120,5120]",config+architecture,"AWQ changes physical storage, not logical MNK"
models--Qwen--Qwen2.5-Coder-32B-Instruct-AWQ,205,prefill,22,model.layers.22.mlp.gate_proj,linear,,B*S,27648,5120,204,model.layers.22.mlp.gate_proj.weight,"[27648,5120]",config+architecture,"AWQ changes physical storage, not logical MNK"
models--Qwen--Qwen2.5-Coder-32B-Instruct-AWQ,206,prefill,22,model.layers.22.mlp.up_proj,linear,,B*S,27648,5120,204,model.layers.22.mlp.up_proj.weight,"[27648,5120]",config+architecture,"AWQ changes physical storage, not logical MNK"
models--Qwen--Qwen2.5-Coder-32B-Instruct-AWQ,207,prefill,22,model.layers.22.mlp.down_proj,linear,,B*S,5120,27648,205;206,model.layers.22.mlp.down_proj.weight,"[5120,27648]",config+architecture,"SiLU(gate)*up precedes this GEMM; AWQ changes physical storage, not logical MNK"
models--Qwen--Qwen2.5-Coder-32B-Instruct-AWQ,208,prefill,23,model.layers.23.self_attn.q_proj,linear,,B*S,5120,5120,207,model.layers.23.self_attn.q_proj.weight,"[5120,5120]",config+architecture,"AWQ changes physical storage, not logical MNK"
models--Qwen--Qwen2.5-Coder-32B-Instruct-AWQ,209,prefill,23,model.layers.23.self_attn.k_proj,linear,,B*S,1024,5120,207,model.layers.23.self_attn.k_proj.weight,"[1024,5120]",config+architecture,"AWQ changes physical storage, not logical MNK"
models--Qwen--Qwen2.5-Coder-32B-Instruct-AWQ,210,prefill,23,model.layers.23.self_attn.v_proj,linear,,B*S,1024,5120,207,model.layers.23.self_attn.v_proj.weight,"[1024,5120]",config+architecture,"AWQ changes physical storage, not logical MNK"
models--Qwen--Qwen2.5-Coder-32B-Instruct-AWQ,211,prefill,23,model.layers.23.self_attn.qk,batched_matmul,B*QH,S,S,128,208;209,,,config+architecture,"GQA QH=40, KVH=8; effective KV may be capped by sliding_window=131072"
models--Qwen--Qwen2.5-Coder-32B-Instruct-AWQ,212,prefill,23,model.layers.23.self_attn.pv,batched_matmul,B*QH,S,128,S,211;210,,,config+architecture,softmax/mask is a non-matmul dependency bridge
models--Qwen--Qwen2.5-Coder-32B-Instruct-AWQ,213,prefill,23,model.layers.23.self_attn.o_proj,linear,,B*S,5120,5120,212,model.layers.23.self_attn.o_proj.weight,"[5120,5120]",config+architecture,"AWQ changes physical storage, not logical MNK"
models--Qwen--Qwen2.5-Coder-32B-Instruct-AWQ,214,prefill,23,model.layers.23.mlp.gate_proj,linear,,B*S,27648,5120,213,model.layers.23.mlp.gate_proj.weight,"[27648,5120]",config+architecture,"AWQ changes physical storage, not logical MNK"
models--Qwen--Qwen2.5-Coder-32B-Instruct-AWQ,215,prefill,23,model.layers.23.mlp.up_proj,linear,,B*S,27648,5120,213,model.layers.23.mlp.up_proj.weight,"[27648,5120]",config+architecture,"AWQ changes physical storage, not logical MNK"
models--Qwen--Qwen2.5-Coder-32B-Instruct-AWQ,216,prefill,23,model.layers.23.mlp.down_proj,linear,,B*S,5120,27648,214;215,model.layers.23.mlp.down_proj.weight,"[5120,27648]",config+architecture,"SiLU(gate)*up precedes this GEMM; AWQ changes physical storage, not logical MNK"
models--Qwen--Qwen2.5-Coder-32B-Instruct-AWQ,217,prefill,24,model.layers.24.self_attn.q_proj,linear,,B*S,5120,5120,216,model.layers.24.self_attn.q_proj.weight,"[5120,5120]",config+architecture,"AWQ changes physical storage, not logical MNK"
models--Qwen--Qwen2.5-Coder-32B-Instruct-AWQ,218,prefill,24,model.layers.24.self_attn.k_proj,linear,,B*S,1024,5120,216,model.layers.24.self_attn.k_proj.weight,"[1024,5120]",config+architecture,"AWQ changes physical storage, not logical MNK"
models--Qwen--Qwen2.5-Coder-32B-Instruct-AWQ,219,prefill,24,model.layers.24.self_attn.v_proj,linear,,B*S,1024,5120,216,model.layers.24.self_attn.v_proj.weight,"[1024,5120]",config+architecture,"AWQ changes physical storage, not logical MNK"
models--Qwen--Qwen2.5-Coder-32B-Instruct-AWQ,220,prefill,24,model.layers.24.self_attn.qk,batched_matmul,B*QH,S,S,128,217;218,,,config+architecture,"GQA QH=40, KVH=8; effective KV may be capped by sliding_window=131072"
models--Qwen--Qwen2.5-Coder-32B-Instruct-AWQ,221,prefill,24,model.layers.24.self_attn.pv,batched_matmul,B*QH,S,128,S,220;219,,,config+architecture,softmax/mask is a non-matmul dependency bridge
models--Qwen--Qwen2.5-Coder-32B-Instruct-AWQ,222,prefill,24,model.layers.24.self_attn.o_proj,linear,,B*S,5120,5120,221,model.layers.24.self_attn.o_proj.weight,"[5120,5120]",config+architecture,"AWQ changes physical storage, not logical MNK"
models--Qwen--Qwen2.5-Coder-32B-Instruct-AWQ,223,prefill,24,model.layers.24.mlp.gate_proj,linear,,B*S,27648,5120,222,model.layers.24.mlp.gate_proj.weight,"[27648,5120]",config+architecture,"AWQ changes physical storage, not logical MNK"
models--Qwen--Qwen2.5-Coder-32B-Instruct-AWQ,224,prefill,24,model.layers.24.mlp.up_proj,linear,,B*S,27648,5120,222,model.layers.24.mlp.up_proj.weight,"[27648,5120]",config+architecture,"AWQ changes physical storage, not logical MNK"
models--Qwen--Qwen2.5-Coder-32B-Instruct-AWQ,225,prefill,24,model.layers.24.mlp.down_proj,linear,,B*S,5120,27648,223;224,model.layers.24.mlp.down_proj.weight,"[5120,27648]",config+architecture,"SiLU(gate)*up precedes this GEMM; AWQ changes physical storage, not logical MNK"
models--Qwen--Qwen2.5-Coder-32B-Instruct-AWQ,226,prefill,25,model.layers.25.self_attn.q_proj,linear,,B*S,5120,5120,225,model.layers.25.self_attn.q_proj.weight,"[5120,5120]",config+architecture,"AWQ changes physical storage, not logical MNK"
models--Qwen--Qwen2.5-Coder-32B-Instruct-AWQ,227,prefill,25,model.layers.25.self_attn.k_proj,linear,,B*S,1024,5120,225,model.layers.25.self_attn.k_proj.weight,"[1024,5120]",config+architecture,"AWQ changes physical storage, not logical MNK"
models--Qwen--Qwen2.5-Coder-32B-Instruct-AWQ,228,prefill,25,model.layers.25.self_attn.v_proj,linear,,B*S,1024,5120,225,model.layers.25.self_attn.v_proj.weight,"[1024,5120]",config+architecture,"AWQ changes physical storage, not logical MNK"
models--Qwen--Qwen2.5-Coder-32B-Instruct-AWQ,229,prefill,25,model.layers.25.self_attn.qk,batched_matmul,B*QH,S,S,128,226;227,,,config+architecture,"GQA QH=40, KVH=8; effective KV may be capped by sliding_window=131072"
models--Qwen--Qwen2.5-Coder-32B-Instruct-AWQ,230,prefill,25,model.layers.25.self_attn.pv,batched_matmul,B*QH,S,128,S,229;228,,,config+architecture,softmax/mask is a non-matmul dependency bridge
models--Qwen--Qwen2.5-Coder-32B-Instruct-AWQ,231,prefill,25,model.layers.25.self_attn.o_proj,linear,,B*S,5120,5120,230,model.layers.25.self_attn.o_proj.weight,"[5120,5120]",config+architecture,"AWQ changes physical storage, not logical MNK"
models--Qwen--Qwen2.5-Coder-32B-Instruct-AWQ,232,prefill,25,model.layers.25.mlp.gate_proj,linear,,B*S,27648,5120,231,model.layers.25.mlp.gate_proj.weight,"[27648,5120]",config+architecture,"AWQ changes physical storage, not logical MNK"
models--Qwen--Qwen2.5-Coder-32B-Instruct-AWQ,233,prefill,25,model.layers.25.mlp.up_proj,linear,,B*S,27648,5120,231,model.layers.25.mlp.up_proj.weight,"[27648,5120]",config+architecture,"AWQ changes physical storage, not logical MNK"
models--Qwen--Qwen2.5-Coder-32B-Instruct-AWQ,234,prefill,25,model.layers.25.mlp.down_proj,linear,,B*S,5120,27648,232;233,model.layers.25.mlp.down_proj.weight,"[5120,27648]",config+architecture,"SiLU(gate)*up precedes this GEMM; AWQ changes physical storage, not logical MNK"
models--Qwen--Qwen2.5-Coder-32B-Instruct-AWQ,235,prefill,26,model.layers.26.self_attn.q_proj,linear,,B*S,5120,5120,234,model.layers.26.self_attn.q_proj.weight,"[5120,5120]",config+architecture,"AWQ changes physical storage, not logical MNK"
models--Qwen--Qwen2.5-Coder-32B-Instruct-AWQ,236,prefill,26,model.layers.26.self_attn.k_proj,linear,,B*S,1024,5120,234,model.layers.26.self_attn.k_proj.weight,"[1024,5120]",config+architecture,"AWQ changes physical storage, not logical MNK"
models--Qwen--Qwen2.5-Coder-32B-Instruct-AWQ,237,prefill,26,model.layers.26.self_attn.v_proj,linear,,B*S,1024,5120,234,model.layers.26.self_attn.v_proj.weight,"[1024,5120]",config+architecture,"AWQ changes physical storage, not logical MNK"
models--Qwen--Qwen2.5-Coder-32B-Instruct-AWQ,238,prefill,26,model.layers.26.self_attn.qk,batched_matmul,B*QH,S,S,128,235;236,,,config+architecture,"GQA QH=40, KVH=8; effective KV may be capped by sliding_window=131072"
models--Qwen--Qwen2.5-Coder-32B-Instruct-AWQ,239,prefill,26,model.layers.26.self_attn.pv,batched_matmul,B*QH,S,128,S,238;237,,,config+architecture,softmax/mask is a non-matmul dependency bridge
models--Qwen--Qwen2.5-Coder-32B-Instruct-AWQ,240,prefill,26,model.layers.26.self_attn.o_proj,linear,,B*S,5120,5120,239,model.layers.26.self_attn.o_proj.weight,"[5120,5120]",config+architecture,"AWQ changes physical storage, not logical MNK"
models--Qwen--Qwen2.5-Coder-32B-Instruct-AWQ,241,prefill,26,model.layers.26.mlp.gate_proj,linear,,B*S,27648,5120,240,model.layers.26.mlp.gate_proj.weight,"[27648,5120]",config+architecture,"AWQ changes physical storage, not logical MNK"
models--Qwen--Qwen2.5-Coder-32B-Instruct-AWQ,242,prefill,26,model.layers.26.mlp.up_proj,linear,,B*S,27648,5120,240,model.layers.26.mlp.up_proj.weight,"[27648,5120]",config+architecture,"AWQ changes physical storage, not logical MNK"
models--Qwen--Qwen2.5-Coder-32B-Instruct-AWQ,243,prefill,26,model.layers.26.mlp.down_proj,linear,,B*S,5120,27648,241;242,model.layers.26.mlp.down_proj.weight,"[5120,27648]",config+architecture,"SiLU(gate)*up precedes this GEMM; AWQ changes physical storage, not logical MNK"
models--Qwen--Qwen2.5-Coder-32B-Instruct-AWQ,244,prefill,27,model.layers.27.self_attn.q_proj,linear,,B*S,5120,5120,243,model.layers.27.self_attn.q_proj.weight,"[5120,5120]",config+architecture,"AWQ changes physical storage, not logical MNK"
models--Qwen--Qwen2.5-Coder-32B-Instruct-AWQ,245,prefill,27,model.layers.27.self_attn.k_proj,linear,,B*S,1024,5120,243,model.layers.27.self_attn.k_proj.weight,"[1024,5120]",config+architecture,"AWQ changes physical storage, not logical MNK"
models--Qwen--Qwen2.5-Coder-32B-Instruct-AWQ,246,prefill,27,model.layers.27.self_attn.v_proj,linear,,B*S,1024,5120,243,model.layers.27.self_attn.v_proj.weight,"[1024,5120]",config+architecture,"AWQ changes physical storage, not logical MNK"
models--Qwen--Qwen2.5-Coder-32B-Instruct-AWQ,247,prefill,27,model.layers.27.self_attn.qk,batched_matmul,B*QH,S,S,128,244;245,,,config+architecture,"GQA QH=40, KVH=8; effective KV may be capped by sliding_window=131072"
models--Qwen--Qwen2.5-Coder-32B-Instruct-AWQ,248,prefill,27,model.layers.27.self_attn.pv,batched_matmul,B*QH,S,128,S,247;246,,,config+architecture,softmax/mask is a non-matmul dependency bridge
models--Qwen--Qwen2.5-Coder-32B-Instruct-AWQ,249,prefill,27,model.layers.27.self_attn.o_proj,linear,,B*S,5120,5120,248,model.layers.27.self_attn.o_proj.weight,"[5120,5120]",config+architecture,"AWQ changes physical storage, not logical MNK"
models--Qwen--Qwen2.5-Coder-32B-Instruct-AWQ,250,prefill,27,model.layers.27.mlp.gate_proj,linear,,B*S,27648,5120,249,model.layers.27.mlp.gate_proj.weight,"[27648,5120]",config+architecture,"AWQ changes physical storage, not logical MNK"
models--Qwen--Qwen2.5-Coder-32B-Instruct-AWQ,251,prefill,27,model.layers.27.mlp.up_proj,linear,,B*S,27648,5120,249,model.layers.27.mlp.up_proj.weight,"[27648,5120]",config+architecture,"AWQ changes physical storage, not logical MNK"
models--Qwen--Qwen2.5-Coder-32B-Instruct-AWQ,252,prefill,27,model.layers.27.mlp.down_proj,linear,,B*S,5120,27648,250;251,model.layers.27.mlp.down_proj.weight,"[5120,27648]",config+architecture,"SiLU(gate)*up precedes this GEMM; AWQ changes physical storage, not logical MNK"
models--Qwen--Qwen2.5-Coder-32B-Instruct-AWQ,253,prefill,28,model.layers.28.self_attn.q_proj,linear,,B*S,5120,5120,252,model.layers.28.self_attn.q_proj.weight,"[5120,5120]",config+architecture,"AWQ changes physical storage, not logical MNK"
models--Qwen--Qwen2.5-Coder-32B-Instruct-AWQ,254,prefill,28,model.layers.28.self_attn.k_proj,linear,,B*S,1024,5120,252,model.layers.28.self_attn.k_proj.weight,"[1024,5120]",config+architecture,"AWQ changes physical storage, not logical MNK"
models--Qwen--Qwen2.5-Coder-32B-Instruct-AWQ,255,prefill,28,model.layers.28.self_attn.v_proj,linear,,B*S,1024,5120,252,model.layers.28.self_attn.v_proj.weight,"[1024,5120]",config+architecture,"AWQ changes physical storage, not logical MNK"
models--Qwen--Qwen2.5-Coder-32B-Instruct-AWQ,256,prefill,28,model.layers.28.self_attn.qk,batched_matmul,B*QH,S,S,128,253;254,,,config+architecture,"GQA QH=40, KVH=8; effective KV may be capped by sliding_window=131072"
models--Qwen--Qwen2.5-Coder-32B-Instruct-AWQ,257,prefill,28,model.layers.28.self_attn.pv,batched_matmul,B*QH,S,128,S,256;255,,,config+architecture,softmax/mask is a non-matmul dependency bridge
models--Qwen--Qwen2.5-Coder-32B-Instruct-AWQ,258,prefill,28,model.layers.28.self_attn.o_proj,linear,,B*S,5120,5120,257,model.layers.28.self_attn.o_proj.weight,"[5120,5120]",config+architecture,"AWQ changes physical storage, not logical MNK"
models--Qwen--Qwen2.5-Coder-32B-Instruct-AWQ,259,prefill,28,model.layers.28.mlp.gate_proj,linear,,B*S,27648,5120,258,model.layers.28.mlp.gate_proj.weight,"[27648,5120]",config+architecture,"AWQ changes physical storage, not logical MNK"
models--Qwen--Qwen2.5-Coder-32B-Instruct-AWQ,260,prefill,28,model.layers.28.mlp.up_proj,linear,,B*S,27648,5120,258,model.layers.28.mlp.up_proj.weight,"[27648,5120]",config+architecture,"AWQ changes physical storage, not logical MNK"
models--Qwen--Qwen2.5-Coder-32B-Instruct-AWQ,261,prefill,28,model.layers.28.mlp.down_proj,linear,,B*S,5120,27648,259;260,model.layers.28.mlp.down_proj.weight,"[5120,27648]",config+architecture,"SiLU(gate)*up precedes this GEMM; AWQ changes physical storage, not logical MNK"
models--Qwen--Qwen2.5-Coder-32B-Instruct-AWQ,262,prefill,29,model.layers.29.self_attn.q_proj,linear,,B*S,5120,5120,261,model.layers.29.self_attn.q_proj.weight,"[5120,5120]",config+architecture,"AWQ changes physical storage, not logical MNK"
models--Qwen--Qwen2.5-Coder-32B-Instruct-AWQ,263,prefill,29,model.layers.29.self_attn.k_proj,linear,,B*S,1024,5120,261,model.layers.29.self_attn.k_proj.weight,"[1024,5120]",config+architecture,"AWQ changes physical storage, not logical MNK"
models--Qwen--Qwen2.5-Coder-32B-Instruct-AWQ,264,prefill,29,model.layers.29.self_attn.v_proj,linear,,B*S,1024,5120,261,model.layers.29.self_attn.v_proj.weight,"[1024,5120]",config+architecture,"AWQ changes physical storage, not logical MNK"
models--Qwen--Qwen2.5-Coder-32B-Instruct-AWQ,265,prefill,29,model.layers.29.self_attn.qk,batched_matmul,B*QH,S,S,128,262;263,,,config+architecture,"GQA QH=40, KVH=8; effective KV may be capped by sliding_window=131072"
models--Qwen--Qwen2.5-Coder-32B-Instruct-AWQ,266,prefill,29,model.layers.29.self_attn.pv,batched_matmul,B*QH,S,128,S,265;264,,,config+architecture,softmax/mask is a non-matmul dependency bridge
models--Qwen--Qwen2.5-Coder-32B-Instruct-AWQ,267,prefill,29,model.layers.29.self_attn.o_proj,linear,,B*S,5120,5120,266,model.layers.29.self_attn.o_proj.weight,"[5120,5120]",config+architecture,"AWQ changes physical storage, not logical MNK"
models--Qwen--Qwen2.5-Coder-32B-Instruct-AWQ,268,prefill,29,model.layers.29.mlp.gate_proj,linear,,B*S,27648,5120,267,model.layers.29.mlp.gate_proj.weight,"[27648,5120]",config+architecture,"AWQ changes physical storage, not logical MNK"
models--Qwen--Qwen2.5-Coder-32B-Instruct-AWQ,269,prefill,29,model.layers.29.mlp.up_proj,linear,,B*S,27648,5120,267,model.layers.29.mlp.up_proj.weight,"[27648,5120]",config+architecture,"AWQ changes physical storage, not logical MNK"
models--Qwen--Qwen2.5-Coder-32B-Instruct-AWQ,270,prefill,29,model.layers.29.mlp.down_proj,linear,,B*S,5120,27648,268;269,model.layers.29.mlp.down_proj.weight,"[5120,27648]",config+architecture,"SiLU(gate)*up precedes this GEMM; AWQ changes physical storage, not logical MNK"
models--Qwen--Qwen2.5-Coder-32B-Instruct-AWQ,271,prefill,30,model.layers.30.self_attn.q_proj,linear,,B*S,5120,5120,270,model.layers.30.self_attn.q_proj.weight,"[5120,5120]",config+architecture,"AWQ changes physical storage, not logical MNK"
models--Qwen--Qwen2.5-Coder-32B-Instruct-AWQ,272,prefill,30,model.layers.30.self_attn.k_proj,linear,,B*S,1024,5120,270,model.layers.30.self_attn.k_proj.weight,"[1024,5120]",config+architecture,"AWQ changes physical storage, not logical MNK"
models--Qwen--Qwen2.5-Coder-32B-Instruct-AWQ,273,prefill,30,model.layers.30.self_attn.v_proj,linear,,B*S,1024,5120,270,model.layers.30.self_attn.v_proj.weight,"[1024,5120]",config+architecture,"AWQ changes physical storage, not logical MNK"
models--Qwen--Qwen2.5-Coder-32B-Instruct-AWQ,274,prefill,30,model.layers.30.self_attn.qk,batched_matmul,B*QH,S,S,128,271;272,,,config+architecture,"GQA QH=40, KVH=8; effective KV may be capped by sliding_window=131072"
models--Qwen--Qwen2.5-Coder-32B-Instruct-AWQ,275,prefill,30,model.layers.30.self_attn.pv,batched_matmul,B*QH,S,128,S,274;273,,,config+architecture,softmax/mask is a non-matmul dependency bridge
models--Qwen--Qwen2.5-Coder-32B-Instruct-AWQ,276,prefill,30,model.layers.30.self_attn.o_proj,linear,,B*S,5120,5120,275,model.layers.30.self_attn.o_proj.weight,"[5120,5120]",config+architecture,"AWQ changes physical storage, not logical MNK"
models--Qwen--Qwen2.5-Coder-32B-Instruct-AWQ,277,prefill,30,model.layers.30.mlp.gate_proj,linear,,B*S,27648,5120,276,model.layers.30.mlp.gate_proj.weight,"[27648,5120]",config+architecture,"AWQ changes physical storage, not logical MNK"
models--Qwen--Qwen2.5-Coder-32B-Instruct-AWQ,278,prefill,30,model.layers.30.mlp.up_proj,linear,,B*S,27648,5120,276,model.layers.30.mlp.up_proj.weight,"[27648,5120]",config+architecture,"AWQ changes physical storage, not logical MNK"
models--Qwen--Qwen2.5-Coder-32B-Instruct-AWQ,279,prefill,30,model.layers.30.mlp.down_proj,linear,,B*S,5120,27648,277;278,model.layers.30.mlp.down_proj.weight,"[5120,27648]",config+architecture,"SiLU(gate)*up precedes this GEMM; AWQ changes physical storage, not logical MNK"
models--Qwen--Qwen2.5-Coder-32B-Instruct-AWQ,280,prefill,31,model.layers.31.self_attn.q_proj,linear,,B*S,5120,5120,279,model.layers.31.self_attn.q_proj.weight,"[5120,5120]",config+architecture,"AWQ changes physical storage, not logical MNK"
models--Qwen--Qwen2.5-Coder-32B-Instruct-AWQ,281,prefill,31,model.layers.31.self_attn.k_proj,linear,,B*S,1024,5120,279,model.layers.31.self_attn.k_proj.weight,"[1024,5120]",config+architecture,"AWQ changes physical storage, not logical MNK"
models--Qwen--Qwen2.5-Coder-32B-Instruct-AWQ,282,prefill,31,model.layers.31.self_attn.v_proj,linear,,B*S,1024,5120,279,model.layers.31.self_attn.v_proj.weight,"[1024,5120]",config+architecture,"AWQ changes physical storage, not logical MNK"
models--Qwen--Qwen2.5-Coder-32B-Instruct-AWQ,283,prefill,31,model.layers.31.self_attn.qk,batched_matmul,B*QH,S,S,128,280;281,,,config+architecture,"GQA QH=40, KVH=8; effective KV may be capped by sliding_window=131072"
models--Qwen--Qwen2.5-Coder-32B-Instruct-AWQ,284,prefill,31,model.layers.31.self_attn.pv,batched_matmul,B*QH,S,128,S,283;282,,,config+architecture,softmax/mask is a non-matmul dependency bridge
models--Qwen--Qwen2.5-Coder-32B-Instruct-AWQ,285,prefill,31,model.layers.31.self_attn.o_proj,linear,,B*S,5120,5120,284,model.layers.31.self_attn.o_proj.weight,"[5120,5120]",config+architecture,"AWQ changes physical storage, not logical MNK"
models--Qwen--Qwen2.5-Coder-32B-Instruct-AWQ,286,prefill,31,model.layers.31.mlp.gate_proj,linear,,B*S,27648,5120,285,model.layers.31.mlp.gate_proj.weight,"[27648,5120]",config+architecture,"AWQ changes physical storage, not logical MNK"
models--Qwen--Qwen2.5-Coder-32B-Instruct-AWQ,287,prefill,31,model.layers.31.mlp.up_proj,linear,,B*S,27648,5120,285,model.layers.31.mlp.up_proj.weight,"[27648,5120]",config+architecture,"AWQ changes physical storage, not logical MNK"
models--Qwen--Qwen2.5-Coder-32B-Instruct-AWQ,288,prefill,31,model.layers.31.mlp.down_proj,linear,,B*S,5120,27648,286;287,model.layers.31.mlp.down_proj.weight,"[5120,27648]",config+architecture,"SiLU(gate)*up precedes this GEMM; AWQ changes physical storage, not logical MNK"
models--Qwen--Qwen2.5-Coder-32B-Instruct-AWQ,289,prefill,32,model.layers.32.self_attn.q_proj,linear,,B*S,5120,5120,288,model.layers.32.self_attn.q_proj.weight,"[5120,5120]",config+architecture,"AWQ changes physical storage, not logical MNK"
models--Qwen--Qwen2.5-Coder-32B-Instruct-AWQ,290,prefill,32,model.layers.32.self_attn.k_proj,linear,,B*S,1024,5120,288,model.layers.32.self_attn.k_proj.weight,"[1024,5120]",config+architecture,"AWQ changes physical storage, not logical MNK"
models--Qwen--Qwen2.5-Coder-32B-Instruct-AWQ,291,prefill,32,model.layers.32.self_attn.v_proj,linear,,B*S,1024,5120,288,model.layers.32.self_attn.v_proj.weight,"[1024,5120]",config+architecture,"AWQ changes physical storage, not logical MNK"
models--Qwen--Qwen2.5-Coder-32B-Instruct-AWQ,292,prefill,32,model.layers.32.self_attn.qk,batched_matmul,B*QH,S,S,128,289;290,,,config+architecture,"GQA QH=40, KVH=8; effective KV may be capped by sliding_window=131072"
models--Qwen--Qwen2.5-Coder-32B-Instruct-AWQ,293,prefill,32,model.layers.32.self_attn.pv,batched_matmul,B*QH,S,128,S,292;291,,,config+architecture,softmax/mask is a non-matmul dependency bridge
models--Qwen--Qwen2.5-Coder-32B-Instruct-AWQ,294,prefill,32,model.layers.32.self_attn.o_proj,linear,,B*S,5120,5120,293,model.layers.32.self_attn.o_proj.weight,"[5120,5120]",config+architecture,"AWQ changes physical storage, not logical MNK"
models--Qwen--Qwen2.5-Coder-32B-Instruct-AWQ,295,prefill,32,model.layers.32.mlp.gate_proj,linear,,B*S,27648,5120,294,model.layers.32.mlp.gate_proj.weight,"[27648,5120]",config+architecture,"AWQ changes physical storage, not logical MNK"
models--Qwen--Qwen2.5-Coder-32B-Instruct-AWQ,296,prefill,32,model.layers.32.mlp.up_proj,linear,,B*S,27648,5120,294,model.layers.32.mlp.up_proj.weight,"[27648,5120]",config+architecture,"AWQ changes physical storage, not logical MNK"
models--Qwen--Qwen2.5-Coder-32B-Instruct-AWQ,297,prefill,32,model.layers.32.mlp.down_proj,linear,,B*S,5120,27648,295;296,model.layers.32.mlp.down_proj.weight,"[5120,27648]",config+architecture,"SiLU(gate)*up precedes this GEMM; AWQ changes physical storage, not logical MNK"
models--Qwen--Qwen2.5-Coder-32B-Instruct-AWQ,298,prefill,33,model.layers.33.self_attn.q_proj,linear,,B*S,5120,5120,297,model.layers.33.self_attn.q_proj.weight,"[5120,5120]",config+architecture,"AWQ changes physical storage, not logical MNK"
models--Qwen--Qwen2.5-Coder-32B-Instruct-AWQ,299,prefill,33,model.layers.33.self_attn.k_proj,linear,,B*S,1024,5120,297,model.layers.33.self_attn.k_proj.weight,"[1024,5120]",config+architecture,"AWQ changes physical storage, not logical MNK"
models--Qwen--Qwen2.5-Coder-32B-Instruct-AWQ,300,prefill,33,model.layers.33.self_attn.v_proj,linear,,B*S,1024,5120,297,model.layers.33.self_attn.v_proj.weight,"[1024,5120]",config+architecture,"AWQ changes physical storage, not logical MNK"
models--Qwen--Qwen2.5-Coder-32B-Instruct-AWQ,301,prefill,33,model.layers.33.self_attn.qk,batched_matmul,B*QH,S,S,128,298;299,,,config+architecture,"GQA QH=40, KVH=8; effective KV may be capped by sliding_window=131072"
models--Qwen--Qwen2.5-Coder-32B-Instruct-AWQ,302,prefill,33,model.layers.33.self_attn.pv,batched_matmul,B*QH,S,128,S,301;300,,,config+architecture,softmax/mask is a non-matmul dependency bridge
models--Qwen--Qwen2.5-Coder-32B-Instruct-AWQ,303,prefill,33,model.layers.33.self_attn.o_proj,linear,,B*S,5120,5120,302,model.layers.33.self_attn.o_proj.weight,"[5120,5120]",config+architecture,"AWQ changes physical storage, not logical MNK"
models--Qwen--Qwen2.5-Coder-32B-Instruct-AWQ,304,prefill,33,model.layers.33.mlp.gate_proj,linear,,B*S,27648,5120,303,model.layers.33.mlp.gate_proj.weight,"[27648,5120]",config+architecture,"AWQ changes physical storage, not logical MNK"
models--Qwen--Qwen2.5-Coder-32B-Instruct-AWQ,305,prefill,33,model.layers.33.mlp.up_proj,linear,,B*S,27648,5120,303,model.layers.33.mlp.up_proj.weight,"[27648,5120]",config+architecture,"AWQ changes physical storage, not logical MNK"
models--Qwen--Qwen2.5-Coder-32B-Instruct-AWQ,306,prefill,33,model.layers.33.mlp.down_proj,linear,,B*S,5120,27648,304;305,model.layers.33.mlp.down_proj.weight,"[5120,27648]",config+architecture,"SiLU(gate)*up precedes this GEMM; AWQ changes physical storage, not logical MNK"
models--Qwen--Qwen2.5-Coder-32B-Instruct-AWQ,307,prefill,34,model.layers.34.self_attn.q_proj,linear,,B*S,5120,5120,306,model.layers.34.self_attn.q_proj.weight,"[5120,5120]",config+architecture,"AWQ changes physical storage, not logical MNK"
models--Qwen--Qwen2.5-Coder-32B-Instruct-AWQ,308,prefill,34,model.layers.34.self_attn.k_proj,linear,,B*S,1024,5120,306,model.layers.34.self_attn.k_proj.weight,"[1024,5120]",config+architecture,"AWQ changes physical storage, not logical MNK"
models--Qwen--Qwen2.5-Coder-32B-Instruct-AWQ,309,prefill,34,model.layers.34.self_attn.v_proj,linear,,B*S,1024,5120,306,model.layers.34.self_attn.v_proj.weight,"[1024,5120]",config+architecture,"AWQ changes physical storage, not logical MNK"
models--Qwen--Qwen2.5-Coder-32B-Instruct-AWQ,310,prefill,34,model.layers.34.self_attn.qk,batched_matmul,B*QH,S,S,128,307;308,,,config+architecture,"GQA QH=40, KVH=8; effective KV may be capped by sliding_window=131072"
models--Qwen--Qwen2.5-Coder-32B-Instruct-AWQ,311,prefill,34,model.layers.34.self_attn.pv,batched_matmul,B*QH,S,128,S,310;309,,,config+architecture,softmax/mask is a non-matmul dependency bridge
models--Qwen--Qwen2.5-Coder-32B-Instruct-AWQ,312,prefill,34,model.layers.34.self_attn.o_proj,linear,,B*S,5120,5120,311,model.layers.34.self_attn.o_proj.weight,"[5120,5120]",config+architecture,"AWQ changes physical storage, not logical MNK"
models--Qwen--Qwen2.5-Coder-32B-Instruct-AWQ,313,prefill,34,model.layers.34.mlp.gate_proj,linear,,B*S,27648,5120,312,model.layers.34.mlp.gate_proj.weight,"[27648,5120]",config+architecture,"AWQ changes physical storage, not logical MNK"
models--Qwen--Qwen2.5-Coder-32B-Instruct-AWQ,314,prefill,34,model.layers.34.mlp.up_proj,linear,,B*S,27648,5120,312,model.layers.34.mlp.up_proj.weight,"[27648,5120]",config+architecture,"AWQ changes physical storage, not logical MNK"
models--Qwen--Qwen2.5-Coder-32B-Instruct-AWQ,315,prefill,34,model.layers.34.mlp.down_proj,linear,,B*S,5120,27648,313;314,model.layers.34.mlp.down_proj.weight,"[5120,27648]",config+architecture,"SiLU(gate)*up precedes this GEMM; AWQ changes physical storage, not logical MNK"
models--Qwen--Qwen2.5-Coder-32B-Instruct-AWQ,316,prefill,35,model.layers.35.self_attn.q_proj,linear,,B*S,5120,5120,315,model.layers.35.self_attn.q_proj.weight,"[5120,5120]",config+architecture,"AWQ changes physical storage, not logical MNK"
models--Qwen--Qwen2.5-Coder-32B-Instruct-AWQ,317,prefill,35,model.layers.35.self_attn.k_proj,linear,,B*S,1024,5120,315,model.layers.35.self_attn.k_proj.weight,"[1024,5120]",config+architecture,"AWQ changes physical storage, not logical MNK"
models--Qwen--Qwen2.5-Coder-32B-Instruct-AWQ,318,prefill,35,model.layers.35.self_attn.v_proj,linear,,B*S,1024,5120,315,model.layers.35.self_attn.v_proj.weight,"[1024,5120]",config+architecture,"AWQ changes physical storage, not logical MNK"
models--Qwen--Qwen2.5-Coder-32B-Instruct-AWQ,319,prefill,35,model.layers.35.self_attn.qk,batched_matmul,B*QH,S,S,128,316;317,,,config+architecture,"GQA QH=40, KVH=8; effective KV may be capped by sliding_window=131072"
models--Qwen--Qwen2.5-Coder-32B-Instruct-AWQ,320,prefill,35,model.layers.35.self_attn.pv,batched_matmul,B*QH,S,128,S,319;318,,,config+architecture,softmax/mask is a non-matmul dependency bridge
models--Qwen--Qwen2.5-Coder-32B-Instruct-AWQ,321,prefill,35,model.layers.35.self_attn.o_proj,linear,,B*S,5120,5120,320,model.layers.35.self_attn.o_proj.weight,"[5120,5120]",config+architecture,"AWQ changes physical storage, not logical MNK"
models--Qwen--Qwen2.5-Coder-32B-Instruct-AWQ,322,prefill,35,model.layers.35.mlp.gate_proj,linear,,B*S,27648,5120,321,model.layers.35.mlp.gate_proj.weight,"[27648,5120]",config+architecture,"AWQ changes physical storage, not logical MNK"
models--Qwen--Qwen2.5-Coder-32B-Instruct-AWQ,323,prefill,35,model.layers.35.mlp.up_proj,linear,,B*S,27648,5120,321,model.layers.35.mlp.up_proj.weight,"[27648,5120]",config+architecture,"AWQ changes physical storage, not logical MNK"
models--Qwen--Qwen2.5-Coder-32B-Instruct-AWQ,324,prefill,35,model.layers.35.mlp.down_proj,linear,,B*S,5120,27648,322;323,model.layers.35.mlp.down_proj.weight,"[5120,27648]",config+architecture,"SiLU(gate)*up precedes this GEMM; AWQ changes physical storage, not logical MNK"
models--Qwen--Qwen2.5-Coder-32B-Instruct-AWQ,325,prefill,36,model.layers.36.self_attn.q_proj,linear,,B*S,5120,5120,324,model.layers.36.self_attn.q_proj.weight,"[5120,5120]",config+architecture,"AWQ changes physical storage, not logical MNK"
models--Qwen--Qwen2.5-Coder-32B-Instruct-AWQ,326,prefill,36,model.layers.36.self_attn.k_proj,linear,,B*S,1024,5120,324,model.layers.36.self_attn.k_proj.weight,"[1024,5120]",config+architecture,"AWQ changes physical storage, not logical MNK"
models--Qwen--Qwen2.5-Coder-32B-Instruct-AWQ,327,prefill,36,model.layers.36.self_attn.v_proj,linear,,B*S,1024,5120,324,model.layers.36.self_attn.v_proj.weight,"[1024,5120]",config+architecture,"AWQ changes physical storage, not logical MNK"
models--Qwen--Qwen2.5-Coder-32B-Instruct-AWQ,328,prefill,36,model.layers.36.self_attn.qk,batched_matmul,B*QH,S,S,128,325;326,,,config+architecture,"GQA QH=40, KVH=8; effective KV may be capped by sliding_window=131072"
models--Qwen--Qwen2.5-Coder-32B-Instruct-AWQ,329,prefill,36,model.layers.36.self_attn.pv,batched_matmul,B*QH,S,128,S,328;327,,,config+architecture,softmax/mask is a non-matmul dependency bridge
models--Qwen--Qwen2.5-Coder-32B-Instruct-AWQ,330,prefill,36,model.layers.36.self_attn.o_proj,linear,,B*S,5120,5120,329,model.layers.36.self_attn.o_proj.weight,"[5120,5120]",config+architecture,"AWQ changes physical storage, not logical MNK"
models--Qwen--Qwen2.5-Coder-32B-Instruct-AWQ,331,prefill,36,model.layers.36.mlp.gate_proj,linear,,B*S,27648,5120,330,model.layers.36.mlp.gate_proj.weight,"[27648,5120]",config+architecture,"AWQ changes physical storage, not logical MNK"
models--Qwen--Qwen2.5-Coder-32B-Instruct-AWQ,332,prefill,36,model.layers.36.mlp.up_proj,linear,,B*S,27648,5120,330,model.layers.36.mlp.up_proj.weight,"[27648,5120]",config+architecture,"AWQ changes physical storage, not logical MNK"
models--Qwen--Qwen2.5-Coder-32B-Instruct-AWQ,333,prefill,36,model.layers.36.mlp.down_proj,linear,,B*S,5120,27648,331;332,model.layers.36.mlp.down_proj.weight,"[5120,27648]",config+architecture,"SiLU(gate)*up precedes this GEMM; AWQ changes physical storage, not logical MNK"
models--Qwen--Qwen2.5-Coder-32B-Instruct-AWQ,334,prefill,37,model.layers.37.self_attn.q_proj,linear,,B*S,5120,5120,333,model.layers.37.self_attn.q_proj.weight,"[5120,5120]",config+architecture,"AWQ changes physical storage, not logical MNK"
models--Qwen--Qwen2.5-Coder-32B-Instruct-AWQ,335,prefill,37,model.layers.37.self_attn.k_proj,linear,,B*S,1024,5120,333,model.layers.37.self_attn.k_proj.weight,"[1024,5120]",config+architecture,"AWQ changes physical storage, not logical MNK"
models--Qwen--Qwen2.5-Coder-32B-Instruct-AWQ,336,prefill,37,model.layers.37.self_attn.v_proj,linear,,B*S,1024,5120,333,model.layers.37.self_attn.v_proj.weight,"[1024,5120]",config+architecture,"AWQ changes physical storage, not logical MNK"
models--Qwen--Qwen2.5-Coder-32B-Instruct-AWQ,337,prefill,37,model.layers.37.self_attn.qk,batched_matmul,B*QH,S,S,128,334;335,,,config+architecture,"GQA QH=40, KVH=8; effective KV may be capped by sliding_window=131072"
models--Qwen--Qwen2.5-Coder-32B-Instruct-AWQ,338,prefill,37,model.layers.37.self_attn.pv,batched_matmul,B*QH,S,128,S,337;336,,,config+architecture,softmax/mask is a non-matmul dependency bridge
models--Qwen--Qwen2.5-Coder-32B-Instruct-AWQ,339,prefill,37,model.layers.37.self_attn.o_proj,linear,,B*S,5120,5120,338,model.layers.37.self_attn.o_proj.weight,"[5120,5120]",config+architecture,"AWQ changes physical storage, not logical MNK"
models--Qwen--Qwen2.5-Coder-32B-Instruct-AWQ,340,prefill,37,model.layers.37.mlp.gate_proj,linear,,B*S,27648,5120,339,model.layers.37.mlp.gate_proj.weight,"[27648,5120]",config+architecture,"AWQ changes physical storage, not logical MNK"
models--Qwen--Qwen2.5-Coder-32B-Instruct-AWQ,341,prefill,37,model.layers.37.mlp.up_proj,linear,,B*S,27648,5120,339,model.layers.37.mlp.up_proj.weight,"[27648,5120]",config+architecture,"AWQ changes physical storage, not logical MNK"
models--Qwen--Qwen2.5-Coder-32B-Instruct-AWQ,342,prefill,37,model.layers.37.mlp.down_proj,linear,,B*S,5120,27648,340;341,model.layers.37.mlp.down_proj.weight,"[5120,27648]",config+architecture,"SiLU(gate)*up precedes this GEMM; AWQ changes physical storage, not logical MNK"
models--Qwen--Qwen2.5-Coder-32B-Instruct-AWQ,343,prefill,38,model.layers.38.self_attn.q_proj,linear,,B*S,5120,5120,342,model.layers.38.self_attn.q_proj.weight,"[5120,5120]",config+architecture,"AWQ changes physical storage, not logical MNK"
models--Qwen--Qwen2.5-Coder-32B-Instruct-AWQ,344,prefill,38,model.layers.38.self_attn.k_proj,linear,,B*S,1024,5120,342,model.layers.38.self_attn.k_proj.weight,"[1024,5120]",config+architecture,"AWQ changes physical storage, not logical MNK"
models--Qwen--Qwen2.5-Coder-32B-Instruct-AWQ,345,prefill,38,model.layers.38.self_attn.v_proj,linear,,B*S,1024,5120,342,model.layers.38.self_attn.v_proj.weight,"[1024,5120]",config+architecture,"AWQ changes physical storage, not logical MNK"
models--Qwen--Qwen2.5-Coder-32B-Instruct-AWQ,346,prefill,38,model.layers.38.self_attn.qk,batched_matmul,B*QH,S,S,128,343;344,,,config+architecture,"GQA QH=40, KVH=8; effective KV may be capped by sliding_window=131072"
models--Qwen--Qwen2.5-Coder-32B-Instruct-AWQ,347,prefill,38,model.layers.38.self_attn.pv,batched_matmul,B*QH,S,128,S,346;345,,,config+architecture,softmax/mask is a non-matmul dependency bridge
models--Qwen--Qwen2.5-Coder-32B-Instruct-AWQ,348,prefill,38,model.layers.38.self_attn.o_proj,linear,,B*S,5120,5120,347,model.layers.38.self_attn.o_proj.weight,"[5120,5120]",config+architecture,"AWQ changes physical storage, not logical MNK"
models--Qwen--Qwen2.5-Coder-32B-Instruct-AWQ,349,prefill,38,model.layers.38.mlp.gate_proj,linear,,B*S,27648,5120,348,model.layers.38.mlp.gate_proj.weight,"[27648,5120]",config+architecture,"AWQ changes physical storage, not logical MNK"
models--Qwen--Qwen2.5-Coder-32B-Instruct-AWQ,350,prefill,38,model.layers.38.mlp.up_proj,linear,,B*S,27648,5120,348,model.layers.38.mlp.up_proj.weight,"[27648,5120]",config+architecture,"AWQ changes physical storage, not logical MNK"
models--Qwen--Qwen2.5-Coder-32B-Instruct-AWQ,351,prefill,38,model.layers.38.mlp.down_proj,linear,,B*S,5120,27648,349;350,model.layers.38.mlp.down_proj.weight,"[5120,27648]",config+architecture,"SiLU(gate)*up precedes this GEMM; AWQ changes physical storage, not logical MNK"
models--Qwen--Qwen2.5-Coder-32B-Instruct-AWQ,352,prefill,39,model.layers.39.self_attn.q_proj,linear,,B*S,5120,5120,351,model.layers.39.self_attn.q_proj.weight,"[5120,5120]",config+architecture,"AWQ changes physical storage, not logical MNK"
models--Qwen--Qwen2.5-Coder-32B-Instruct-AWQ,353,prefill,39,model.layers.39.self_attn.k_proj,linear,,B*S,1024,5120,351,model.layers.39.self_attn.k_proj.weight,"[1024,5120]",config+architecture,"AWQ changes physical storage, not logical MNK"
models--Qwen--Qwen2.5-Coder-32B-Instruct-AWQ,354,prefill,39,model.layers.39.self_attn.v_proj,linear,,B*S,1024,5120,351,model.layers.39.self_attn.v_proj.weight,"[1024,5120]",config+architecture,"AWQ changes physical storage, not logical MNK"
models--Qwen--Qwen2.5-Coder-32B-Instruct-AWQ,355,prefill,39,model.layers.39.self_attn.qk,batched_matmul,B*QH,S,S,128,352;353,,,config+architecture,"GQA QH=40, KVH=8; effective KV may be capped by sliding_window=131072"
models--Qwen--Qwen2.5-Coder-32B-Instruct-AWQ,356,prefill,39,model.layers.39.self_attn.pv,batched_matmul,B*QH,S,128,S,355;354,,,config+architecture,softmax/mask is a non-matmul dependency bridge
models--Qwen--Qwen2.5-Coder-32B-Instruct-AWQ,357,prefill,39,model.layers.39.self_attn.o_proj,linear,,B*S,5120,5120,356,model.layers.39.self_attn.o_proj.weight,"[5120,5120]",config+architecture,"AWQ changes physical storage, not logical MNK"
models--Qwen--Qwen2.5-Coder-32B-Instruct-AWQ,358,prefill,39,model.layers.39.mlp.gate_proj,linear,,B*S,27648,5120,357,model.layers.39.mlp.gate_proj.weight,"[27648,5120]",config+architecture,"AWQ changes physical storage, not logical MNK"
models--Qwen--Qwen2.5-Coder-32B-Instruct-AWQ,359,prefill,39,model.layers.39.mlp.up_proj,linear,,B*S,27648,5120,357,model.layers.39.mlp.up_proj.weight,"[27648,5120]",config+architecture,"AWQ changes physical storage, not logical MNK"
models--Qwen--Qwen2.5-Coder-32B-Instruct-AWQ,360,prefill,39,model.layers.39.mlp.down_proj,linear,,B*S,5120,27648,358;359,model.layers.39.mlp.down_proj.weight,"[5120,27648]",config+architecture,"SiLU(gate)*up precedes this GEMM; AWQ changes physical storage, not logical MNK"
models--Qwen--Qwen2.5-Coder-32B-Instruct-AWQ,361,prefill,40,model.layers.40.self_attn.q_proj,linear,,B*S,5120,5120,360,model.layers.40.self_attn.q_proj.weight,"[5120,5120]",config+architecture,"AWQ changes physical storage, not logical MNK"
models--Qwen--Qwen2.5-Coder-32B-Instruct-AWQ,362,prefill,40,model.layers.40.self_attn.k_proj,linear,,B*S,1024,5120,360,model.layers.40.self_attn.k_proj.weight,"[1024,5120]",config+architecture,"AWQ changes physical storage, not logical MNK"
models--Qwen--Qwen2.5-Coder-32B-Instruct-AWQ,363,prefill,40,model.layers.40.self_attn.v_proj,linear,,B*S,1024,5120,360,model.layers.40.self_attn.v_proj.weight,"[1024,5120]",config+architecture,"AWQ changes physical storage, not logical MNK"
models--Qwen--Qwen2.5-Coder-32B-Instruct-AWQ,364,prefill,40,model.layers.40.self_attn.qk,batched_matmul,B*QH,S,S,128,361;362,,,config+architecture,"GQA QH=40, KVH=8; effective KV may be capped by sliding_window=131072"
models--Qwen--Qwen2.5-Coder-32B-Instruct-AWQ,365,prefill,40,model.layers.40.self_attn.pv,batched_matmul,B*QH,S,128,S,364;363,,,config+architecture,softmax/mask is a non-matmul dependency bridge
models--Qwen--Qwen2.5-Coder-32B-Instruct-AWQ,366,prefill,40,model.layers.40.self_attn.o_proj,linear,,B*S,5120,5120,365,model.layers.40.self_attn.o_proj.weight,"[5120,5120]",config+architecture,"AWQ changes physical storage, not logical MNK"
models--Qwen--Qwen2.5-Coder-32B-Instruct-AWQ,367,prefill,40,model.layers.40.mlp.gate_proj,linear,,B*S,27648,5120,366,model.layers.40.mlp.gate_proj.weight,"[27648,5120]",config+architecture,"AWQ changes physical storage, not logical MNK"
models--Qwen--Qwen2.5-Coder-32B-Instruct-AWQ,368,prefill,40,model.layers.40.mlp.up_proj,linear,,B*S,27648,5120,366,model.layers.40.mlp.up_proj.weight,"[27648,5120]",config+architecture,"AWQ changes physical storage, not logical MNK"
models--Qwen--Qwen2.5-Coder-32B-Instruct-AWQ,369,prefill,40,model.layers.40.mlp.down_proj,linear,,B*S,5120,27648,367;368,model.layers.40.mlp.down_proj.weight,"[5120,27648]",config+architecture,"SiLU(gate)*up precedes this GEMM; AWQ changes physical storage, not logical MNK"
models--Qwen--Qwen2.5-Coder-32B-Instruct-AWQ,370,prefill,41,model.layers.41.self_attn.q_proj,linear,,B*S,5120,5120,369,model.layers.41.self_attn.q_proj.weight,"[5120,5120]",config+architecture,"AWQ changes physical storage, not logical MNK"
models--Qwen--Qwen2.5-Coder-32B-Instruct-AWQ,371,prefill,41,model.layers.41.self_attn.k_proj,linear,,B*S,1024,5120,369,model.layers.41.self_attn.k_proj.weight,"[1024,5120]",config+architecture,"AWQ changes physical storage, not logical MNK"
models--Qwen--Qwen2.5-Coder-32B-Instruct-AWQ,372,prefill,41,model.layers.41.self_attn.v_proj,linear,,B*S,1024,5120,369,model.layers.41.self_attn.v_proj.weight,"[1024,5120]",config+architecture,"AWQ changes physical storage, not logical MNK"
models--Qwen--Qwen2.5-Coder-32B-Instruct-AWQ,373,prefill,41,model.layers.41.self_attn.qk,batched_matmul,B*QH,S,S,128,370;371,,,config+architecture,"GQA QH=40, KVH=8; effective KV may be capped by sliding_window=131072"
models--Qwen--Qwen2.5-Coder-32B-Instruct-AWQ,374,prefill,41,model.layers.41.self_attn.pv,batched_matmul,B*QH,S,128,S,373;372,,,config+architecture,softmax/mask is a non-matmul dependency bridge
models--Qwen--Qwen2.5-Coder-32B-Instruct-AWQ,375,prefill,41,model.layers.41.self_attn.o_proj,linear,,B*S,5120,5120,374,model.layers.41.self_attn.o_proj.weight,"[5120,5120]",config+architecture,"AWQ changes physical storage, not logical MNK"
models--Qwen--Qwen2.5-Coder-32B-Instruct-AWQ,376,prefill,41,model.layers.41.mlp.gate_proj,linear,,B*S,27648,5120,375,model.layers.41.mlp.gate_proj.weight,"[27648,5120]",config+architecture,"AWQ changes physical storage, not logical MNK"
models--Qwen--Qwen2.5-Coder-32B-Instruct-AWQ,377,prefill,41,model.layers.41.mlp.up_proj,linear,,B*S,27648,5120,375,model.layers.41.mlp.up_proj.weight,"[27648,5120]",config+architecture,"AWQ changes physical storage, not logical MNK"
models--Qwen--Qwen2.5-Coder-32B-Instruct-AWQ,378,prefill,41,model.layers.41.mlp.down_proj,linear,,B*S,5120,27648,376;377,model.layers.41.mlp.down_proj.weight,"[5120,27648]",config+architecture,"SiLU(gate)*up precedes this GEMM; AWQ changes physical storage, not logical MNK"
models--Qwen--Qwen2.5-Coder-32B-Instruct-AWQ,379,prefill,42,model.layers.42.self_attn.q_proj,linear,,B*S,5120,5120,378,model.layers.42.self_attn.q_proj.weight,"[5120,5120]",config+architecture,"AWQ changes physical storage, not logical MNK"
models--Qwen--Qwen2.5-Coder-32B-Instruct-AWQ,380,prefill,42,model.layers.42.self_attn.k_proj,linear,,B*S,1024,5120,378,model.layers.42.self_attn.k_proj.weight,"[1024,5120]",config+architecture,"AWQ changes physical storage, not logical MNK"
models--Qwen--Qwen2.5-Coder-32B-Instruct-AWQ,381,prefill,42,model.layers.42.self_attn.v_proj,linear,,B*S,1024,5120,378,model.layers.42.self_attn.v_proj.weight,"[1024,5120]",config+architecture,"AWQ changes physical storage, not logical MNK"
models--Qwen--Qwen2.5-Coder-32B-Instruct-AWQ,382,prefill,42,model.layers.42.self_attn.qk,batched_matmul,B*QH,S,S,128,379;380,,,config+architecture,"GQA QH=40, KVH=8; effective KV may be capped by sliding_window=131072"
models--Qwen--Qwen2.5-Coder-32B-Instruct-AWQ,383,prefill,42,model.layers.42.self_attn.pv,batched_matmul,B*QH,S,128,S,382;381,,,config+architecture,softmax/mask is a non-matmul dependency bridge
models--Qwen--Qwen2.5-Coder-32B-Instruct-AWQ,384,prefill,42,model.layers.42.self_attn.o_proj,linear,,B*S,5120,5120,383,model.layers.42.self_attn.o_proj.weight,"[5120,5120]",config+architecture,"AWQ changes physical storage, not logical MNK"
models--Qwen--Qwen2.5-Coder-32B-Instruct-AWQ,385,prefill,42,model.layers.42.mlp.gate_proj,linear,,B*S,27648,5120,384,model.layers.42.mlp.gate_proj.weight,"[27648,5120]",config+architecture,"AWQ changes physical storage, not logical MNK"
models--Qwen--Qwen2.5-Coder-32B-Instruct-AWQ,386,prefill,42,model.layers.42.mlp.up_proj,linear,,B*S,27648,5120,384,model.layers.42.mlp.up_proj.weight,"[27648,5120]",config+architecture,"AWQ changes physical storage, not logical MNK"
models--Qwen--Qwen2.5-Coder-32B-Instruct-AWQ,387,prefill,42,model.layers.42.mlp.down_proj,linear,,B*S,5120,27648,385;386,model.layers.42.mlp.down_proj.weight,"[5120,27648]",config+architecture,"SiLU(gate)*up precedes this GEMM; AWQ changes physical storage, not logical MNK"
models--Qwen--Qwen2.5-Coder-32B-Instruct-AWQ,388,prefill,43,model.layers.43.self_attn.q_proj,linear,,B*S,5120,5120,387,model.layers.43.self_attn.q_proj.weight,"[5120,5120]",config+architecture,"AWQ changes physical storage, not logical MNK"
models--Qwen--Qwen2.5-Coder-32B-Instruct-AWQ,389,prefill,43,model.layers.43.self_attn.k_proj,linear,,B*S,1024,5120,387,model.layers.43.self_attn.k_proj.weight,"[1024,5120]",config+architecture,"AWQ changes physical storage, not logical MNK"
models--Qwen--Qwen2.5-Coder-32B-Instruct-AWQ,390,prefill,43,model.layers.43.self_attn.v_proj,linear,,B*S,1024,5120,387,model.layers.43.self_attn.v_proj.weight,"[1024,5120]",config+architecture,"AWQ changes physical storage, not logical MNK"
models--Qwen--Qwen2.5-Coder-32B-Instruct-AWQ,391,prefill,43,model.layers.43.self_attn.qk,batched_matmul,B*QH,S,S,128,388;389,,,config+architecture,"GQA QH=40, KVH=8; effective KV may be capped by sliding_window=131072"
models--Qwen--Qwen2.5-Coder-32B-Instruct-AWQ,392,prefill,43,model.layers.43.self_attn.pv,batched_matmul,B*QH,S,128,S,391;390,,,config+architecture,softmax/mask is a non-matmul dependency bridge
models--Qwen--Qwen2.5-Coder-32B-Instruct-AWQ,393,prefill,43,model.layers.43.self_attn.o_proj,linear,,B*S,5120,5120,392,model.layers.43.self_attn.o_proj.weight,"[5120,5120]",config+architecture,"AWQ changes physical storage, not logical MNK"
models--Qwen--Qwen2.5-Coder-32B-Instruct-AWQ,394,prefill,43,model.layers.43.mlp.gate_proj,linear,,B*S,27648,5120,393,model.layers.43.mlp.gate_proj.weight,"[27648,5120]",config+architecture,"AWQ changes physical storage, not logical MNK"
models--Qwen--Qwen2.5-Coder-32B-Instruct-AWQ,395,prefill,43,model.layers.43.mlp.up_proj,linear,,B*S,27648,5120,393,model.layers.43.mlp.up_proj.weight,"[27648,5120]",config+architecture,"AWQ changes physical storage, not logical MNK"
models--Qwen--Qwen2.5-Coder-32B-Instruct-AWQ,396,prefill,43,model.layers.43.mlp.down_proj,linear,,B*S,5120,27648,394;395,model.layers.43.mlp.down_proj.weight,"[5120,27648]",config+architecture,"SiLU(gate)*up precedes this GEMM; AWQ changes physical storage, not logical MNK"
models--Qwen--Qwen2.5-Coder-32B-Instruct-AWQ,397,prefill,44,model.layers.44.self_attn.q_proj,linear,,B*S,5120,5120,396,model.layers.44.self_attn.q_proj.weight,"[5120,5120]",config+architecture,"AWQ changes physical storage, not logical MNK"
models--Qwen--Qwen2.5-Coder-32B-Instruct-AWQ,398,prefill,44,model.layers.44.self_attn.k_proj,linear,,B*S,1024,5120,396,model.layers.44.self_attn.k_proj.weight,"[1024,5120]",config+architecture,"AWQ changes physical storage, not logical MNK"
models--Qwen--Qwen2.5-Coder-32B-Instruct-AWQ,399,prefill,44,model.layers.44.self_attn.v_proj,linear,,B*S,1024,5120,396,model.layers.44.self_attn.v_proj.weight,"[1024,5120]",config+architecture,"AWQ changes physical storage, not logical MNK"
models--Qwen--Qwen2.5-Coder-32B-Instruct-AWQ,400,prefill,44,model.layers.44.self_attn.qk,batched_matmul,B*QH,S,S,128,397;398,,,config+architecture,"GQA QH=40, KVH=8; effective KV may be capped by sliding_window=131072"
models--Qwen--Qwen2.5-Coder-32B-Instruct-AWQ,401,prefill,44,model.layers.44.self_attn.pv,batched_matmul,B*QH,S,128,S,400;399,,,config+architecture,softmax/mask is a non-matmul dependency bridge
models--Qwen--Qwen2.5-Coder-32B-Instruct-AWQ,402,prefill,44,model.layers.44.self_attn.o_proj,linear,,B*S,5120,5120,401,model.layers.44.self_attn.o_proj.weight,"[5120,5120]",config+architecture,"AWQ changes physical storage, not logical MNK"
models--Qwen--Qwen2.5-Coder-32B-Instruct-AWQ,403,prefill,44,model.layers.44.mlp.gate_proj,linear,,B*S,27648,5120,402,model.layers.44.mlp.gate_proj.weight,"[27648,5120]",config+architecture,"AWQ changes physical storage, not logical MNK"
models--Qwen--Qwen2.5-Coder-32B-Instruct-AWQ,404,prefill,44,model.layers.44.mlp.up_proj,linear,,B*S,27648,5120,402,model.layers.44.mlp.up_proj.weight,"[27648,5120]",config+architecture,"AWQ changes physical storage, not logical MNK"
models--Qwen--Qwen2.5-Coder-32B-Instruct-AWQ,405,prefill,44,model.layers.44.mlp.down_proj,linear,,B*S,5120,27648,403;404,model.layers.44.mlp.down_proj.weight,"[5120,27648]",config+architecture,"SiLU(gate)*up precedes this GEMM; AWQ changes physical storage, not logical MNK"
models--Qwen--Qwen2.5-Coder-32B-Instruct-AWQ,406,prefill,45,model.layers.45.self_attn.q_proj,linear,,B*S,5120,5120,405,model.layers.45.self_attn.q_proj.weight,"[5120,5120]",config+architecture,"AWQ changes physical storage, not logical MNK"
models--Qwen--Qwen2.5-Coder-32B-Instruct-AWQ,407,prefill,45,model.layers.45.self_attn.k_proj,linear,,B*S,1024,5120,405,model.layers.45.self_attn.k_proj.weight,"[1024,5120]",config+architecture,"AWQ changes physical storage, not logical MNK"
models--Qwen--Qwen2.5-Coder-32B-Instruct-AWQ,408,prefill,45,model.layers.45.self_attn.v_proj,linear,,B*S,1024,5120,405,model.layers.45.self_attn.v_proj.weight,"[1024,5120]",config+architecture,"AWQ changes physical storage, not logical MNK"
models--Qwen--Qwen2.5-Coder-32B-Instruct-AWQ,409,prefill,45,model.layers.45.self_attn.qk,batched_matmul,B*QH,S,S,128,406;407,,,config+architecture,"GQA QH=40, KVH=8; effective KV may be capped by sliding_window=131072"
models--Qwen--Qwen2.5-Coder-32B-Instruct-AWQ,410,prefill,45,model.layers.45.self_attn.pv,batched_matmul,B*QH,S,128,S,409;408,,,config+architecture,softmax/mask is a non-matmul dependency bridge
models--Qwen--Qwen2.5-Coder-32B-Instruct-AWQ,411,prefill,45,model.layers.45.self_attn.o_proj,linear,,B*S,5120,5120,410,model.layers.45.self_attn.o_proj.weight,"[5120,5120]",config+architecture,"AWQ changes physical storage, not logical MNK"
models--Qwen--Qwen2.5-Coder-32B-Instruct-AWQ,412,prefill,45,model.layers.45.mlp.gate_proj,linear,,B*S,27648,5120,411,model.layers.45.mlp.gate_proj.weight,"[27648,5120]",config+architecture,"AWQ changes physical storage, not logical MNK"
models--Qwen--Qwen2.5-Coder-32B-Instruct-AWQ,413,prefill,45,model.layers.45.mlp.up_proj,linear,,B*S,27648,5120,411,model.layers.45.mlp.up_proj.weight,"[27648,5120]",config+architecture,"AWQ changes physical storage, not logical MNK"
models--Qwen--Qwen2.5-Coder-32B-Instruct-AWQ,414,prefill,45,model.layers.45.mlp.down_proj,linear,,B*S,5120,27648,412;413,model.layers.45.mlp.down_proj.weight,"[5120,27648]",config+architecture,"SiLU(gate)*up precedes this GEMM; AWQ changes physical storage, not logical MNK"
models--Qwen--Qwen2.5-Coder-32B-Instruct-AWQ,415,prefill,46,model.layers.46.self_attn.q_proj,linear,,B*S,5120,5120,414,model.layers.46.self_attn.q_proj.weight,"[5120,5120]",config+architecture,"AWQ changes physical storage, not logical MNK"
models--Qwen--Qwen2.5-Coder-32B-Instruct-AWQ,416,prefill,46,model.layers.46.self_attn.k_proj,linear,,B*S,1024,5120,414,model.layers.46.self_attn.k_proj.weight,"[1024,5120]",config+architecture,"AWQ changes physical storage, not logical MNK"
models--Qwen--Qwen2.5-Coder-32B-Instruct-AWQ,417,prefill,46,model.layers.46.self_attn.v_proj,linear,,B*S,1024,5120,414,model.layers.46.self_attn.v_proj.weight,"[1024,5120]",config+architecture,"AWQ changes physical storage, not logical MNK"
models--Qwen--Qwen2.5-Coder-32B-Instruct-AWQ,418,prefill,46,model.layers.46.self_attn.qk,batched_matmul,B*QH,S,S,128,415;416,,,config+architecture,"GQA QH=40, KVH=8; effective KV may be capped by sliding_window=131072"
models--Qwen--Qwen2.5-Coder-32B-Instruct-AWQ,419,prefill,46,model.layers.46.self_attn.pv,batched_matmul,B*QH,S,128,S,418;417,,,config+architecture,softmax/mask is a non-matmul dependency bridge
models--Qwen--Qwen2.5-Coder-32B-Instruct-AWQ,420,prefill,46,model.layers.46.self_attn.o_proj,linear,,B*S,5120,5120,419,model.layers.46.self_attn.o_proj.weight,"[5120,5120]",config+architecture,"AWQ changes physical storage, not logical MNK"
models--Qwen--Qwen2.5-Coder-32B-Instruct-AWQ,421,prefill,46,model.layers.46.mlp.gate_proj,linear,,B*S,27648,5120,420,model.layers.46.mlp.gate_proj.weight,"[27648,5120]",config+architecture,"AWQ changes physical storage, not logical MNK"
models--Qwen--Qwen2.5-Coder-32B-Instruct-AWQ,422,prefill,46,model.layers.46.mlp.up_proj,linear,,B*S,27648,5120,420,model.layers.46.mlp.up_proj.weight,"[27648,5120]",config+architecture,"AWQ changes physical storage, not logical MNK"
models--Qwen--Qwen2.5-Coder-32B-Instruct-AWQ,423,prefill,46,model.layers.46.mlp.down_proj,linear,,B*S,5120,27648,421;422,model.layers.46.mlp.down_proj.weight,"[5120,27648]",config+architecture,"SiLU(gate)*up precedes this GEMM; AWQ changes physical storage, not logical MNK"
models--Qwen--Qwen2.5-Coder-32B-Instruct-AWQ,424,prefill,47,model.layers.47.self_attn.q_proj,linear,,B*S,5120,5120,423,model.layers.47.self_attn.q_proj.weight,"[5120,5120]",config+architecture,"AWQ changes physical storage, not logical MNK"
models--Qwen--Qwen2.5-Coder-32B-Instruct-AWQ,425,prefill,47,model.layers.47.self_attn.k_proj,linear,,B*S,1024,5120,423,model.layers.47.self_attn.k_proj.weight,"[1024,5120]",config+architecture,"AWQ changes physical storage, not logical MNK"
models--Qwen--Qwen2.5-Coder-32B-Instruct-AWQ,426,prefill,47,model.layers.47.self_attn.v_proj,linear,,B*S,1024,5120,423,model.layers.47.self_attn.v_proj.weight,"[1024,5120]",config+architecture,"AWQ changes physical storage, not logical MNK"
models--Qwen--Qwen2.5-Coder-32B-Instruct-AWQ,427,prefill,47,model.layers.47.self_attn.qk,batched_matmul,B*QH,S,S,128,424;425,,,config+architecture,"GQA QH=40, KVH=8; effective KV may be capped by sliding_window=131072"
models--Qwen--Qwen2.5-Coder-32B-Instruct-AWQ,428,prefill,47,model.layers.47.self_attn.pv,batched_matmul,B*QH,S,128,S,427;426,,,config+architecture,softmax/mask is a non-matmul dependency bridge
models--Qwen--Qwen2.5-Coder-32B-Instruct-AWQ,429,prefill,47,model.layers.47.self_attn.o_proj,linear,,B*S,5120,5120,428,model.layers.47.self_attn.o_proj.weight,"[5120,5120]",config+architecture,"AWQ changes physical storage, not logical MNK"
models--Qwen--Qwen2.5-Coder-32B-Instruct-AWQ,430,prefill,47,model.layers.47.mlp.gate_proj,linear,,B*S,27648,5120,429,model.layers.47.mlp.gate_proj.weight,"[27648,5120]",config+architecture,"AWQ changes physical storage, not logical MNK"
models--Qwen--Qwen2.5-Coder-32B-Instruct-AWQ,431,prefill,47,model.layers.47.mlp.up_proj,linear,,B*S,27648,5120,429,model.layers.47.mlp.up_proj.weight,"[27648,5120]",config+architecture,"AWQ changes physical storage, not logical MNK"
models--Qwen--Qwen2.5-Coder-32B-Instruct-AWQ,432,prefill,47,model.layers.47.mlp.down_proj,linear,,B*S,5120,27648,430;431,model.layers.47.mlp.down_proj.weight,"[5120,27648]",config+architecture,"SiLU(gate)*up precedes this GEMM; AWQ changes physical storage, not logical MNK"
models--Qwen--Qwen2.5-Coder-32B-Instruct-AWQ,433,prefill,48,model.layers.48.self_attn.q_proj,linear,,B*S,5120,5120,432,model.layers.48.self_attn.q_proj.weight,"[5120,5120]",config+architecture,"AWQ changes physical storage, not logical MNK"
models--Qwen--Qwen2.5-Coder-32B-Instruct-AWQ,434,prefill,48,model.layers.48.self_attn.k_proj,linear,,B*S,1024,5120,432,model.layers.48.self_attn.k_proj.weight,"[1024,5120]",config+architecture,"AWQ changes physical storage, not logical MNK"
models--Qwen--Qwen2.5-Coder-32B-Instruct-AWQ,435,prefill,48,model.layers.48.self_attn.v_proj,linear,,B*S,1024,5120,432,model.layers.48.self_attn.v_proj.weight,"[1024,5120]",config+architecture,"AWQ changes physical storage, not logical MNK"
models--Qwen--Qwen2.5-Coder-32B-Instruct-AWQ,436,prefill,48,model.layers.48.self_attn.qk,batched_matmul,B*QH,S,S,128,433;434,,,config+architecture,"GQA QH=40, KVH=8; effective KV may be capped by sliding_window=131072"
models--Qwen--Qwen2.5-Coder-32B-Instruct-AWQ,437,prefill,48,model.layers.48.self_attn.pv,batched_matmul,B*QH,S,128,S,436;435,,,config+architecture,softmax/mask is a non-matmul dependency bridge
models--Qwen--Qwen2.5-Coder-32B-Instruct-AWQ,438,prefill,48,model.layers.48.self_attn.o_proj,linear,,B*S,5120,5120,437,model.layers.48.self_attn.o_proj.weight,"[5120,5120]",config+architecture,"AWQ changes physical storage, not logical MNK"
models--Qwen--Qwen2.5-Coder-32B-Instruct-AWQ,439,prefill,48,model.layers.48.mlp.gate_proj,linear,,B*S,27648,5120,438,model.layers.48.mlp.gate_proj.weight,"[27648,5120]",config+architecture,"AWQ changes physical storage, not logical MNK"
models--Qwen--Qwen2.5-Coder-32B-Instruct-AWQ,440,prefill,48,model.layers.48.mlp.up_proj,linear,,B*S,27648,5120,438,model.layers.48.mlp.up_proj.weight,"[27648,5120]",config+architecture,"AWQ changes physical storage, not logical MNK"
models--Qwen--Qwen2.5-Coder-32B-Instruct-AWQ,441,prefill,48,model.layers.48.mlp.down_proj,linear,,B*S,5120,27648,439;440,model.layers.48.mlp.down_proj.weight,"[5120,27648]",config+architecture,"SiLU(gate)*up precedes this GEMM; AWQ changes physical storage, not logical MNK"
models--Qwen--Qwen2.5-Coder-32B-Instruct-AWQ,442,prefill,49,model.layers.49.self_attn.q_proj,linear,,B*S,5120,5120,441,model.layers.49.self_attn.q_proj.weight,"[5120,5120]",config+architecture,"AWQ changes physical storage, not logical MNK"
models--Qwen--Qwen2.5-Coder-32B-Instruct-AWQ,443,prefill,49,model.layers.49.self_attn.k_proj,linear,,B*S,1024,5120,441,model.layers.49.self_attn.k_proj.weight,"[1024,5120]",config+architecture,"AWQ changes physical storage, not logical MNK"
models--Qwen--Qwen2.5-Coder-32B-Instruct-AWQ,444,prefill,49,model.layers.49.self_attn.v_proj,linear,,B*S,1024,5120,441,model.layers.49.self_attn.v_proj.weight,"[1024,5120]",config+architecture,"AWQ changes physical storage, not logical MNK"
models--Qwen--Qwen2.5-Coder-32B-Instruct-AWQ,445,prefill,49,model.layers.49.self_attn.qk,batched_matmul,B*QH,S,S,128,442;443,,,config+architecture,"GQA QH=40, KVH=8; effective KV may be capped by sliding_window=131072"
models--Qwen--Qwen2.5-Coder-32B-Instruct-AWQ,446,prefill,49,model.layers.49.self_attn.pv,batched_matmul,B*QH,S,128,S,445;444,,,config+architecture,softmax/mask is a non-matmul dependency bridge
models--Qwen--Qwen2.5-Coder-32B-Instruct-AWQ,447,prefill,49,model.layers.49.self_attn.o_proj,linear,,B*S,5120,5120,446,model.layers.49.self_attn.o_proj.weight,"[5120,5120]",config+architecture,"AWQ changes physical storage, not logical MNK"
models--Qwen--Qwen2.5-Coder-32B-Instruct-AWQ,448,prefill,49,model.layers.49.mlp.gate_proj,linear,,B*S,27648,5120,447,model.layers.49.mlp.gate_proj.weight,"[27648,5120]",config+architecture,"AWQ changes physical storage, not logical MNK"
models--Qwen--Qwen2.5-Coder-32B-Instruct-AWQ,449,prefill,49,model.layers.49.mlp.up_proj,linear,,B*S,27648,5120,447,model.layers.49.mlp.up_proj.weight,"[27648,5120]",config+architecture,"AWQ changes physical storage, not logical MNK"
models--Qwen--Qwen2.5-Coder-32B-Instruct-AWQ,450,prefill,49,model.layers.49.mlp.down_proj,linear,,B*S,5120,27648,448;449,model.layers.49.mlp.down_proj.weight,"[5120,27648]",config+architecture,"SiLU(gate)*up precedes this GEMM; AWQ changes physical storage, not logical MNK"
models--Qwen--Qwen2.5-Coder-32B-Instruct-AWQ,451,prefill,50,model.layers.50.self_attn.q_proj,linear,,B*S,5120,5120,450,model.layers.50.self_attn.q_proj.weight,"[5120,5120]",config+architecture,"AWQ changes physical storage, not logical MNK"
models--Qwen--Qwen2.5-Coder-32B-Instruct-AWQ,452,prefill,50,model.layers.50.self_attn.k_proj,linear,,B*S,1024,5120,450,model.layers.50.self_attn.k_proj.weight,"[1024,5120]",config+architecture,"AWQ changes physical storage, not logical MNK"
models--Qwen--Qwen2.5-Coder-32B-Instruct-AWQ,453,prefill,50,model.layers.50.self_attn.v_proj,linear,,B*S,1024,5120,450,model.layers.50.self_attn.v_proj.weight,"[1024,5120]",config+architecture,"AWQ changes physical storage, not logical MNK"
models--Qwen--Qwen2.5-Coder-32B-Instruct-AWQ,454,prefill,50,model.layers.50.self_attn.qk,batched_matmul,B*QH,S,S,128,451;452,,,config+architecture,"GQA QH=40, KVH=8; effective KV may be capped by sliding_window=131072"
models--Qwen--Qwen2.5-Coder-32B-Instruct-AWQ,455,prefill,50,model.layers.50.self_attn.pv,batched_matmul,B*QH,S,128,S,454;453,,,config+architecture,softmax/mask is a non-matmul dependency bridge
models--Qwen--Qwen2.5-Coder-32B-Instruct-AWQ,456,prefill,50,model.layers.50.self_attn.o_proj,linear,,B*S,5120,5120,455,model.layers.50.self_attn.o_proj.weight,"[5120,5120]",config+architecture,"AWQ changes physical storage, not logical MNK"
models--Qwen--Qwen2.5-Coder-32B-Instruct-AWQ,457,prefill,50,model.layers.50.mlp.gate_proj,linear,,B*S,27648,5120,456,model.layers.50.mlp.gate_proj.weight,"[27648,5120]",config+architecture,"AWQ changes physical storage, not logical MNK"
models--Qwen--Qwen2.5-Coder-32B-Instruct-AWQ,458,prefill,50,model.layers.50.mlp.up_proj,linear,,B*S,27648,5120,456,model.layers.50.mlp.up_proj.weight,"[27648,5120]",config+architecture,"AWQ changes physical storage, not logical MNK"
models--Qwen--Qwen2.5-Coder-32B-Instruct-AWQ,459,prefill,50,model.layers.50.mlp.down_proj,linear,,B*S,5120,27648,457;458,model.layers.50.mlp.down_proj.weight,"[5120,27648]",config+architecture,"SiLU(gate)*up precedes this GEMM; AWQ changes physical storage, not logical MNK"
models--Qwen--Qwen2.5-Coder-32B-Instruct-AWQ,460,prefill,51,model.layers.51.self_attn.q_proj,linear,,B*S,5120,5120,459,model.layers.51.self_attn.q_proj.weight,"[5120,5120]",config+architecture,"AWQ changes physical storage, not logical MNK"
models--Qwen--Qwen2.5-Coder-32B-Instruct-AWQ,461,prefill,51,model.layers.51.self_attn.k_proj,linear,,B*S,1024,5120,459,model.layers.51.self_attn.k_proj.weight,"[1024,5120]",config+architecture,"AWQ changes physical storage, not logical MNK"
models--Qwen--Qwen2.5-Coder-32B-Instruct-AWQ,462,prefill,51,model.layers.51.self_attn.v_proj,linear,,B*S,1024,5120,459,model.layers.51.self_attn.v_proj.weight,"[1024,5120]",config+architecture,"AWQ changes physical storage, not logical MNK"
models--Qwen--Qwen2.5-Coder-32B-Instruct-AWQ,463,prefill,51,model.layers.51.self_attn.qk,batched_matmul,B*QH,S,S,128,460;461,,,config+architecture,"GQA QH=40, KVH=8; effective KV may be capped by sliding_window=131072"
models--Qwen--Qwen2.5-Coder-32B-Instruct-AWQ,464,prefill,51,model.layers.51.self_attn.pv,batched_matmul,B*QH,S,128,S,463;462,,,config+architecture,softmax/mask is a non-matmul dependency bridge
models--Qwen--Qwen2.5-Coder-32B-Instruct-AWQ,465,prefill,51,model.layers.51.self_attn.o_proj,linear,,B*S,5120,5120,464,model.layers.51.self_attn.o_proj.weight,"[5120,5120]",config+architecture,"AWQ changes physical storage, not logical MNK"
models--Qwen--Qwen2.5-Coder-32B-Instruct-AWQ,466,prefill,51,model.layers.51.mlp.gate_proj,linear,,B*S,27648,5120,465,model.layers.51.mlp.gate_proj.weight,"[27648,5120]",config+architecture,"AWQ changes physical storage, not logical MNK"
models--Qwen--Qwen2.5-Coder-32B-Instruct-AWQ,467,prefill,51,model.layers.51.mlp.up_proj,linear,,B*S,27648,5120,465,model.layers.51.mlp.up_proj.weight,"[27648,5120]",config+architecture,"AWQ changes physical storage, not logical MNK"
models--Qwen--Qwen2.5-Coder-32B-Instruct-AWQ,468,prefill,51,model.layers.51.mlp.down_proj,linear,,B*S,5120,27648,466;467,model.layers.51.mlp.down_proj.weight,"[5120,27648]",config+architecture,"SiLU(gate)*up precedes this GEMM; AWQ changes physical storage, not logical MNK"
models--Qwen--Qwen2.5-Coder-32B-Instruct-AWQ,469,prefill,52,model.layers.52.self_attn.q_proj,linear,,B*S,5120,5120,468,model.layers.52.self_attn.q_proj.weight,"[5120,5120]",config+architecture,"AWQ changes physical storage, not logical MNK"
models--Qwen--Qwen2.5-Coder-32B-Instruct-AWQ,470,prefill,52,model.layers.52.self_attn.k_proj,linear,,B*S,1024,5120,468,model.layers.52.self_attn.k_proj.weight,"[1024,5120]",config+architecture,"AWQ changes physical storage, not logical MNK"
models--Qwen--Qwen2.5-Coder-32B-Instruct-AWQ,471,prefill,52,model.layers.52.self_attn.v_proj,linear,,B*S,1024,5120,468,model.layers.52.self_attn.v_proj.weight,"[1024,5120]",config+architecture,"AWQ changes physical storage, not logical MNK"
models--Qwen--Qwen2.5-Coder-32B-Instruct-AWQ,472,prefill,52,model.layers.52.self_attn.qk,batched_matmul,B*QH,S,S,128,469;470,,,config+architecture,"GQA QH=40, KVH=8; effective KV may be capped by sliding_window=131072"
models--Qwen--Qwen2.5-Coder-32B-Instruct-AWQ,473,prefill,52,model.layers.52.self_attn.pv,batched_matmul,B*QH,S,128,S,472;471,,,config+architecture,softmax/mask is a non-matmul dependency bridge
models--Qwen--Qwen2.5-Coder-32B-Instruct-AWQ,474,prefill,52,model.layers.52.self_attn.o_proj,linear,,B*S,5120,5120,473,model.layers.52.self_attn.o_proj.weight,"[5120,5120]",config+architecture,"AWQ changes physical storage, not logical MNK"
models--Qwen--Qwen2.5-Coder-32B-Instruct-AWQ,475,prefill,52,model.layers.52.mlp.gate_proj,linear,,B*S,27648,5120,474,model.layers.52.mlp.gate_proj.weight,"[27648,5120]",config+architecture,"AWQ changes physical storage, not logical MNK"
models--Qwen--Qwen2.5-Coder-32B-Instruct-AWQ,476,prefill,52,model.layers.52.mlp.up_proj,linear,,B*S,27648,5120,474,model.layers.52.mlp.up_proj.weight,"[27648,5120]",config+architecture,"AWQ changes physical storage, not logical MNK"
models--Qwen--Qwen2.5-Coder-32B-Instruct-AWQ,477,prefill,52,model.layers.52.mlp.down_proj,linear,,B*S,5120,27648,475;476,model.layers.52.mlp.down_proj.weight,"[5120,27648]",config+architecture,"SiLU(gate)*up precedes this GEMM; AWQ changes physical storage, not logical MNK"
models--Qwen--Qwen2.5-Coder-32B-Instruct-AWQ,478,prefill,53,model.layers.53.self_attn.q_proj,linear,,B*S,5120,5120,477,model.layers.53.self_attn.q_proj.weight,"[5120,5120]",config+architecture,"AWQ changes physical storage, not logical MNK"
models--Qwen--Qwen2.5-Coder-32B-Instruct-AWQ,479,prefill,53,model.layers.53.self_attn.k_proj,linear,,B*S,1024,5120,477,model.layers.53.self_attn.k_proj.weight,"[1024,5120]",config+architecture,"AWQ changes physical storage, not logical MNK"
models--Qwen--Qwen2.5-Coder-32B-Instruct-AWQ,480,prefill,53,model.layers.53.self_attn.v_proj,linear,,B*S,1024,5120,477,model.layers.53.self_attn.v_proj.weight,"[1024,5120]",config+architecture,"AWQ changes physical storage, not logical MNK"
models--Qwen--Qwen2.5-Coder-32B-Instruct-AWQ,481,prefill,53,model.layers.53.self_attn.qk,batched_matmul,B*QH,S,S,128,478;479,,,config+architecture,"GQA QH=40, KVH=8; effective KV may be capped by sliding_window=131072"
models--Qwen--Qwen2.5-Coder-32B-Instruct-AWQ,482,prefill,53,model.layers.53.self_attn.pv,batched_matmul,B*QH,S,128,S,481;480,,,config+architecture,softmax/mask is a non-matmul dependency bridge
models--Qwen--Qwen2.5-Coder-32B-Instruct-AWQ,483,prefill,53,model.layers.53.self_attn.o_proj,linear,,B*S,5120,5120,482,model.layers.53.self_attn.o_proj.weight,"[5120,5120]",config+architecture,"AWQ changes physical storage, not logical MNK"
models--Qwen--Qwen2.5-Coder-32B-Instruct-AWQ,484,prefill,53,model.layers.53.mlp.gate_proj,linear,,B*S,27648,5120,483,model.layers.53.mlp.gate_proj.weight,"[27648,5120]",config+architecture,"AWQ changes physical storage, not logical MNK"
models--Qwen--Qwen2.5-Coder-32B-Instruct-AWQ,485,prefill,53,model.layers.53.mlp.up_proj,linear,,B*S,27648,5120,483,model.layers.53.mlp.up_proj.weight,"[27648,5120]",config+architecture,"AWQ changes physical storage, not logical MNK"
models--Qwen--Qwen2.5-Coder-32B-Instruct-AWQ,486,prefill,53,model.layers.53.mlp.down_proj,linear,,B*S,5120,27648,484;485,model.layers.53.mlp.down_proj.weight,"[5120,27648]",config+architecture,"SiLU(gate)*up precedes this GEMM; AWQ changes physical storage, not logical MNK"
models--Qwen--Qwen2.5-Coder-32B-Instruct-AWQ,487,prefill,54,model.layers.54.self_attn.q_proj,linear,,B*S,5120,5120,486,model.layers.54.self_attn.q_proj.weight,"[5120,5120]",config+architecture,"AWQ changes physical storage, not logical MNK"
models--Qwen--Qwen2.5-Coder-32B-Instruct-AWQ,488,prefill,54,model.layers.54.self_attn.k_proj,linear,,B*S,1024,5120,486,model.layers.54.self_attn.k_proj.weight,"[1024,5120]",config+architecture,"AWQ changes physical storage, not logical MNK"
models--Qwen--Qwen2.5-Coder-32B-Instruct-AWQ,489,prefill,54,model.layers.54.self_attn.v_proj,linear,,B*S,1024,5120,486,model.layers.54.self_attn.v_proj.weight,"[1024,5120]",config+architecture,"AWQ changes physical storage, not logical MNK"
models--Qwen--Qwen2.5-Coder-32B-Instruct-AWQ,490,prefill,54,model.layers.54.self_attn.qk,batched_matmul,B*QH,S,S,128,487;488,,,config+architecture,"GQA QH=40, KVH=8; effective KV may be capped by sliding_window=131072"
models--Qwen--Qwen2.5-Coder-32B-Instruct-AWQ,491,prefill,54,model.layers.54.self_attn.pv,batched_matmul,B*QH,S,128,S,490;489,,,config+architecture,softmax/mask is a non-matmul dependency bridge
models--Qwen--Qwen2.5-Coder-32B-Instruct-AWQ,492,prefill,54,model.layers.54.self_attn.o_proj,linear,,B*S,5120,5120,491,model.layers.54.self_attn.o_proj.weight,"[5120,5120]",config+architecture,"AWQ changes physical storage, not logical MNK"
models--Qwen--Qwen2.5-Coder-32B-Instruct-AWQ,493,prefill,54,model.layers.54.mlp.gate_proj,linear,,B*S,27648,5120,492,model.layers.54.mlp.gate_proj.weight,"[27648,5120]",config+architecture,"AWQ changes physical storage, not logical MNK"
models--Qwen--Qwen2.5-Coder-32B-Instruct-AWQ,494,prefill,54,model.layers.54.mlp.up_proj,linear,,B*S,27648,5120,492,model.layers.54.mlp.up_proj.weight,"[27648,5120]",config+architecture,"AWQ changes physical storage, not logical MNK"
models--Qwen--Qwen2.5-Coder-32B-Instruct-AWQ,495,prefill,54,model.layers.54.mlp.down_proj,linear,,B*S,5120,27648,493;494,model.layers.54.mlp.down_proj.weight,"[5120,27648]",config+architecture,"SiLU(gate)*up precedes this GEMM; AWQ changes physical storage, not logical MNK"
models--Qwen--Qwen2.5-Coder-32B-Instruct-AWQ,496,prefill,55,model.layers.55.self_attn.q_proj,linear,,B*S,5120,5120,495,model.layers.55.self_attn.q_proj.weight,"[5120,5120]",config+architecture,"AWQ changes physical storage, not logical MNK"
models--Qwen--Qwen2.5-Coder-32B-Instruct-AWQ,497,prefill,55,model.layers.55.self_attn.k_proj,linear,,B*S,1024,5120,495,model.layers.55.self_attn.k_proj.weight,"[1024,5120]",config+architecture,"AWQ changes physical storage, not logical MNK"
models--Qwen--Qwen2.5-Coder-32B-Instruct-AWQ,498,prefill,55,model.layers.55.self_attn.v_proj,linear,,B*S,1024,5120,495,model.layers.55.self_attn.v_proj.weight,"[1024,5120]",config+architecture,"AWQ changes physical storage, not logical MNK"
models--Qwen--Qwen2.5-Coder-32B-Instruct-AWQ,499,prefill,55,model.layers.55.self_attn.qk,batched_matmul,B*QH,S,S,128,496;497,,,config+architecture,"GQA QH=40, KVH=8; effective KV may be capped by sliding_window=131072"
models--Qwen--Qwen2.5-Coder-32B-Instruct-AWQ,500,prefill,55,model.layers.55.self_attn.pv,batched_matmul,B*QH,S,128,S,499;498,,,config+architecture,softmax/mask is a non-matmul dependency bridge
models--Qwen--Qwen2.5-Coder-32B-Instruct-AWQ,501,prefill,55,model.layers.55.self_attn.o_proj,linear,,B*S,5120,5120,500,model.layers.55.self_attn.o_proj.weight,"[5120,5120]",config+architecture,"AWQ changes physical storage, not logical MNK"
models--Qwen--Qwen2.5-Coder-32B-Instruct-AWQ,502,prefill,55,model.layers.55.mlp.gate_proj,linear,,B*S,27648,5120,501,model.layers.55.mlp.gate_proj.weight,"[27648,5120]",config+architecture,"AWQ changes physical storage, not logical MNK"
models--Qwen--Qwen2.5-Coder-32B-Instruct-AWQ,503,prefill,55,model.layers.55.mlp.up_proj,linear,,B*S,27648,5120,501,model.layers.55.mlp.up_proj.weight,"[27648,5120]",config+architecture,"AWQ changes physical storage, not logical MNK"
models--Qwen--Qwen2.5-Coder-32B-Instruct-AWQ,504,prefill,55,model.layers.55.mlp.down_proj,linear,,B*S,5120,27648,502;503,model.layers.55.mlp.down_proj.weight,"[5120,27648]",config+architecture,"SiLU(gate)*up precedes this GEMM; AWQ changes physical storage, not logical MNK"
models--Qwen--Qwen2.5-Coder-32B-Instruct-AWQ,505,prefill,56,model.layers.56.self_attn.q_proj,linear,,B*S,5120,5120,504,model.layers.56.self_attn.q_proj.weight,"[5120,5120]",config+architecture,"AWQ changes physical storage, not logical MNK"
models--Qwen--Qwen2.5-Coder-32B-Instruct-AWQ,506,prefill,56,model.layers.56.self_attn.k_proj,linear,,B*S,1024,5120,504,model.layers.56.self_attn.k_proj.weight,"[1024,5120]",config+architecture,"AWQ changes physical storage, not logical MNK"
models--Qwen--Qwen2.5-Coder-32B-Instruct-AWQ,507,prefill,56,model.layers.56.self_attn.v_proj,linear,,B*S,1024,5120,504,model.layers.56.self_attn.v_proj.weight,"[1024,5120]",config+architecture,"AWQ changes physical storage, not logical MNK"
models--Qwen--Qwen2.5-Coder-32B-Instruct-AWQ,508,prefill,56,model.layers.56.self_attn.qk,batched_matmul,B*QH,S,S,128,505;506,,,config+architecture,"GQA QH=40, KVH=8; effective KV may be capped by sliding_window=131072"
models--Qwen--Qwen2.5-Coder-32B-Instruct-AWQ,509,prefill,56,model.layers.56.self_attn.pv,batched_matmul,B*QH,S,128,S,508;507,,,config+architecture,softmax/mask is a non-matmul dependency bridge
models--Qwen--Qwen2.5-Coder-32B-Instruct-AWQ,510,prefill,56,model.layers.56.self_attn.o_proj,linear,,B*S,5120,5120,509,model.layers.56.self_attn.o_proj.weight,"[5120,5120]",config+architecture,"AWQ changes physical storage, not logical MNK"
models--Qwen--Qwen2.5-Coder-32B-Instruct-AWQ,511,prefill,56,model.layers.56.mlp.gate_proj,linear,,B*S,27648,5120,510,model.layers.56.mlp.gate_proj.weight,"[27648,5120]",config+architecture,"AWQ changes physical storage, not logical MNK"
models--Qwen--Qwen2.5-Coder-32B-Instruct-AWQ,512,prefill,56,model.layers.56.mlp.up_proj,linear,,B*S,27648,5120,510,model.layers.56.mlp.up_proj.weight,"[27648,5120]",config+architecture,"AWQ changes physical storage, not logical MNK"
models--Qwen--Qwen2.5-Coder-32B-Instruct-AWQ,513,prefill,56,model.layers.56.mlp.down_proj,linear,,B*S,5120,27648,511;512,model.layers.56.mlp.down_proj.weight,"[5120,27648]",config+architecture,"SiLU(gate)*up precedes this GEMM; AWQ changes physical storage, not logical MNK"
models--Qwen--Qwen2.5-Coder-32B-Instruct-AWQ,514,prefill,57,model.layers.57.self_attn.q_proj,linear,,B*S,5120,5120,513,model.layers.57.self_attn.q_proj.weight,"[5120,5120]",config+architecture,"AWQ changes physical storage, not logical MNK"
models--Qwen--Qwen2.5-Coder-32B-Instruct-AWQ,515,prefill,57,model.layers.57.self_attn.k_proj,linear,,B*S,1024,5120,513,model.layers.57.self_attn.k_proj.weight,"[1024,5120]",config+architecture,"AWQ changes physical storage, not logical MNK"
models--Qwen--Qwen2.5-Coder-32B-Instruct-AWQ,516,prefill,57,model.layers.57.self_attn.v_proj,linear,,B*S,1024,5120,513,model.layers.57.self_attn.v_proj.weight,"[1024,5120]",config+architecture,"AWQ changes physical storage, not logical MNK"
models--Qwen--Qwen2.5-Coder-32B-Instruct-AWQ,517,prefill,57,model.layers.57.self_attn.qk,batched_matmul,B*QH,S,S,128,514;515,,,config+architecture,"GQA QH=40, KVH=8; effective KV may be capped by sliding_window=131072"
models--Qwen--Qwen2.5-Coder-32B-Instruct-AWQ,518,prefill,57,model.layers.57.self_attn.pv,batched_matmul,B*QH,S,128,S,517;516,,,config+architecture,softmax/mask is a non-matmul dependency bridge
models--Qwen--Qwen2.5-Coder-32B-Instruct-AWQ,519,prefill,57,model.layers.57.self_attn.o_proj,linear,,B*S,5120,5120,518,model.layers.57.self_attn.o_proj.weight,"[5120,5120]",config+architecture,"AWQ changes physical storage, not logical MNK"
models--Qwen--Qwen2.5-Coder-32B-Instruct-AWQ,520,prefill,57,model.layers.57.mlp.gate_proj,linear,,B*S,27648,5120,519,model.layers.57.mlp.gate_proj.weight,"[27648,5120]",config+architecture,"AWQ changes physical storage, not logical MNK"
models--Qwen--Qwen2.5-Coder-32B-Instruct-AWQ,521,prefill,57,model.layers.57.mlp.up_proj,linear,,B*S,27648,5120,519,model.layers.57.mlp.up_proj.weight,"[27648,5120]",config+architecture,"AWQ changes physical storage, not logical MNK"
models--Qwen--Qwen2.5-Coder-32B-Instruct-AWQ,522,prefill,57,model.layers.57.mlp.down_proj,linear,,B*S,5120,27648,520;521,model.layers.57.mlp.down_proj.weight,"[5120,27648]",config+architecture,"SiLU(gate)*up precedes this GEMM; AWQ changes physical storage, not logical MNK"
models--Qwen--Qwen2.5-Coder-32B-Instruct-AWQ,523,prefill,58,model.layers.58.self_attn.q_proj,linear,,B*S,5120,5120,522,model.layers.58.self_attn.q_proj.weight,"[5120,5120]",config+architecture,"AWQ changes physical storage, not logical MNK"
models--Qwen--Qwen2.5-Coder-32B-Instruct-AWQ,524,prefill,58,model.layers.58.self_attn.k_proj,linear,,B*S,1024,5120,522,model.layers.58.self_attn.k_proj.weight,"[1024,5120]",config+architecture,"AWQ changes physical storage, not logical MNK"
models--Qwen--Qwen2.5-Coder-32B-Instruct-AWQ,525,prefill,58,model.layers.58.self_attn.v_proj,linear,,B*S,1024,5120,522,model.layers.58.self_attn.v_proj.weight,"[1024,5120]",config+architecture,"AWQ changes physical storage, not logical MNK"
models--Qwen--Qwen2.5-Coder-32B-Instruct-AWQ,526,prefill,58,model.layers.58.self_attn.qk,batched_matmul,B*QH,S,S,128,523;524,,,config+architecture,"GQA QH=40, KVH=8; effective KV may be capped by sliding_window=131072"
models--Qwen--Qwen2.5-Coder-32B-Instruct-AWQ,527,prefill,58,model.layers.58.self_attn.pv,batched_matmul,B*QH,S,128,S,526;525,,,config+architecture,softmax/mask is a non-matmul dependency bridge
models--Qwen--Qwen2.5-Coder-32B-Instruct-AWQ,528,prefill,58,model.layers.58.self_attn.o_proj,linear,,B*S,5120,5120,527,model.layers.58.self_attn.o_proj.weight,"[5120,5120]",config+architecture,"AWQ changes physical storage, not logical MNK"
models--Qwen--Qwen2.5-Coder-32B-Instruct-AWQ,529,prefill,58,model.layers.58.mlp.gate_proj,linear,,B*S,27648,5120,528,model.layers.58.mlp.gate_proj.weight,"[27648,5120]",config+architecture,"AWQ changes physical storage, not logical MNK"
models--Qwen--Qwen2.5-Coder-32B-Instruct-AWQ,530,prefill,58,model.layers.58.mlp.up_proj,linear,,B*S,27648,5120,528,model.layers.58.mlp.up_proj.weight,"[27648,5120]",config+architecture,"AWQ changes physical storage, not logical MNK"
models--Qwen--Qwen2.5-Coder-32B-Instruct-AWQ,531,prefill,58,model.layers.58.mlp.down_proj,linear,,B*S,5120,27648,529;530,model.layers.58.mlp.down_proj.weight,"[5120,27648]",config+architecture,"SiLU(gate)*up precedes this GEMM; AWQ changes physical storage, not logical MNK"
models--Qwen--Qwen2.5-Coder-32B-Instruct-AWQ,532,prefill,59,model.layers.59.self_attn.q_proj,linear,,B*S,5120,5120,531,model.layers.59.self_attn.q_proj.weight,"[5120,5120]",config+architecture,"AWQ changes physical storage, not logical MNK"
models--Qwen--Qwen2.5-Coder-32B-Instruct-AWQ,533,prefill,59,model.layers.59.self_attn.k_proj,linear,,B*S,1024,5120,531,model.layers.59.self_attn.k_proj.weight,"[1024,5120]",config+architecture,"AWQ changes physical storage, not logical MNK"
models--Qwen--Qwen2.5-Coder-32B-Instruct-AWQ,534,prefill,59,model.layers.59.self_attn.v_proj,linear,,B*S,1024,5120,531,model.layers.59.self_attn.v_proj.weight,"[1024,5120]",config+architecture,"AWQ changes physical storage, not logical MNK"
models--Qwen--Qwen2.5-Coder-32B-Instruct-AWQ,535,prefill,59,model.layers.59.self_attn.qk,batched_matmul,B*QH,S,S,128,532;533,,,config+architecture,"GQA QH=40, KVH=8; effective KV may be capped by sliding_window=131072"
models--Qwen--Qwen2.5-Coder-32B-Instruct-AWQ,536,prefill,59,model.layers.59.self_attn.pv,batched_matmul,B*QH,S,128,S,535;534,,,config+architecture,softmax/mask is a non-matmul dependency bridge
models--Qwen--Qwen2.5-Coder-32B-Instruct-AWQ,537,prefill,59,model.layers.59.self_attn.o_proj,linear,,B*S,5120,5120,536,model.layers.59.self_attn.o_proj.weight,"[5120,5120]",config+architecture,"AWQ changes physical storage, not logical MNK"
models--Qwen--Qwen2.5-Coder-32B-Instruct-AWQ,538,prefill,59,model.layers.59.mlp.gate_proj,linear,,B*S,27648,5120,537,model.layers.59.mlp.gate_proj.weight,"[27648,5120]",config+architecture,"AWQ changes physical storage, not logical MNK"
models--Qwen--Qwen2.5-Coder-32B-Instruct-AWQ,539,prefill,59,model.layers.59.mlp.up_proj,linear,,B*S,27648,5120,537,model.layers.59.mlp.up_proj.weight,"[27648,5120]",config+architecture,"AWQ changes physical storage, not logical MNK"
models--Qwen--Qwen2.5-Coder-32B-Instruct-AWQ,540,prefill,59,model.layers.59.mlp.down_proj,linear,,B*S,5120,27648,538;539,model.layers.59.mlp.down_proj.weight,"[5120,27648]",config+architecture,"SiLU(gate)*up precedes this GEMM; AWQ changes physical storage, not logical MNK"
models--Qwen--Qwen2.5-Coder-32B-Instruct-AWQ,541,prefill,60,model.layers.60.self_attn.q_proj,linear,,B*S,5120,5120,540,model.layers.60.self_attn.q_proj.weight,"[5120,5120]",config+architecture,"AWQ changes physical storage, not logical MNK"
models--Qwen--Qwen2.5-Coder-32B-Instruct-AWQ,542,prefill,60,model.layers.60.self_attn.k_proj,linear,,B*S,1024,5120,540,model.layers.60.self_attn.k_proj.weight,"[1024,5120]",config+architecture,"AWQ changes physical storage, not logical MNK"
models--Qwen--Qwen2.5-Coder-32B-Instruct-AWQ,543,prefill,60,model.layers.60.self_attn.v_proj,linear,,B*S,1024,5120,540,model.layers.60.self_attn.v_proj.weight,"[1024,5120]",config+architecture,"AWQ changes physical storage, not logical MNK"
models--Qwen--Qwen2.5-Coder-32B-Instruct-AWQ,544,prefill,60,model.layers.60.self_attn.qk,batched_matmul,B*QH,S,S,128,541;542,,,config+architecture,"GQA QH=40, KVH=8; effective KV may be capped by sliding_window=131072"
models--Qwen--Qwen2.5-Coder-32B-Instruct-AWQ,545,prefill,60,model.layers.60.self_attn.pv,batched_matmul,B*QH,S,128,S,544;543,,,config+architecture,softmax/mask is a non-matmul dependency bridge
models--Qwen--Qwen2.5-Coder-32B-Instruct-AWQ,546,prefill,60,model.layers.60.self_attn.o_proj,linear,,B*S,5120,5120,545,model.layers.60.self_attn.o_proj.weight,"[5120,5120]",config+architecture,"AWQ changes physical storage, not logical MNK"
models--Qwen--Qwen2.5-Coder-32B-Instruct-AWQ,547,prefill,60,model.layers.60.mlp.gate_proj,linear,,B*S,27648,5120,546,model.layers.60.mlp.gate_proj.weight,"[27648,5120]",config+architecture,"AWQ changes physical storage, not logical MNK"
models--Qwen--Qwen2.5-Coder-32B-Instruct-AWQ,548,prefill,60,model.layers.60.mlp.up_proj,linear,,B*S,27648,5120,546,model.layers.60.mlp.up_proj.weight,"[27648,5120]",config+architecture,"AWQ changes physical storage, not logical MNK"
models--Qwen--Qwen2.5-Coder-32B-Instruct-AWQ,549,prefill,60,model.layers.60.mlp.down_proj,linear,,B*S,5120,27648,547;548,model.layers.60.mlp.down_proj.weight,"[5120,27648]",config+architecture,"SiLU(gate)*up precedes this GEMM; AWQ changes physical storage, not logical MNK"
models--Qwen--Qwen2.5-Coder-32B-Instruct-AWQ,550,prefill,61,model.layers.61.self_attn.q_proj,linear,,B*S,5120,5120,549,model.layers.61.self_attn.q_proj.weight,"[5120,5120]",config+architecture,"AWQ changes physical storage, not logical MNK"
models--Qwen--Qwen2.5-Coder-32B-Instruct-AWQ,551,prefill,61,model.layers.61.self_attn.k_proj,linear,,B*S,1024,5120,549,model.layers.61.self_attn.k_proj.weight,"[1024,5120]",config+architecture,"AWQ changes physical storage, not logical MNK"
models--Qwen--Qwen2.5-Coder-32B-Instruct-AWQ,552,prefill,61,model.layers.61.self_attn.v_proj,linear,,B*S,1024,5120,549,model.layers.61.self_attn.v_proj.weight,"[1024,5120]",config+architecture,"AWQ changes physical storage, not logical MNK"
models--Qwen--Qwen2.5-Coder-32B-Instruct-AWQ,553,prefill,61,model.layers.61.self_attn.qk,batched_matmul,B*QH,S,S,128,550;551,,,config+architecture,"GQA QH=40, KVH=8; effective KV may be capped by sliding_window=131072"
models--Qwen--Qwen2.5-Coder-32B-Instruct-AWQ,554,prefill,61,model.layers.61.self_attn.pv,batched_matmul,B*QH,S,128,S,553;552,,,config+architecture,softmax/mask is a non-matmul dependency bridge
models--Qwen--Qwen2.5-Coder-32B-Instruct-AWQ,555,prefill,61,model.layers.61.self_attn.o_proj,linear,,B*S,5120,5120,554,model.layers.61.self_attn.o_proj.weight,"[5120,5120]",config+architecture,"AWQ changes physical storage, not logical MNK"
models--Qwen--Qwen2.5-Coder-32B-Instruct-AWQ,556,prefill,61,model.layers.61.mlp.gate_proj,linear,,B*S,27648,5120,555,model.layers.61.mlp.gate_proj.weight,"[27648,5120]",config+architecture,"AWQ changes physical storage, not logical MNK"
models--Qwen--Qwen2.5-Coder-32B-Instruct-AWQ,557,prefill,61,model.layers.61.mlp.up_proj,linear,,B*S,27648,5120,555,model.layers.61.mlp.up_proj.weight,"[27648,5120]",config+architecture,"AWQ changes physical storage, not logical MNK"
models--Qwen--Qwen2.5-Coder-32B-Instruct-AWQ,558,prefill,61,model.layers.61.mlp.down_proj,linear,,B*S,5120,27648,556;557,model.layers.61.mlp.down_proj.weight,"[5120,27648]",config+architecture,"SiLU(gate)*up precedes this GEMM; AWQ changes physical storage, not logical MNK"
models--Qwen--Qwen2.5-Coder-32B-Instruct-AWQ,559,prefill,62,model.layers.62.self_attn.q_proj,linear,,B*S,5120,5120,558,model.layers.62.self_attn.q_proj.weight,"[5120,5120]",config+architecture,"AWQ changes physical storage, not logical MNK"
models--Qwen--Qwen2.5-Coder-32B-Instruct-AWQ,560,prefill,62,model.layers.62.self_attn.k_proj,linear,,B*S,1024,5120,558,model.layers.62.self_attn.k_proj.weight,"[1024,5120]",config+architecture,"AWQ changes physical storage, not logical MNK"
models--Qwen--Qwen2.5-Coder-32B-Instruct-AWQ,561,prefill,62,model.layers.62.self_attn.v_proj,linear,,B*S,1024,5120,558,model.layers.62.self_attn.v_proj.weight,"[1024,5120]",config+architecture,"AWQ changes physical storage, not logical MNK"
models--Qwen--Qwen2.5-Coder-32B-Instruct-AWQ,562,prefill,62,model.layers.62.self_attn.qk,batched_matmul,B*QH,S,S,128,559;560,,,config+architecture,"GQA QH=40, KVH=8; effective KV may be capped by sliding_window=131072"
models--Qwen--Qwen2.5-Coder-32B-Instruct-AWQ,563,prefill,62,model.layers.62.self_attn.pv,batched_matmul,B*QH,S,128,S,562;561,,,config+architecture,softmax/mask is a non-matmul dependency bridge
models--Qwen--Qwen2.5-Coder-32B-Instruct-AWQ,564,prefill,62,model.layers.62.self_attn.o_proj,linear,,B*S,5120,5120,563,model.layers.62.self_attn.o_proj.weight,"[5120,5120]",config+architecture,"AWQ changes physical storage, not logical MNK"
models--Qwen--Qwen2.5-Coder-32B-Instruct-AWQ,565,prefill,62,model.layers.62.mlp.gate_proj,linear,,B*S,27648,5120,564,model.layers.62.mlp.gate_proj.weight,"[27648,5120]",config+architecture,"AWQ changes physical storage, not logical MNK"
models--Qwen--Qwen2.5-Coder-32B-Instruct-AWQ,566,prefill,62,model.layers.62.mlp.up_proj,linear,,B*S,27648,5120,564,model.layers.62.mlp.up_proj.weight,"[27648,5120]",config+architecture,"AWQ changes physical storage, not logical MNK"
models--Qwen--Qwen2.5-Coder-32B-Instruct-AWQ,567,prefill,62,model.layers.62.mlp.down_proj,linear,,B*S,5120,27648,565;566,model.layers.62.mlp.down_proj.weight,"[5120,27648]",config+architecture,"SiLU(gate)*up precedes this GEMM; AWQ changes physical storage, not logical MNK"
models--Qwen--Qwen2.5-Coder-32B-Instruct-AWQ,568,prefill,63,model.layers.63.self_attn.q_proj,linear,,B*S,5120,5120,567,model.layers.63.self_attn.q_proj.weight,"[5120,5120]",config+architecture,"AWQ changes physical storage, not logical MNK"
models--Qwen--Qwen2.5-Coder-32B-Instruct-AWQ,569,prefill,63,model.layers.63.self_attn.k_proj,linear,,B*S,1024,5120,567,model.layers.63.self_attn.k_proj.weight,"[1024,5120]",config+architecture,"AWQ changes physical storage, not logical MNK"
models--Qwen--Qwen2.5-Coder-32B-Instruct-AWQ,570,prefill,63,model.layers.63.self_attn.v_proj,linear,,B*S,1024,5120,567,model.layers.63.self_attn.v_proj.weight,"[1024,5120]",config+architecture,"AWQ changes physical storage, not logical MNK"
models--Qwen--Qwen2.5-Coder-32B-Instruct-AWQ,571,prefill,63,model.layers.63.self_attn.qk,batched_matmul,B*QH,S,S,128,568;569,,,config+architecture,"GQA QH=40, KVH=8; effective KV may be capped by sliding_window=131072"
models--Qwen--Qwen2.5-Coder-32B-Instruct-AWQ,572,prefill,63,model.layers.63.self_attn.pv,batched_matmul,B*QH,S,128,S,571;570,,,config+architecture,softmax/mask is a non-matmul dependency bridge
models--Qwen--Qwen2.5-Coder-32B-Instruct-AWQ,573,prefill,63,model.layers.63.self_attn.o_proj,linear,,B*S,5120,5120,572,model.layers.63.self_attn.o_proj.weight,"[5120,5120]",config+architecture,"AWQ changes physical storage, not logical MNK"
models--Qwen--Qwen2.5-Coder-32B-Instruct-AWQ,574,prefill,63,model.layers.63.mlp.gate_proj,linear,,B*S,27648,5120,573,model.layers.63.mlp.gate_proj.weight,"[27648,5120]",config+architecture,"AWQ changes physical storage, not logical MNK"
models--Qwen--Qwen2.5-Coder-32B-Instruct-AWQ,575,prefill,63,model.layers.63.mlp.up_proj,linear,,B*S,27648,5120,573,model.layers.63.mlp.up_proj.weight,"[27648,5120]",config+architecture,"AWQ changes physical storage, not logical MNK"
models--Qwen--Qwen2.5-Coder-32B-Instruct-AWQ,576,prefill,63,model.layers.63.mlp.down_proj,linear,,B*S,5120,27648,574;575,model.layers.63.mlp.down_proj.weight,"[5120,27648]",config+architecture,"SiLU(gate)*up precedes this GEMM; AWQ changes physical storage, not logical MNK"
models--Qwen--Qwen2.5-Coder-32B-Instruct-AWQ,577,prefill,output,lm_head,linear,,B*S,152064,5120,576,lm_head.weight or tied embed_tokens.weight,"[152064,5120]",config+architecture,prefill shape follows full Hugging Face forward; serving runtimes may compute only selected logits
models--Qwen--Qwen2.5-Coder-32B-Instruct-AWQ,578,decode_step,0,model.layers.0.self_attn.q_proj,linear,,B,5120,5120,,model.layers.0.self_attn.q_proj.weight,"[5120,5120]",config+architecture,"AWQ changes physical storage, not logical MNK"
models--Qwen--Qwen2.5-Coder-32B-Instruct-AWQ,579,decode_step,0,model.layers.0.self_attn.k_proj,linear,,B,1024,5120,,model.layers.0.self_attn.k_proj.weight,"[1024,5120]",config+architecture,"AWQ changes physical storage, not logical MNK"
models--Qwen--Qwen2.5-Coder-32B-Instruct-AWQ,580,decode_step,0,model.layers.0.self_attn.v_proj,linear,,B,1024,5120,,model.layers.0.self_attn.v_proj.weight,"[1024,5120]",config+architecture,"AWQ changes physical storage, not logical MNK"
models--Qwen--Qwen2.5-Coder-32B-Instruct-AWQ,581,decode_step,0,model.layers.0.self_attn.qk,batched_matmul,B*QH,1,KV,128,578;579,,,config+architecture,"GQA QH=40, KVH=8; effective KV may be capped by sliding_window=131072"
models--Qwen--Qwen2.5-Coder-32B-Instruct-AWQ,582,decode_step,0,model.layers.0.self_attn.pv,batched_matmul,B*QH,1,128,KV,581;580,,,config+architecture,softmax/mask is a non-matmul dependency bridge
models--Qwen--Qwen2.5-Coder-32B-Instruct-AWQ,583,decode_step,0,model.layers.0.self_attn.o_proj,linear,,B,5120,5120,582,model.layers.0.self_attn.o_proj.weight,"[5120,5120]",config+architecture,"AWQ changes physical storage, not logical MNK"
models--Qwen--Qwen2.5-Coder-32B-Instruct-AWQ,584,decode_step,0,model.layers.0.mlp.gate_proj,linear,,B,27648,5120,583,model.layers.0.mlp.gate_proj.weight,"[27648,5120]",config+architecture,"AWQ changes physical storage, not logical MNK"
models--Qwen--Qwen2.5-Coder-32B-Instruct-AWQ,585,decode_step,0,model.layers.0.mlp.up_proj,linear,,B,27648,5120,583,model.layers.0.mlp.up_proj.weight,"[27648,5120]",config+architecture,"AWQ changes physical storage, not logical MNK"
models--Qwen--Qwen2.5-Coder-32B-Instruct-AWQ,586,decode_step,0,model.layers.0.mlp.down_proj,linear,,B,5120,27648,584;585,model.layers.0.mlp.down_proj.weight,"[5120,27648]",config+architecture,"SiLU(gate)*up precedes this GEMM; AWQ changes physical storage, not logical MNK"
models--Qwen--Qwen2.5-Coder-32B-Instruct-AWQ,587,decode_step,1,model.layers.1.self_attn.q_proj,linear,,B,5120,5120,586,model.layers.1.self_attn.q_proj.weight,"[5120,5120]",config+architecture,"AWQ changes physical storage, not logical MNK"
models--Qwen--Qwen2.5-Coder-32B-Instruct-AWQ,588,decode_step,1,model.layers.1.self_attn.k_proj,linear,,B,1024,5120,586,model.layers.1.self_attn.k_proj.weight,"[1024,5120]",config+architecture,"AWQ changes physical storage, not logical MNK"
models--Qwen--Qwen2.5-Coder-32B-Instruct-AWQ,589,decode_step,1,model.layers.1.self_attn.v_proj,linear,,B,1024,5120,586,model.layers.1.self_attn.v_proj.weight,"[1024,5120]",config+architecture,"AWQ changes physical storage, not logical MNK"
models--Qwen--Qwen2.5-Coder-32B-Instruct-AWQ,590,decode_step,1,model.layers.1.self_attn.qk,batched_matmul,B*QH,1,KV,128,587;588,,,config+architecture,"GQA QH=40, KVH=8; effective KV may be capped by sliding_window=131072"
models--Qwen--Qwen2.5-Coder-32B-Instruct-AWQ,591,decode_step,1,model.layers.1.self_attn.pv,batched_matmul,B*QH,1,128,KV,590;589,,,config+architecture,softmax/mask is a non-matmul dependency bridge
models--Qwen--Qwen2.5-Coder-32B-Instruct-AWQ,592,decode_step,1,model.layers.1.self_attn.o_proj,linear,,B,5120,5120,591,model.layers.1.self_attn.o_proj.weight,"[5120,5120]",config+architecture,"AWQ changes physical storage, not logical MNK"
models--Qwen--Qwen2.5-Coder-32B-Instruct-AWQ,593,decode_step,1,model.layers.1.mlp.gate_proj,linear,,B,27648,5120,592,model.layers.1.mlp.gate_proj.weight,"[27648,5120]",config+architecture,"AWQ changes physical storage, not logical MNK"
models--Qwen--Qwen2.5-Coder-32B-Instruct-AWQ,594,decode_step,1,model.layers.1.mlp.up_proj,linear,,B,27648,5120,592,model.layers.1.mlp.up_proj.weight,"[27648,5120]",config+architecture,"AWQ changes physical storage, not logical MNK"
models--Qwen--Qwen2.5-Coder-32B-Instruct-AWQ,595,decode_step,1,model.layers.1.mlp.down_proj,linear,,B,5120,27648,593;594,model.layers.1.mlp.down_proj.weight,"[5120,27648]",config+architecture,"SiLU(gate)*up precedes this GEMM; AWQ changes physical storage, not logical MNK"
models--Qwen--Qwen2.5-Coder-32B-Instruct-AWQ,596,decode_step,2,model.layers.2.self_attn.q_proj,linear,,B,5120,5120,595,model.layers.2.self_attn.q_proj.weight,"[5120,5120]",config+architecture,"AWQ changes physical storage, not logical MNK"
models--Qwen--Qwen2.5-Coder-32B-Instruct-AWQ,597,decode_step,2,model.layers.2.self_attn.k_proj,linear,,B,1024,5120,595,model.layers.2.self_attn.k_proj.weight,"[1024,5120]",config+architecture,"AWQ changes physical storage, not logical MNK"
models--Qwen--Qwen2.5-Coder-32B-Instruct-AWQ,598,decode_step,2,model.layers.2.self_attn.v_proj,linear,,B,1024,5120,595,model.layers.2.self_attn.v_proj.weight,"[1024,5120]",config+architecture,"AWQ changes physical storage, not logical MNK"
models--Qwen--Qwen2.5-Coder-32B-Instruct-AWQ,599,decode_step,2,model.layers.2.self_attn.qk,batched_matmul,B*QH,1,KV,128,596;597,,,config+architecture,"GQA QH=40, KVH=8; effective KV may be capped by sliding_window=131072"
models--Qwen--Qwen2.5-Coder-32B-Instruct-AWQ,600,decode_step,2,model.layers.2.self_attn.pv,batched_matmul,B*QH,1,128,KV,599;598,,,config+architecture,softmax/mask is a non-matmul dependency bridge
models--Qwen--Qwen2.5-Coder-32B-Instruct-AWQ,601,decode_step,2,model.layers.2.self_attn.o_proj,linear,,B,5120,5120,600,model.layers.2.self_attn.o_proj.weight,"[5120,5120]",config+architecture,"AWQ changes physical storage, not logical MNK"
models--Qwen--Qwen2.5-Coder-32B-Instruct-AWQ,602,decode_step,2,model.layers.2.mlp.gate_proj,linear,,B,27648,5120,601,model.layers.2.mlp.gate_proj.weight,"[27648,5120]",config+architecture,"AWQ changes physical storage, not logical MNK"
models--Qwen--Qwen2.5-Coder-32B-Instruct-AWQ,603,decode_step,2,model.layers.2.mlp.up_proj,linear,,B,27648,5120,601,model.layers.2.mlp.up_proj.weight,"[27648,5120]",config+architecture,"AWQ changes physical storage, not logical MNK"
models--Qwen--Qwen2.5-Coder-32B-Instruct-AWQ,604,decode_step,2,model.layers.2.mlp.down_proj,linear,,B,5120,27648,602;603,model.layers.2.mlp.down_proj.weight,"[5120,27648]",config+architecture,"SiLU(gate)*up precedes this GEMM; AWQ changes physical storage, not logical MNK"
models--Qwen--Qwen2.5-Coder-32B-Instruct-AWQ,605,decode_step,3,model.layers.3.self_attn.q_proj,linear,,B,5120,5120,604,model.layers.3.self_attn.q_proj.weight,"[5120,5120]",config+architecture,"AWQ changes physical storage, not logical MNK"
models--Qwen--Qwen2.5-Coder-32B-Instruct-AWQ,606,decode_step,3,model.layers.3.self_attn.k_proj,linear,,B,1024,5120,604,model.layers.3.self_attn.k_proj.weight,"[1024,5120]",config+architecture,"AWQ changes physical storage, not logical MNK"
models--Qwen--Qwen2.5-Coder-32B-Instruct-AWQ,607,decode_step,3,model.layers.3.self_attn.v_proj,linear,,B,1024,5120,604,model.layers.3.self_attn.v_proj.weight,"[1024,5120]",config+architecture,"AWQ changes physical storage, not logical MNK"
models--Qwen--Qwen2.5-Coder-32B-Instruct-AWQ,608,decode_step,3,model.layers.3.self_attn.qk,batched_matmul,B*QH,1,KV,128,605;606,,,config+architecture,"GQA QH=40, KVH=8; effective KV may be capped by sliding_window=131072"
models--Qwen--Qwen2.5-Coder-32B-Instruct-AWQ,609,decode_step,3,model.layers.3.self_attn.pv,batched_matmul,B*QH,1,128,KV,608;607,,,config+architecture,softmax/mask is a non-matmul dependency bridge
models--Qwen--Qwen2.5-Coder-32B-Instruct-AWQ,610,decode_step,3,model.layers.3.self_attn.o_proj,linear,,B,5120,5120,609,model.layers.3.self_attn.o_proj.weight,"[5120,5120]",config+architecture,"AWQ changes physical storage, not logical MNK"
models--Qwen--Qwen2.5-Coder-32B-Instruct-AWQ,611,decode_step,3,model.layers.3.mlp.gate_proj,linear,,B,27648,5120,610,model.layers.3.mlp.gate_proj.weight,"[27648,5120]",config+architecture,"AWQ changes physical storage, not logical MNK"
models--Qwen--Qwen2.5-Coder-32B-Instruct-AWQ,612,decode_step,3,model.layers.3.mlp.up_proj,linear,,B,27648,5120,610,model.layers.3.mlp.up_proj.weight,"[27648,5120]",config+architecture,"AWQ changes physical storage, not logical MNK"
models--Qwen--Qwen2.5-Coder-32B-Instruct-AWQ,613,decode_step,3,model.layers.3.mlp.down_proj,linear,,B,5120,27648,611;612,model.layers.3.mlp.down_proj.weight,"[5120,27648]",config+architecture,"SiLU(gate)*up precedes this GEMM; AWQ changes physical storage, not logical MNK"
models--Qwen--Qwen2.5-Coder-32B-Instruct-AWQ,614,decode_step,4,model.layers.4.self_attn.q_proj,linear,,B,5120,5120,613,model.layers.4.self_attn.q_proj.weight,"[5120,5120]",config+architecture,"AWQ changes physical storage, not logical MNK"
models--Qwen--Qwen2.5-Coder-32B-Instruct-AWQ,615,decode_step,4,model.layers.4.self_attn.k_proj,linear,,B,1024,5120,613,model.layers.4.self_attn.k_proj.weight,"[1024,5120]",config+architecture,"AWQ changes physical storage, not logical MNK"
models--Qwen--Qwen2.5-Coder-32B-Instruct-AWQ,616,decode_step,4,model.layers.4.self_attn.v_proj,linear,,B,1024,5120,613,model.layers.4.self_attn.v_proj.weight,"[1024,5120]",config+architecture,"AWQ changes physical storage, not logical MNK"
models--Qwen--Qwen2.5-Coder-32B-Instruct-AWQ,617,decode_step,4,model.layers.4.self_attn.qk,batched_matmul,B*QH,1,KV,128,614;615,,,config+architecture,"GQA QH=40, KVH=8; effective KV may be capped by sliding_window=131072"
models--Qwen--Qwen2.5-Coder-32B-Instruct-AWQ,618,decode_step,4,model.layers.4.self_attn.pv,batched_matmul,B*QH,1,128,KV,617;616,,,config+architecture,softmax/mask is a non-matmul dependency bridge
models--Qwen--Qwen2.5-Coder-32B-Instruct-AWQ,619,decode_step,4,model.layers.4.self_attn.o_proj,linear,,B,5120,5120,618,model.layers.4.self_attn.o_proj.weight,"[5120,5120]",config+architecture,"AWQ changes physical storage, not logical MNK"
models--Qwen--Qwen2.5-Coder-32B-Instruct-AWQ,620,decode_step,4,model.layers.4.mlp.gate_proj,linear,,B,27648,5120,619,model.layers.4.mlp.gate_proj.weight,"[27648,5120]",config+architecture,"AWQ changes physical storage, not logical MNK"
models--Qwen--Qwen2.5-Coder-32B-Instruct-AWQ,621,decode_step,4,model.layers.4.mlp.up_proj,linear,,B,27648,5120,619,model.layers.4.mlp.up_proj.weight,"[27648,5120]",config+architecture,"AWQ changes physical storage, not logical MNK"
models--Qwen--Qwen2.5-Coder-32B-Instruct-AWQ,622,decode_step,4,model.layers.4.mlp.down_proj,linear,,B,5120,27648,620;621,model.layers.4.mlp.down_proj.weight,"[5120,27648]",config+architecture,"SiLU(gate)*up precedes this GEMM; AWQ changes physical storage, not logical MNK"
models--Qwen--Qwen2.5-Coder-32B-Instruct-AWQ,623,decode_step,5,model.layers.5.self_attn.q_proj,linear,,B,5120,5120,622,model.layers.5.self_attn.q_proj.weight,"[5120,5120]",config+architecture,"AWQ changes physical storage, not logical MNK"
models--Qwen--Qwen2.5-Coder-32B-Instruct-AWQ,624,decode_step,5,model.layers.5.self_attn.k_proj,linear,,B,1024,5120,622,model.layers.5.self_attn.k_proj.weight,"[1024,5120]",config+architecture,"AWQ changes physical storage, not logical MNK"
models--Qwen--Qwen2.5-Coder-32B-Instruct-AWQ,625,decode_step,5,model.layers.5.self_attn.v_proj,linear,,B,1024,5120,622,model.layers.5.self_attn.v_proj.weight,"[1024,5120]",config+architecture,"AWQ changes physical storage, not logical MNK"
models--Qwen--Qwen2.5-Coder-32B-Instruct-AWQ,626,decode_step,5,model.layers.5.self_attn.qk,batched_matmul,B*QH,1,KV,128,623;624,,,config+architecture,"GQA QH=40, KVH=8; effective KV may be capped by sliding_window=131072"
models--Qwen--Qwen2.5-Coder-32B-Instruct-AWQ,627,decode_step,5,model.layers.5.self_attn.pv,batched_matmul,B*QH,1,128,KV,626;625,,,config+architecture,softmax/mask is a non-matmul dependency bridge
models--Qwen--Qwen2.5-Coder-32B-Instruct-AWQ,628,decode_step,5,model.layers.5.self_attn.o_proj,linear,,B,5120,5120,627,model.layers.5.self_attn.o_proj.weight,"[5120,5120]",config+architecture,"AWQ changes physical storage, not logical MNK"
models--Qwen--Qwen2.5-Coder-32B-Instruct-AWQ,629,decode_step,5,model.layers.5.mlp.gate_proj,linear,,B,27648,5120,628,model.layers.5.mlp.gate_proj.weight,"[27648,5120]",config+architecture,"AWQ changes physical storage, not logical MNK"
models--Qwen--Qwen2.5-Coder-32B-Instruct-AWQ,630,decode_step,5,model.layers.5.mlp.up_proj,linear,,B,27648,5120,628,model.layers.5.mlp.up_proj.weight,"[27648,5120]",config+architecture,"AWQ changes physical storage, not logical MNK"
models--Qwen--Qwen2.5-Coder-32B-Instruct-AWQ,631,decode_step,5,model.layers.5.mlp.down_proj,linear,,B,5120,27648,629;630,model.layers.5.mlp.down_proj.weight,"[5120,27648]",config+architecture,"SiLU(gate)*up precedes this GEMM; AWQ changes physical storage, not logical MNK"
models--Qwen--Qwen2.5-Coder-32B-Instruct-AWQ,632,decode_step,6,model.layers.6.self_attn.q_proj,linear,,B,5120,5120,631,model.layers.6.self_attn.q_proj.weight,"[5120,5120]",config+architecture,"AWQ changes physical storage, not logical MNK"
models--Qwen--Qwen2.5-Coder-32B-Instruct-AWQ,633,decode_step,6,model.layers.6.self_attn.k_proj,linear,,B,1024,5120,631,model.layers.6.self_attn.k_proj.weight,"[1024,5120]",config+architecture,"AWQ changes physical storage, not logical MNK"
models--Qwen--Qwen2.5-Coder-32B-Instruct-AWQ,634,decode_step,6,model.layers.6.self_attn.v_proj,linear,,B,1024,5120,631,model.layers.6.self_attn.v_proj.weight,"[1024,5120]",config+architecture,"AWQ changes physical storage, not logical MNK"
models--Qwen--Qwen2.5-Coder-32B-Instruct-AWQ,635,decode_step,6,model.layers.6.self_attn.qk,batched_matmul,B*QH,1,KV,128,632;633,,,config+architecture,"GQA QH=40, KVH=8; effective KV may be capped by sliding_window=131072"
models--Qwen--Qwen2.5-Coder-32B-Instruct-AWQ,636,decode_step,6,model.layers.6.self_attn.pv,batched_matmul,B*QH,1,128,KV,635;634,,,config+architecture,softmax/mask is a non-matmul dependency bridge
models--Qwen--Qwen2.5-Coder-32B-Instruct-AWQ,637,decode_step,6,model.layers.6.self_attn.o_proj,linear,,B,5120,5120,636,model.layers.6.self_attn.o_proj.weight,"[5120,5120]",config+architecture,"AWQ changes physical storage, not logical MNK"
models--Qwen--Qwen2.5-Coder-32B-Instruct-AWQ,638,decode_step,6,model.layers.6.mlp.gate_proj,linear,,B,27648,5120,637,model.layers.6.mlp.gate_proj.weight,"[27648,5120]",config+architecture,"AWQ changes physical storage, not logical MNK"
models--Qwen--Qwen2.5-Coder-32B-Instruct-AWQ,639,decode_step,6,model.layers.6.mlp.up_proj,linear,,B,27648,5120,637,model.layers.6.mlp.up_proj.weight,"[27648,5120]",config+architecture,"AWQ changes physical storage, not logical MNK"
models--Qwen--Qwen2.5-Coder-32B-Instruct-AWQ,640,decode_step,6,model.layers.6.mlp.down_proj,linear,,B,5120,27648,638;639,model.layers.6.mlp.down_proj.weight,"[5120,27648]",config+architecture,"SiLU(gate)*up precedes this GEMM; AWQ changes physical storage, not logical MNK"
models--Qwen--Qwen2.5-Coder-32B-Instruct-AWQ,641,decode_step,7,model.layers.7.self_attn.q_proj,linear,,B,5120,5120,640,model.layers.7.self_attn.q_proj.weight,"[5120,5120]",config+architecture,"AWQ changes physical storage, not logical MNK"
models--Qwen--Qwen2.5-Coder-32B-Instruct-AWQ,642,decode_step,7,model.layers.7.self_attn.k_proj,linear,,B,1024,5120,640,model.layers.7.self_attn.k_proj.weight,"[1024,5120]",config+architecture,"AWQ changes physical storage, not logical MNK"
models--Qwen--Qwen2.5-Coder-32B-Instruct-AWQ,643,decode_step,7,model.layers.7.self_attn.v_proj,linear,,B,1024,5120,640,model.layers.7.self_attn.v_proj.weight,"[1024,5120]",config+architecture,"AWQ changes physical storage, not logical MNK"
models--Qwen--Qwen2.5-Coder-32B-Instruct-AWQ,644,decode_step,7,model.layers.7.self_attn.qk,batched_matmul,B*QH,1,KV,128,641;642,,,config+architecture,"GQA QH=40, KVH=8; effective KV may be capped by sliding_window=131072"
models--Qwen--Qwen2.5-Coder-32B-Instruct-AWQ,645,decode_step,7,model.layers.7.self_attn.pv,batched_matmul,B*QH,1,128,KV,644;643,,,config+architecture,softmax/mask is a non-matmul dependency bridge
models--Qwen--Qwen2.5-Coder-32B-Instruct-AWQ,646,decode_step,7,model.layers.7.self_attn.o_proj,linear,,B,5120,5120,645,model.layers.7.self_attn.o_proj.weight,"[5120,5120]",config+architecture,"AWQ changes physical storage, not logical MNK"
models--Qwen--Qwen2.5-Coder-32B-Instruct-AWQ,647,decode_step,7,model.layers.7.mlp.gate_proj,linear,,B,27648,5120,646,model.layers.7.mlp.gate_proj.weight,"[27648,5120]",config+architecture,"AWQ changes physical storage, not logical MNK"
models--Qwen--Qwen2.5-Coder-32B-Instruct-AWQ,648,decode_step,7,model.layers.7.mlp.up_proj,linear,,B,27648,5120,646,model.layers.7.mlp.up_proj.weight,"[27648,5120]",config+architecture,"AWQ changes physical storage, not logical MNK"
models--Qwen--Qwen2.5-Coder-32B-Instruct-AWQ,649,decode_step,7,model.layers.7.mlp.down_proj,linear,,B,5120,27648,647;648,model.layers.7.mlp.down_proj.weight,"[5120,27648]",config+architecture,"SiLU(gate)*up precedes this GEMM; AWQ changes physical storage, not logical MNK"
models--Qwen--Qwen2.5-Coder-32B-Instruct-AWQ,650,decode_step,8,model.layers.8.self_attn.q_proj,linear,,B,5120,5120,649,model.layers.8.self_attn.q_proj.weight,"[5120,5120]",config+architecture,"AWQ changes physical storage, not logical MNK"
models--Qwen--Qwen2.5-Coder-32B-Instruct-AWQ,651,decode_step,8,model.layers.8.self_attn.k_proj,linear,,B,1024,5120,649,model.layers.8.self_attn.k_proj.weight,"[1024,5120]",config+architecture,"AWQ changes physical storage, not logical MNK"
models--Qwen--Qwen2.5-Coder-32B-Instruct-AWQ,652,decode_step,8,model.layers.8.self_attn.v_proj,linear,,B,1024,5120,649,model.layers.8.self_attn.v_proj.weight,"[1024,5120]",config+architecture,"AWQ changes physical storage, not logical MNK"
models--Qwen--Qwen2.5-Coder-32B-Instruct-AWQ,653,decode_step,8,model.layers.8.self_attn.qk,batched_matmul,B*QH,1,KV,128,650;651,,,config+architecture,"GQA QH=40, KVH=8; effective KV may be capped by sliding_window=131072"
models--Qwen--Qwen2.5-Coder-32B-Instruct-AWQ,654,decode_step,8,model.layers.8.self_attn.pv,batched_matmul,B*QH,1,128,KV,653;652,,,config+architecture,softmax/mask is a non-matmul dependency bridge
models--Qwen--Qwen2.5-Coder-32B-Instruct-AWQ,655,decode_step,8,model.layers.8.self_attn.o_proj,linear,,B,5120,5120,654,model.layers.8.self_attn.o_proj.weight,"[5120,5120]",config+architecture,"AWQ changes physical storage, not logical MNK"
models--Qwen--Qwen2.5-Coder-32B-Instruct-AWQ,656,decode_step,8,model.layers.8.mlp.gate_proj,linear,,B,27648,5120,655,model.layers.8.mlp.gate_proj.weight,"[27648,5120]",config+architecture,"AWQ changes physical storage, not logical MNK"
models--Qwen--Qwen2.5-Coder-32B-Instruct-AWQ,657,decode_step,8,model.layers.8.mlp.up_proj,linear,,B,27648,5120,655,model.layers.8.mlp.up_proj.weight,"[27648,5120]",config+architecture,"AWQ changes physical storage, not logical MNK"
models--Qwen--Qwen2.5-Coder-32B-Instruct-AWQ,658,decode_step,8,model.layers.8.mlp.down_proj,linear,,B,5120,27648,656;657,model.layers.8.mlp.down_proj.weight,"[5120,27648]",config+architecture,"SiLU(gate)*up precedes this GEMM; AWQ changes physical storage, not logical MNK"
models--Qwen--Qwen2.5-Coder-32B-Instruct-AWQ,659,decode_step,9,model.layers.9.self_attn.q_proj,linear,,B,5120,5120,658,model.layers.9.self_attn.q_proj.weight,"[5120,5120]",config+architecture,"AWQ changes physical storage, not logical MNK"
models--Qwen--Qwen2.5-Coder-32B-Instruct-AWQ,660,decode_step,9,model.layers.9.self_attn.k_proj,linear,,B,1024,5120,658,model.layers.9.self_attn.k_proj.weight,"[1024,5120]",config+architecture,"AWQ changes physical storage, not logical MNK"
models--Qwen--Qwen2.5-Coder-32B-Instruct-AWQ,661,decode_step,9,model.layers.9.self_attn.v_proj,linear,,B,1024,5120,658,model.layers.9.self_attn.v_proj.weight,"[1024,5120]",config+architecture,"AWQ changes physical storage, not logical MNK"
models--Qwen--Qwen2.5-Coder-32B-Instruct-AWQ,662,decode_step,9,model.layers.9.self_attn.qk,batched_matmul,B*QH,1,KV,128,659;660,,,config+architecture,"GQA QH=40, KVH=8; effective KV may be capped by sliding_window=131072"
models--Qwen--Qwen2.5-Coder-32B-Instruct-AWQ,663,decode_step,9,model.layers.9.self_attn.pv,batched_matmul,B*QH,1,128,KV,662;661,,,config+architecture,softmax/mask is a non-matmul dependency bridge
models--Qwen--Qwen2.5-Coder-32B-Instruct-AWQ,664,decode_step,9,model.layers.9.self_attn.o_proj,linear,,B,5120,5120,663,model.layers.9.self_attn.o_proj.weight,"[5120,5120]",config+architecture,"AWQ changes physical storage, not logical MNK"
models--Qwen--Qwen2.5-Coder-32B-Instruct-AWQ,665,decode_step,9,model.layers.9.mlp.gate_proj,linear,,B,27648,5120,664,model.layers.9.mlp.gate_proj.weight,"[27648,5120]",config+architecture,"AWQ changes physical storage, not logical MNK"
models--Qwen--Qwen2.5-Coder-32B-Instruct-AWQ,666,decode_step,9,model.layers.9.mlp.up_proj,linear,,B,27648,5120,664,model.layers.9.mlp.up_proj.weight,"[27648,5120]",config+architecture,"AWQ changes physical storage, not logical MNK"
models--Qwen--Qwen2.5-Coder-32B-Instruct-AWQ,667,decode_step,9,model.layers.9.mlp.down_proj,linear,,B,5120,27648,665;666,model.layers.9.mlp.down_proj.weight,"[5120,27648]",config+architecture,"SiLU(gate)*up precedes this GEMM; AWQ changes physical storage, not logical MNK"
models--Qwen--Qwen2.5-Coder-32B-Instruct-AWQ,668,decode_step,10,model.layers.10.self_attn.q_proj,linear,,B,5120,5120,667,model.layers.10.self_attn.q_proj.weight,"[5120,5120]",config+architecture,"AWQ changes physical storage, not logical MNK"
models--Qwen--Qwen2.5-Coder-32B-Instruct-AWQ,669,decode_step,10,model.layers.10.self_attn.k_proj,linear,,B,1024,5120,667,model.layers.10.self_attn.k_proj.weight,"[1024,5120]",config+architecture,"AWQ changes physical storage, not logical MNK"
models--Qwen--Qwen2.5-Coder-32B-Instruct-AWQ,670,decode_step,10,model.layers.10.self_attn.v_proj,linear,,B,1024,5120,667,model.layers.10.self_attn.v_proj.weight,"[1024,5120]",config+architecture,"AWQ changes physical storage, not logical MNK"
models--Qwen--Qwen2.5-Coder-32B-Instruct-AWQ,671,decode_step,10,model.layers.10.self_attn.qk,batched_matmul,B*QH,1,KV,128,668;669,,,config+architecture,"GQA QH=40, KVH=8; effective KV may be capped by sliding_window=131072"
models--Qwen--Qwen2.5-Coder-32B-Instruct-AWQ,672,decode_step,10,model.layers.10.self_attn.pv,batched_matmul,B*QH,1,128,KV,671;670,,,config+architecture,softmax/mask is a non-matmul dependency bridge
models--Qwen--Qwen2.5-Coder-32B-Instruct-AWQ,673,decode_step,10,model.layers.10.self_attn.o_proj,linear,,B,5120,5120,672,model.layers.10.self_attn.o_proj.weight,"[5120,5120]",config+architecture,"AWQ changes physical storage, not logical MNK"
models--Qwen--Qwen2.5-Coder-32B-Instruct-AWQ,674,decode_step,10,model.layers.10.mlp.gate_proj,linear,,B,27648,5120,673,model.layers.10.mlp.gate_proj.weight,"[27648,5120]",config+architecture,"AWQ changes physical storage, not logical MNK"
models--Qwen--Qwen2.5-Coder-32B-Instruct-AWQ,675,decode_step,10,model.layers.10.mlp.up_proj,linear,,B,27648,5120,673,model.layers.10.mlp.up_proj.weight,"[27648,5120]",config+architecture,"AWQ changes physical storage, not logical MNK"
models--Qwen--Qwen2.5-Coder-32B-Instruct-AWQ,676,decode_step,10,model.layers.10.mlp.down_proj,linear,,B,5120,27648,674;675,model.layers.10.mlp.down_proj.weight,"[5120,27648]",config+architecture,"SiLU(gate)*up precedes this GEMM; AWQ changes physical storage, not logical MNK"
models--Qwen--Qwen2.5-Coder-32B-Instruct-AWQ,677,decode_step,11,model.layers.11.self_attn.q_proj,linear,,B,5120,5120,676,model.layers.11.self_attn.q_proj.weight,"[5120,5120]",config+architecture,"AWQ changes physical storage, not logical MNK"
models--Qwen--Qwen2.5-Coder-32B-Instruct-AWQ,678,decode_step,11,model.layers.11.self_attn.k_proj,linear,,B,1024,5120,676,model.layers.11.self_attn.k_proj.weight,"[1024,5120]",config+architecture,"AWQ changes physical storage, not logical MNK"
models--Qwen--Qwen2.5-Coder-32B-Instruct-AWQ,679,decode_step,11,model.layers.11.self_attn.v_proj,linear,,B,1024,5120,676,model.layers.11.self_attn.v_proj.weight,"[1024,5120]",config+architecture,"AWQ changes physical storage, not logical MNK"
models--Qwen--Qwen2.5-Coder-32B-Instruct-AWQ,680,decode_step,11,model.layers.11.self_attn.qk,batched_matmul,B*QH,1,KV,128,677;678,,,config+architecture,"GQA QH=40, KVH=8; effective KV may be capped by sliding_window=131072"
models--Qwen--Qwen2.5-Coder-32B-Instruct-AWQ,681,decode_step,11,model.layers.11.self_attn.pv,batched_matmul,B*QH,1,128,KV,680;679,,,config+architecture,softmax/mask is a non-matmul dependency bridge
models--Qwen--Qwen2.5-Coder-32B-Instruct-AWQ,682,decode_step,11,model.layers.11.self_attn.o_proj,linear,,B,5120,5120,681,model.layers.11.self_attn.o_proj.weight,"[5120,5120]",config+architecture,"AWQ changes physical storage, not logical MNK"
models--Qwen--Qwen2.5-Coder-32B-Instruct-AWQ,683,decode_step,11,model.layers.11.mlp.gate_proj,linear,,B,27648,5120,682,model.layers.11.mlp.gate_proj.weight,"[27648,5120]",config+architecture,"AWQ changes physical storage, not logical MNK"
models--Qwen--Qwen2.5-Coder-32B-Instruct-AWQ,684,decode_step,11,model.layers.11.mlp.up_proj,linear,,B,27648,5120,682,model.layers.11.mlp.up_proj.weight,"[27648,5120]",config+architecture,"AWQ changes physical storage, not logical MNK"
models--Qwen--Qwen2.5-Coder-32B-Instruct-AWQ,685,decode_step,11,model.layers.11.mlp.down_proj,linear,,B,5120,27648,683;684,model.layers.11.mlp.down_proj.weight,"[5120,27648]",config+architecture,"SiLU(gate)*up precedes this GEMM; AWQ changes physical storage, not logical MNK"
models--Qwen--Qwen2.5-Coder-32B-Instruct-AWQ,686,decode_step,12,model.layers.12.self_attn.q_proj,linear,,B,5120,5120,685,model.layers.12.self_attn.q_proj.weight,"[5120,5120]",config+architecture,"AWQ changes physical storage, not logical MNK"
models--Qwen--Qwen2.5-Coder-32B-Instruct-AWQ,687,decode_step,12,model.layers.12.self_attn.k_proj,linear,,B,1024,5120,685,model.layers.12.self_attn.k_proj.weight,"[1024,5120]",config+architecture,"AWQ changes physical storage, not logical MNK"
models--Qwen--Qwen2.5-Coder-32B-Instruct-AWQ,688,decode_step,12,model.layers.12.self_attn.v_proj,linear,,B,1024,5120,685,model.layers.12.self_attn.v_proj.weight,"[1024,5120]",config+architecture,"AWQ changes physical storage, not logical MNK"
models--Qwen--Qwen2.5-Coder-32B-Instruct-AWQ,689,decode_step,12,model.layers.12.self_attn.qk,batched_matmul,B*QH,1,KV,128,686;687,,,config+architecture,"GQA QH=40, KVH=8; effective KV may be capped by sliding_window=131072"
models--Qwen--Qwen2.5-Coder-32B-Instruct-AWQ,690,decode_step,12,model.layers.12.self_attn.pv,batched_matmul,B*QH,1,128,KV,689;688,,,config+architecture,softmax/mask is a non-matmul dependency bridge
models--Qwen--Qwen2.5-Coder-32B-Instruct-AWQ,691,decode_step,12,model.layers.12.self_attn.o_proj,linear,,B,5120,5120,690,model.layers.12.self_attn.o_proj.weight,"[5120,5120]",config+architecture,"AWQ changes physical storage, not logical MNK"
models--Qwen--Qwen2.5-Coder-32B-Instruct-AWQ,692,decode_step,12,model.layers.12.mlp.gate_proj,linear,,B,27648,5120,691,model.layers.12.mlp.gate_proj.weight,"[27648,5120]",config+architecture,"AWQ changes physical storage, not logical MNK"
models--Qwen--Qwen2.5-Coder-32B-Instruct-AWQ,693,decode_step,12,model.layers.12.mlp.up_proj,linear,,B,27648,5120,691,model.layers.12.mlp.up_proj.weight,"[27648,5120]",config+architecture,"AWQ changes physical storage, not logical MNK"
models--Qwen--Qwen2.5-Coder-32B-Instruct-AWQ,694,decode_step,12,model.layers.12.mlp.down_proj,linear,,B,5120,27648,692;693,model.layers.12.mlp.down_proj.weight,"[5120,27648]",config+architecture,"SiLU(gate)*up precedes this GEMM; AWQ changes physical storage, not logical MNK"
models--Qwen--Qwen2.5-Coder-32B-Instruct-AWQ,695,decode_step,13,model.layers.13.self_attn.q_proj,linear,,B,5120,5120,694,model.layers.13.self_attn.q_proj.weight,"[5120,5120]",config+architecture,"AWQ changes physical storage, not logical MNK"
models--Qwen--Qwen2.5-Coder-32B-Instruct-AWQ,696,decode_step,13,model.layers.13.self_attn.k_proj,linear,,B,1024,5120,694,model.layers.13.self_attn.k_proj.weight,"[1024,5120]",config+architecture,"AWQ changes physical storage, not logical MNK"
models--Qwen--Qwen2.5-Coder-32B-Instruct-AWQ,697,decode_step,13,model.layers.13.self_attn.v_proj,linear,,B,1024,5120,694,model.layers.13.self_attn.v_proj.weight,"[1024,5120]",config+architecture,"AWQ changes physical storage, not logical MNK"
models--Qwen--Qwen2.5-Coder-32B-Instruct-AWQ,698,decode_step,13,model.layers.13.self_attn.qk,batched_matmul,B*QH,1,KV,128,695;696,,,config+architecture,"GQA QH=40, KVH=8; effective KV may be capped by sliding_window=131072"
models--Qwen--Qwen2.5-Coder-32B-Instruct-AWQ,699,decode_step,13,model.layers.13.self_attn.pv,batched_matmul,B*QH,1,128,KV,698;697,,,config+architecture,softmax/mask is a non-matmul dependency bridge
models--Qwen--Qwen2.5-Coder-32B-Instruct-AWQ,700,decode_step,13,model.layers.13.self_attn.o_proj,linear,,B,5120,5120,699,model.layers.13.self_attn.o_proj.weight,"[5120,5120]",config+architecture,"AWQ changes physical storage, not logical MNK"
models--Qwen--Qwen2.5-Coder-32B-Instruct-AWQ,701,decode_step,13,model.layers.13.mlp.gate_proj,linear,,B,27648,5120,700,model.layers.13.mlp.gate_proj.weight,"[27648,5120]",config+architecture,"AWQ changes physical storage, not logical MNK"
models--Qwen--Qwen2.5-Coder-32B-Instruct-AWQ,702,decode_step,13,model.layers.13.mlp.up_proj,linear,,B,27648,5120,700,model.layers.13.mlp.up_proj.weight,"[27648,5120]",config+architecture,"AWQ changes physical storage, not logical MNK"
models--Qwen--Qwen2.5-Coder-32B-Instruct-AWQ,703,decode_step,13,model.layers.13.mlp.down_proj,linear,,B,5120,27648,701;702,model.layers.13.mlp.down_proj.weight,"[5120,27648]",config+architecture,"SiLU(gate)*up precedes this GEMM; AWQ changes physical storage, not logical MNK"
models--Qwen--Qwen2.5-Coder-32B-Instruct-AWQ,704,decode_step,14,model.layers.14.self_attn.q_proj,linear,,B,5120,5120,703,model.layers.14.self_attn.q_proj.weight,"[5120,5120]",config+architecture,"AWQ changes physical storage, not logical MNK"
models--Qwen--Qwen2.5-Coder-32B-Instruct-AWQ,705,decode_step,14,model.layers.14.self_attn.k_proj,linear,,B,1024,5120,703,model.layers.14.self_attn.k_proj.weight,"[1024,5120]",config+architecture,"AWQ changes physical storage, not logical MNK"
models--Qwen--Qwen2.5-Coder-32B-Instruct-AWQ,706,decode_step,14,model.layers.14.self_attn.v_proj,linear,,B,1024,5120,703,model.layers.14.self_attn.v_proj.weight,"[1024,5120]",config+architecture,"AWQ changes physical storage, not logical MNK"
models--Qwen--Qwen2.5-Coder-32B-Instruct-AWQ,707,decode_step,14,model.layers.14.self_attn.qk,batched_matmul,B*QH,1,KV,128,704;705,,,config+architecture,"GQA QH=40, KVH=8; effective KV may be capped by sliding_window=131072"
models--Qwen--Qwen2.5-Coder-32B-Instruct-AWQ,708,decode_step,14,model.layers.14.self_attn.pv,batched_matmul,B*QH,1,128,KV,707;706,,,config+architecture,softmax/mask is a non-matmul dependency bridge
models--Qwen--Qwen2.5-Coder-32B-Instruct-AWQ,709,decode_step,14,model.layers.14.self_attn.o_proj,linear,,B,5120,5120,708,model.layers.14.self_attn.o_proj.weight,"[5120,5120]",config+architecture,"AWQ changes physical storage, not logical MNK"
models--Qwen--Qwen2.5-Coder-32B-Instruct-AWQ,710,decode_step,14,model.layers.14.mlp.gate_proj,linear,,B,27648,5120,709,model.layers.14.mlp.gate_proj.weight,"[27648,5120]",config+architecture,"AWQ changes physical storage, not logical MNK"
models--Qwen--Qwen2.5-Coder-32B-Instruct-AWQ,711,decode_step,14,model.layers.14.mlp.up_proj,linear,,B,27648,5120,709,model.layers.14.mlp.up_proj.weight,"[27648,5120]",config+architecture,"AWQ changes physical storage, not logical MNK"
models--Qwen--Qwen2.5-Coder-32B-Instruct-AWQ,712,decode_step,14,model.layers.14.mlp.down_proj,linear,,B,5120,27648,710;711,model.layers.14.mlp.down_proj.weight,"[5120,27648]",config+architecture,"SiLU(gate)*up precedes this GEMM; AWQ changes physical storage, not logical MNK"
models--Qwen--Qwen2.5-Coder-32B-Instruct-AWQ,713,decode_step,15,model.layers.15.self_attn.q_proj,linear,,B,5120,5120,712,model.layers.15.self_attn.q_proj.weight,"[5120,5120]",config+architecture,"AWQ changes physical storage, not logical MNK"
models--Qwen--Qwen2.5-Coder-32B-Instruct-AWQ,714,decode_step,15,model.layers.15.self_attn.k_proj,linear,,B,1024,5120,712,model.layers.15.self_attn.k_proj.weight,"[1024,5120]",config+architecture,"AWQ changes physical storage, not logical MNK"
models--Qwen--Qwen2.5-Coder-32B-Instruct-AWQ,715,decode_step,15,model.layers.15.self_attn.v_proj,linear,,B,1024,5120,712,model.layers.15.self_attn.v_proj.weight,"[1024,5120]",config+architecture,"AWQ changes physical storage, not logical MNK"
models--Qwen--Qwen2.5-Coder-32B-Instruct-AWQ,716,decode_step,15,model.layers.15.self_attn.qk,batched_matmul,B*QH,1,KV,128,713;714,,,config+architecture,"GQA QH=40, KVH=8; effective KV may be capped by sliding_window=131072"
models--Qwen--Qwen2.5-Coder-32B-Instruct-AWQ,717,decode_step,15,model.layers.15.self_attn.pv,batched_matmul,B*QH,1,128,KV,716;715,,,config+architecture,softmax/mask is a non-matmul dependency bridge
models--Qwen--Qwen2.5-Coder-32B-Instruct-AWQ,718,decode_step,15,model.layers.15.self_attn.o_proj,linear,,B,5120,5120,717,model.layers.15.self_attn.o_proj.weight,"[5120,5120]",config+architecture,"AWQ changes physical storage, not logical MNK"
models--Qwen--Qwen2.5-Coder-32B-Instruct-AWQ,719,decode_step,15,model.layers.15.mlp.gate_proj,linear,,B,27648,5120,718,model.layers.15.mlp.gate_proj.weight,"[27648,5120]",config+architecture,"AWQ changes physical storage, not logical MNK"
models--Qwen--Qwen2.5-Coder-32B-Instruct-AWQ,720,decode_step,15,model.layers.15.mlp.up_proj,linear,,B,27648,5120,718,model.layers.15.mlp.up_proj.weight,"[27648,5120]",config+architecture,"AWQ changes physical storage, not logical MNK"
models--Qwen--Qwen2.5-Coder-32B-Instruct-AWQ,721,decode_step,15,model.layers.15.mlp.down_proj,linear,,B,5120,27648,719;720,model.layers.15.mlp.down_proj.weight,"[5120,27648]",config+architecture,"SiLU(gate)*up precedes this GEMM; AWQ changes physical storage, not logical MNK"
models--Qwen--Qwen2.5-Coder-32B-Instruct-AWQ,722,decode_step,16,model.layers.16.self_attn.q_proj,linear,,B,5120,5120,721,model.layers.16.self_attn.q_proj.weight,"[5120,5120]",config+architecture,"AWQ changes physical storage, not logical MNK"
models--Qwen--Qwen2.5-Coder-32B-Instruct-AWQ,723,decode_step,16,model.layers.16.self_attn.k_proj,linear,,B,1024,5120,721,model.layers.16.self_attn.k_proj.weight,"[1024,5120]",config+architecture,"AWQ changes physical storage, not logical MNK"
models--Qwen--Qwen2.5-Coder-32B-Instruct-AWQ,724,decode_step,16,model.layers.16.self_attn.v_proj,linear,,B,1024,5120,721,model.layers.16.self_attn.v_proj.weight,"[1024,5120]",config+architecture,"AWQ changes physical storage, not logical MNK"
models--Qwen--Qwen2.5-Coder-32B-Instruct-AWQ,725,decode_step,16,model.layers.16.self_attn.qk,batched_matmul,B*QH,1,KV,128,722;723,,,config+architecture,"GQA QH=40, KVH=8; effective KV may be capped by sliding_window=131072"
models--Qwen--Qwen2.5-Coder-32B-Instruct-AWQ,726,decode_step,16,model.layers.16.self_attn.pv,batched_matmul,B*QH,1,128,KV,725;724,,,config+architecture,softmax/mask is a non-matmul dependency bridge
models--Qwen--Qwen2.5-Coder-32B-Instruct-AWQ,727,decode_step,16,model.layers.16.self_attn.o_proj,linear,,B,5120,5120,726,model.layers.16.self_attn.o_proj.weight,"[5120,5120]",config+architecture,"AWQ changes physical storage, not logical MNK"
models--Qwen--Qwen2.5-Coder-32B-Instruct-AWQ,728,decode_step,16,model.layers.16.mlp.gate_proj,linear,,B,27648,5120,727,model.layers.16.mlp.gate_proj.weight,"[27648,5120]",config+architecture,"AWQ changes physical storage, not logical MNK"
models--Qwen--Qwen2.5-Coder-32B-Instruct-AWQ,729,decode_step,16,model.layers.16.mlp.up_proj,linear,,B,27648,5120,727,model.layers.16.mlp.up_proj.weight,"[27648,5120]",config+architecture,"AWQ changes physical storage, not logical MNK"
models--Qwen--Qwen2.5-Coder-32B-Instruct-AWQ,730,decode_step,16,model.layers.16.mlp.down_proj,linear,,B,5120,27648,728;729,model.layers.16.mlp.down_proj.weight,"[5120,27648]",config+architecture,"SiLU(gate)*up precedes this GEMM; AWQ changes physical storage, not logical MNK"
models--Qwen--Qwen2.5-Coder-32B-Instruct-AWQ,731,decode_step,17,model.layers.17.self_attn.q_proj,linear,,B,5120,5120,730,model.layers.17.self_attn.q_proj.weight,"[5120,5120]",config+architecture,"AWQ changes physical storage, not logical MNK"
models--Qwen--Qwen2.5-Coder-32B-Instruct-AWQ,732,decode_step,17,model.layers.17.self_attn.k_proj,linear,,B,1024,5120,730,model.layers.17.self_attn.k_proj.weight,"[1024,5120]",config+architecture,"AWQ changes physical storage, not logical MNK"
models--Qwen--Qwen2.5-Coder-32B-Instruct-AWQ,733,decode_step,17,model.layers.17.self_attn.v_proj,linear,,B,1024,5120,730,model.layers.17.self_attn.v_proj.weight,"[1024,5120]",config+architecture,"AWQ changes physical storage, not logical MNK"
models--Qwen--Qwen2.5-Coder-32B-Instruct-AWQ,734,decode_step,17,model.layers.17.self_attn.qk,batched_matmul,B*QH,1,KV,128,731;732,,,config+architecture,"GQA QH=40, KVH=8; effective KV may be capped by sliding_window=131072"
models--Qwen--Qwen2.5-Coder-32B-Instruct-AWQ,735,decode_step,17,model.layers.17.self_attn.pv,batched_matmul,B*QH,1,128,KV,734;733,,,config+architecture,softmax/mask is a non-matmul dependency bridge
models--Qwen--Qwen2.5-Coder-32B-Instruct-AWQ,736,decode_step,17,model.layers.17.self_attn.o_proj,linear,,B,5120,5120,735,model.layers.17.self_attn.o_proj.weight,"[5120,5120]",config+architecture,"AWQ changes physical storage, not logical MNK"
models--Qwen--Qwen2.5-Coder-32B-Instruct-AWQ,737,decode_step,17,model.layers.17.mlp.gate_proj,linear,,B,27648,5120,736,model.layers.17.mlp.gate_proj.weight,"[27648,5120]",config+architecture,"AWQ changes physical storage, not logical MNK"
models--Qwen--Qwen2.5-Coder-32B-Instruct-AWQ,738,decode_step,17,model.layers.17.mlp.up_proj,linear,,B,27648,5120,736,model.layers.17.mlp.up_proj.weight,"[27648,5120]",config+architecture,"AWQ changes physical storage, not logical MNK"
models--Qwen--Qwen2.5-Coder-32B-Instruct-AWQ,739,decode_step,17,model.layers.17.mlp.down_proj,linear,,B,5120,27648,737;738,model.layers.17.mlp.down_proj.weight,"[5120,27648]",config+architecture,"SiLU(gate)*up precedes this GEMM; AWQ changes physical storage, not logical MNK"
models--Qwen--Qwen2.5-Coder-32B-Instruct-AWQ,740,decode_step,18,model.layers.18.self_attn.q_proj,linear,,B,5120,5120,739,model.layers.18.self_attn.q_proj.weight,"[5120,5120]",config+architecture,"AWQ changes physical storage, not logical MNK"
models--Qwen--Qwen2.5-Coder-32B-Instruct-AWQ,741,decode_step,18,model.layers.18.self_attn.k_proj,linear,,B,1024,5120,739,model.layers.18.self_attn.k_proj.weight,"[1024,5120]",config+architecture,"AWQ changes physical storage, not logical MNK"
models--Qwen--Qwen2.5-Coder-32B-Instruct-AWQ,742,decode_step,18,model.layers.18.self_attn.v_proj,linear,,B,1024,5120,739,model.layers.18.self_attn.v_proj.weight,"[1024,5120]",config+architecture,"AWQ changes physical storage, not logical MNK"
models--Qwen--Qwen2.5-Coder-32B-Instruct-AWQ,743,decode_step,18,model.layers.18.self_attn.qk,batched_matmul,B*QH,1,KV,128,740;741,,,config+architecture,"GQA QH=40, KVH=8; effective KV may be capped by sliding_window=131072"
models--Qwen--Qwen2.5-Coder-32B-Instruct-AWQ,744,decode_step,18,model.layers.18.self_attn.pv,batched_matmul,B*QH,1,128,KV,743;742,,,config+architecture,softmax/mask is a non-matmul dependency bridge
models--Qwen--Qwen2.5-Coder-32B-Instruct-AWQ,745,decode_step,18,model.layers.18.self_attn.o_proj,linear,,B,5120,5120,744,model.layers.18.self_attn.o_proj.weight,"[5120,5120]",config+architecture,"AWQ changes physical storage, not logical MNK"
models--Qwen--Qwen2.5-Coder-32B-Instruct-AWQ,746,decode_step,18,model.layers.18.mlp.gate_proj,linear,,B,27648,5120,745,model.layers.18.mlp.gate_proj.weight,"[27648,5120]",config+architecture,"AWQ changes physical storage, not logical MNK"
models--Qwen--Qwen2.5-Coder-32B-Instruct-AWQ,747,decode_step,18,model.layers.18.mlp.up_proj,linear,,B,27648,5120,745,model.layers.18.mlp.up_proj.weight,"[27648,5120]",config+architecture,"AWQ changes physical storage, not logical MNK"
models--Qwen--Qwen2.5-Coder-32B-Instruct-AWQ,748,decode_step,18,model.layers.18.mlp.down_proj,linear,,B,5120,27648,746;747,model.layers.18.mlp.down_proj.weight,"[5120,27648]",config+architecture,"SiLU(gate)*up precedes this GEMM; AWQ changes physical storage, not logical MNK"
models--Qwen--Qwen2.5-Coder-32B-Instruct-AWQ,749,decode_step,19,model.layers.19.self_attn.q_proj,linear,,B,5120,5120,748,model.layers.19.self_attn.q_proj.weight,"[5120,5120]",config+architecture,"AWQ changes physical storage, not logical MNK"
models--Qwen--Qwen2.5-Coder-32B-Instruct-AWQ,750,decode_step,19,model.layers.19.self_attn.k_proj,linear,,B,1024,5120,748,model.layers.19.self_attn.k_proj.weight,"[1024,5120]",config+architecture,"AWQ changes physical storage, not logical MNK"
models--Qwen--Qwen2.5-Coder-32B-Instruct-AWQ,751,decode_step,19,model.layers.19.self_attn.v_proj,linear,,B,1024,5120,748,model.layers.19.self_attn.v_proj.weight,"[1024,5120]",config+architecture,"AWQ changes physical storage, not logical MNK"
models--Qwen--Qwen2.5-Coder-32B-Instruct-AWQ,752,decode_step,19,model.layers.19.self_attn.qk,batched_matmul,B*QH,1,KV,128,749;750,,,config+architecture,"GQA QH=40, KVH=8; effective KV may be capped by sliding_window=131072"
models--Qwen--Qwen2.5-Coder-32B-Instruct-AWQ,753,decode_step,19,model.layers.19.self_attn.pv,batched_matmul,B*QH,1,128,KV,752;751,,,config+architecture,softmax/mask is a non-matmul dependency bridge
models--Qwen--Qwen2.5-Coder-32B-Instruct-AWQ,754,decode_step,19,model.layers.19.self_attn.o_proj,linear,,B,5120,5120,753,model.layers.19.self_attn.o_proj.weight,"[5120,5120]",config+architecture,"AWQ changes physical storage, not logical MNK"
models--Qwen--Qwen2.5-Coder-32B-Instruct-AWQ,755,decode_step,19,model.layers.19.mlp.gate_proj,linear,,B,27648,5120,754,model.layers.19.mlp.gate_proj.weight,"[27648,5120]",config+architecture,"AWQ changes physical storage, not logical MNK"
models--Qwen--Qwen2.5-Coder-32B-Instruct-AWQ,756,decode_step,19,model.layers.19.mlp.up_proj,linear,,B,27648,5120,754,model.layers.19.mlp.up_proj.weight,"[27648,5120]",config+architecture,"AWQ changes physical storage, not logical MNK"
models--Qwen--Qwen2.5-Coder-32B-Instruct-AWQ,757,decode_step,19,model.layers.19.mlp.down_proj,linear,,B,5120,27648,755;756,model.layers.19.mlp.down_proj.weight,"[5120,27648]",config+architecture,"SiLU(gate)*up precedes this GEMM; AWQ changes physical storage, not logical MNK"
models--Qwen--Qwen2.5-Coder-32B-Instruct-AWQ,758,decode_step,20,model.layers.20.self_attn.q_proj,linear,,B,5120,5120,757,model.layers.20.self_attn.q_proj.weight,"[5120,5120]",config+architecture,"AWQ changes physical storage, not logical MNK"
models--Qwen--Qwen2.5-Coder-32B-Instruct-AWQ,759,decode_step,20,model.layers.20.self_attn.k_proj,linear,,B,1024,5120,757,model.layers.20.self_attn.k_proj.weight,"[1024,5120]",config+architecture,"AWQ changes physical storage, not logical MNK"
models--Qwen--Qwen2.5-Coder-32B-Instruct-AWQ,760,decode_step,20,model.layers.20.self_attn.v_proj,linear,,B,1024,5120,757,model.layers.20.self_attn.v_proj.weight,"[1024,5120]",config+architecture,"AWQ changes physical storage, not logical MNK"
models--Qwen--Qwen2.5-Coder-32B-Instruct-AWQ,761,decode_step,20,model.layers.20.self_attn.qk,batched_matmul,B*QH,1,KV,128,758;759,,,config+architecture,"GQA QH=40, KVH=8; effective KV may be capped by sliding_window=131072"
models--Qwen--Qwen2.5-Coder-32B-Instruct-AWQ,762,decode_step,20,model.layers.20.self_attn.pv,batched_matmul,B*QH,1,128,KV,761;760,,,config+architecture,softmax/mask is a non-matmul dependency bridge
models--Qwen--Qwen2.5-Coder-32B-Instruct-AWQ,763,decode_step,20,model.layers.20.self_attn.o_proj,linear,,B,5120,5120,762,model.layers.20.self_attn.o_proj.weight,"[5120,5120]",config+architecture,"AWQ changes physical storage, not logical MNK"
models--Qwen--Qwen2.5-Coder-32B-Instruct-AWQ,764,decode_step,20,model.layers.20.mlp.gate_proj,linear,,B,27648,5120,763,model.layers.20.mlp.gate_proj.weight,"[27648,5120]",config+architecture,"AWQ changes physical storage, not logical MNK"
models--Qwen--Qwen2.5-Coder-32B-Instruct-AWQ,765,decode_step,20,model.layers.20.mlp.up_proj,linear,,B,27648,5120,763,model.layers.20.mlp.up_proj.weight,"[27648,5120]",config+architecture,"AWQ changes physical storage, not logical MNK"
models--Qwen--Qwen2.5-Coder-32B-Instruct-AWQ,766,decode_step,20,model.layers.20.mlp.down_proj,linear,,B,5120,27648,764;765,model.layers.20.mlp.down_proj.weight,"[5120,27648]",config+architecture,"SiLU(gate)*up precedes this GEMM; AWQ changes physical storage, not logical MNK"
models--Qwen--Qwen2.5-Coder-32B-Instruct-AWQ,767,decode_step,21,model.layers.21.self_attn.q_proj,linear,,B,5120,5120,766,model.layers.21.self_attn.q_proj.weight,"[5120,5120]",config+architecture,"AWQ changes physical storage, not logical MNK"
models--Qwen--Qwen2.5-Coder-32B-Instruct-AWQ,768,decode_step,21,model.layers.21.self_attn.k_proj,linear,,B,1024,5120,766,model.layers.21.self_attn.k_proj.weight,"[1024,5120]",config+architecture,"AWQ changes physical storage, not logical MNK"
models--Qwen--Qwen2.5-Coder-32B-Instruct-AWQ,769,decode_step,21,model.layers.21.self_attn.v_proj,linear,,B,1024,5120,766,model.layers.21.self_attn.v_proj.weight,"[1024,5120]",config+architecture,"AWQ changes physical storage, not logical MNK"
models--Qwen--Qwen2.5-Coder-32B-Instruct-AWQ,770,decode_step,21,model.layers.21.self_attn.qk,batched_matmul,B*QH,1,KV,128,767;768,,,config+architecture,"GQA QH=40, KVH=8; effective KV may be capped by sliding_window=131072"
models--Qwen--Qwen2.5-Coder-32B-Instruct-AWQ,771,decode_step,21,model.layers.21.self_attn.pv,batched_matmul,B*QH,1,128,KV,770;769,,,config+architecture,softmax/mask is a non-matmul dependency bridge
models--Qwen--Qwen2.5-Coder-32B-Instruct-AWQ,772,decode_step,21,model.layers.21.self_attn.o_proj,linear,,B,5120,5120,771,model.layers.21.self_attn.o_proj.weight,"[5120,5120]",config+architecture,"AWQ changes physical storage, not logical MNK"
models--Qwen--Qwen2.5-Coder-32B-Instruct-AWQ,773,decode_step,21,model.layers.21.mlp.gate_proj,linear,,B,27648,5120,772,model.layers.21.mlp.gate_proj.weight,"[27648,5120]",config+architecture,"AWQ changes physical storage, not logical MNK"
models--Qwen--Qwen2.5-Coder-32B-Instruct-AWQ,774,decode_step,21,model.layers.21.mlp.up_proj,linear,,B,27648,5120,772,model.layers.21.mlp.up_proj.weight,"[27648,5120]",config+architecture,"AWQ changes physical storage, not logical MNK"
models--Qwen--Qwen2.5-Coder-32B-Instruct-AWQ,775,decode_step,21,model.layers.21.mlp.down_proj,linear,,B,5120,27648,773;774,model.layers.21.mlp.down_proj.weight,"[5120,27648]",config+architecture,"SiLU(gate)*up precedes this GEMM; AWQ changes physical storage, not logical MNK"
models--Qwen--Qwen2.5-Coder-32B-Instruct-AWQ,776,decode_step,22,model.layers.22.self_attn.q_proj,linear,,B,5120,5120,775,model.layers.22.self_attn.q_proj.weight,"[5120,5120]",config+architecture,"AWQ changes physical storage, not logical MNK"
models--Qwen--Qwen2.5-Coder-32B-Instruct-AWQ,777,decode_step,22,model.layers.22.self_attn.k_proj,linear,,B,1024,5120,775,model.layers.22.self_attn.k_proj.weight,"[1024,5120]",config+architecture,"AWQ changes physical storage, not logical MNK"
models--Qwen--Qwen2.5-Coder-32B-Instruct-AWQ,778,decode_step,22,model.layers.22.self_attn.v_proj,linear,,B,1024,5120,775,model.layers.22.self_attn.v_proj.weight,"[1024,5120]",config+architecture,"AWQ changes physical storage, not logical MNK"
models--Qwen--Qwen2.5-Coder-32B-Instruct-AWQ,779,decode_step,22,model.layers.22.self_attn.qk,batched_matmul,B*QH,1,KV,128,776;777,,,config+architecture,"GQA QH=40, KVH=8; effective KV may be capped by sliding_window=131072"
models--Qwen--Qwen2.5-Coder-32B-Instruct-AWQ,780,decode_step,22,model.layers.22.self_attn.pv,batched_matmul,B*QH,1,128,KV,779;778,,,config+architecture,softmax/mask is a non-matmul dependency bridge
models--Qwen--Qwen2.5-Coder-32B-Instruct-AWQ,781,decode_step,22,model.layers.22.self_attn.o_proj,linear,,B,5120,5120,780,model.layers.22.self_attn.o_proj.weight,"[5120,5120]",config+architecture,"AWQ changes physical storage, not logical MNK"
models--Qwen--Qwen2.5-Coder-32B-Instruct-AWQ,782,decode_step,22,model.layers.22.mlp.gate_proj,linear,,B,27648,5120,781,model.layers.22.mlp.gate_proj.weight,"[27648,5120]",config+architecture,"AWQ changes physical storage, not logical MNK"
models--Qwen--Qwen2.5-Coder-32B-Instruct-AWQ,783,decode_step,22,model.layers.22.mlp.up_proj,linear,,B,27648,5120,781,model.layers.22.mlp.up_proj.weight,"[27648,5120]",config+architecture,"AWQ changes physical storage, not logical MNK"
models--Qwen--Qwen2.5-Coder-32B-Instruct-AWQ,784,decode_step,22,model.layers.22.mlp.down_proj,linear,,B,5120,27648,782;783,model.layers.22.mlp.down_proj.weight,"[5120,27648]",config+architecture,"SiLU(gate)*up precedes this GEMM; AWQ changes physical storage, not logical MNK"
models--Qwen--Qwen2.5-Coder-32B-Instruct-AWQ,785,decode_step,23,model.layers.23.self_attn.q_proj,linear,,B,5120,5120,784,model.layers.23.self_attn.q_proj.weight,"[5120,5120]",config+architecture,"AWQ changes physical storage, not logical MNK"
models--Qwen--Qwen2.5-Coder-32B-Instruct-AWQ,786,decode_step,23,model.layers.23.self_attn.k_proj,linear,,B,1024,5120,784,model.layers.23.self_attn.k_proj.weight,"[1024,5120]",config+architecture,"AWQ changes physical storage, not logical MNK"
models--Qwen--Qwen2.5-Coder-32B-Instruct-AWQ,787,decode_step,23,model.layers.23.self_attn.v_proj,linear,,B,1024,5120,784,model.layers.23.self_attn.v_proj.weight,"[1024,5120]",config+architecture,"AWQ changes physical storage, not logical MNK"
models--Qwen--Qwen2.5-Coder-32B-Instruct-AWQ,788,decode_step,23,model.layers.23.self_attn.qk,batched_matmul,B*QH,1,KV,128,785;786,,,config+architecture,"GQA QH=40, KVH=8; effective KV may be capped by sliding_window=131072"
models--Qwen--Qwen2.5-Coder-32B-Instruct-AWQ,789,decode_step,23,model.layers.23.self_attn.pv,batched_matmul,B*QH,1,128,KV,788;787,,,config+architecture,softmax/mask is a non-matmul dependency bridge
models--Qwen--Qwen2.5-Coder-32B-Instruct-AWQ,790,decode_step,23,model.layers.23.self_attn.o_proj,linear,,B,5120,5120,789,model.layers.23.self_attn.o_proj.weight,"[5120,5120]",config+architecture,"AWQ changes physical storage, not logical MNK"
models--Qwen--Qwen2.5-Coder-32B-Instruct-AWQ,791,decode_step,23,model.layers.23.mlp.gate_proj,linear,,B,27648,5120,790,model.layers.23.mlp.gate_proj.weight,"[27648,5120]",config+architecture,"AWQ changes physical storage, not logical MNK"
models--Qwen--Qwen2.5-Coder-32B-Instruct-AWQ,792,decode_step,23,model.layers.23.mlp.up_proj,linear,,B,27648,5120,790,model.layers.23.mlp.up_proj.weight,"[27648,5120]",config+architecture,"AWQ changes physical storage, not logical MNK"
models--Qwen--Qwen2.5-Coder-32B-Instruct-AWQ,793,decode_step,23,model.layers.23.mlp.down_proj,linear,,B,5120,27648,791;792,model.layers.23.mlp.down_proj.weight,"[5120,27648]",config+architecture,"SiLU(gate)*up precedes this GEMM; AWQ changes physical storage, not logical MNK"
models--Qwen--Qwen2.5-Coder-32B-Instruct-AWQ,794,decode_step,24,model.layers.24.self_attn.q_proj,linear,,B,5120,5120,793,model.layers.24.self_attn.q_proj.weight,"[5120,5120]",config+architecture,"AWQ changes physical storage, not logical MNK"
models--Qwen--Qwen2.5-Coder-32B-Instruct-AWQ,795,decode_step,24,model.layers.24.self_attn.k_proj,linear,,B,1024,5120,793,model.layers.24.self_attn.k_proj.weight,"[1024,5120]",config+architecture,"AWQ changes physical storage, not logical MNK"
models--Qwen--Qwen2.5-Coder-32B-Instruct-AWQ,796,decode_step,24,model.layers.24.self_attn.v_proj,linear,,B,1024,5120,793,model.layers.24.self_attn.v_proj.weight,"[1024,5120]",config+architecture,"AWQ changes physical storage, not logical MNK"
models--Qwen--Qwen2.5-Coder-32B-Instruct-AWQ,797,decode_step,24,model.layers.24.self_attn.qk,batched_matmul,B*QH,1,KV,128,794;795,,,config+architecture,"GQA QH=40, KVH=8; effective KV may be capped by sliding_window=131072"
models--Qwen--Qwen2.5-Coder-32B-Instruct-AWQ,798,decode_step,24,model.layers.24.self_attn.pv,batched_matmul,B*QH,1,128,KV,797;796,,,config+architecture,softmax/mask is a non-matmul dependency bridge
models--Qwen--Qwen2.5-Coder-32B-Instruct-AWQ,799,decode_step,24,model.layers.24.self_attn.o_proj,linear,,B,5120,5120,798,model.layers.24.self_attn.o_proj.weight,"[5120,5120]",config+architecture,"AWQ changes physical storage, not logical MNK"
models--Qwen--Qwen2.5-Coder-32B-Instruct-AWQ,800,decode_step,24,model.layers.24.mlp.gate_proj,linear,,B,27648,5120,799,model.layers.24.mlp.gate_proj.weight,"[27648,5120]",config+architecture,"AWQ changes physical storage, not logical MNK"
models--Qwen--Qwen2.5-Coder-32B-Instruct-AWQ,801,decode_step,24,model.layers.24.mlp.up_proj,linear,,B,27648,5120,799,model.layers.24.mlp.up_proj.weight,"[27648,5120]",config+architecture,"AWQ changes physical storage, not logical MNK"
models--Qwen--Qwen2.5-Coder-32B-Instruct-AWQ,802,decode_step,24,model.layers.24.mlp.down_proj,linear,,B,5120,27648,800;801,model.layers.24.mlp.down_proj.weight,"[5120,27648]",config+architecture,"SiLU(gate)*up precedes this GEMM; AWQ changes physical storage, not logical MNK"
models--Qwen--Qwen2.5-Coder-32B-Instruct-AWQ,803,decode_step,25,model.layers.25.self_attn.q_proj,linear,,B,5120,5120,802,model.layers.25.self_attn.q_proj.weight,"[5120,5120]",config+architecture,"AWQ changes physical storage, not logical MNK"
models--Qwen--Qwen2.5-Coder-32B-Instruct-AWQ,804,decode_step,25,model.layers.25.self_attn.k_proj,linear,,B,1024,5120,802,model.layers.25.self_attn.k_proj.weight,"[1024,5120]",config+architecture,"AWQ changes physical storage, not logical MNK"
models--Qwen--Qwen2.5-Coder-32B-Instruct-AWQ,805,decode_step,25,model.layers.25.self_attn.v_proj,linear,,B,1024,5120,802,model.layers.25.self_attn.v_proj.weight,"[1024,5120]",config+architecture,"AWQ changes physical storage, not logical MNK"
models--Qwen--Qwen2.5-Coder-32B-Instruct-AWQ,806,decode_step,25,model.layers.25.self_attn.qk,batched_matmul,B*QH,1,KV,128,803;804,,,config+architecture,"GQA QH=40, KVH=8; effective KV may be capped by sliding_window=131072"
models--Qwen--Qwen2.5-Coder-32B-Instruct-AWQ,807,decode_step,25,model.layers.25.self_attn.pv,batched_matmul,B*QH,1,128,KV,806;805,,,config+architecture,softmax/mask is a non-matmul dependency bridge
models--Qwen--Qwen2.5-Coder-32B-Instruct-AWQ,808,decode_step,25,model.layers.25.self_attn.o_proj,linear,,B,5120,5120,807,model.layers.25.self_attn.o_proj.weight,"[5120,5120]",config+architecture,"AWQ changes physical storage, not logical MNK"
models--Qwen--Qwen2.5-Coder-32B-Instruct-AWQ,809,decode_step,25,model.layers.25.mlp.gate_proj,linear,,B,27648,5120,808,model.layers.25.mlp.gate_proj.weight,"[27648,5120]",config+architecture,"AWQ changes physical storage, not logical MNK"
models--Qwen--Qwen2.5-Coder-32B-Instruct-AWQ,810,decode_step,25,model.layers.25.mlp.up_proj,linear,,B,27648,5120,808,model.layers.25.mlp.up_proj.weight,"[27648,5120]",config+architecture,"AWQ changes physical storage, not logical MNK"
models--Qwen--Qwen2.5-Coder-32B-Instruct-AWQ,811,decode_step,25,model.layers.25.mlp.down_proj,linear,,B,5120,27648,809;810,model.layers.25.mlp.down_proj.weight,"[5120,27648]",config+architecture,"SiLU(gate)*up precedes this GEMM; AWQ changes physical storage, not logical MNK"
models--Qwen--Qwen2.5-Coder-32B-Instruct-AWQ,812,decode_step,26,model.layers.26.self_attn.q_proj,linear,,B,5120,5120,811,model.layers.26.self_attn.q_proj.weight,"[5120,5120]",config+architecture,"AWQ changes physical storage, not logical MNK"
models--Qwen--Qwen2.5-Coder-32B-Instruct-AWQ,813,decode_step,26,model.layers.26.self_attn.k_proj,linear,,B,1024,5120,811,model.layers.26.self_attn.k_proj.weight,"[1024,5120]",config+architecture,"AWQ changes physical storage, not logical MNK"
models--Qwen--Qwen2.5-Coder-32B-Instruct-AWQ,814,decode_step,26,model.layers.26.self_attn.v_proj,linear,,B,1024,5120,811,model.layers.26.self_attn.v_proj.weight,"[1024,5120]",config+architecture,"AWQ changes physical storage, not logical MNK"
models--Qwen--Qwen2.5-Coder-32B-Instruct-AWQ,815,decode_step,26,model.layers.26.self_attn.qk,batched_matmul,B*QH,1,KV,128,812;813,,,config+architecture,"GQA QH=40, KVH=8; effective KV may be capped by sliding_window=131072"
models--Qwen--Qwen2.5-Coder-32B-Instruct-AWQ,816,decode_step,26,model.layers.26.self_attn.pv,batched_matmul,B*QH,1,128,KV,815;814,,,config+architecture,softmax/mask is a non-matmul dependency bridge
models--Qwen--Qwen2.5-Coder-32B-Instruct-AWQ,817,decode_step,26,model.layers.26.self_attn.o_proj,linear,,B,5120,5120,816,model.layers.26.self_attn.o_proj.weight,"[5120,5120]",config+architecture,"AWQ changes physical storage, not logical MNK"
models--Qwen--Qwen2.5-Coder-32B-Instruct-AWQ,818,decode_step,26,model.layers.26.mlp.gate_proj,linear,,B,27648,5120,817,model.layers.26.mlp.gate_proj.weight,"[27648,5120]",config+architecture,"AWQ changes physical storage, not logical MNK"
models--Qwen--Qwen2.5-Coder-32B-Instruct-AWQ,819,decode_step,26,model.layers.26.mlp.up_proj,linear,,B,27648,5120,817,model.layers.26.mlp.up_proj.weight,"[27648,5120]",config+architecture,"AWQ changes physical storage, not logical MNK"
models--Qwen--Qwen2.5-Coder-32B-Instruct-AWQ,820,decode_step,26,model.layers.26.mlp.down_proj,linear,,B,5120,27648,818;819,model.layers.26.mlp.down_proj.weight,"[5120,27648]",config+architecture,"SiLU(gate)*up precedes this GEMM; AWQ changes physical storage, not logical MNK"
models--Qwen--Qwen2.5-Coder-32B-Instruct-AWQ,821,decode_step,27,model.layers.27.self_attn.q_proj,linear,,B,5120,5120,820,model.layers.27.self_attn.q_proj.weight,"[5120,5120]",config+architecture,"AWQ changes physical storage, not logical MNK"
models--Qwen--Qwen2.5-Coder-32B-Instruct-AWQ,822,decode_step,27,model.layers.27.self_attn.k_proj,linear,,B,1024,5120,820,model.layers.27.self_attn.k_proj.weight,"[1024,5120]",config+architecture,"AWQ changes physical storage, not logical MNK"
models--Qwen--Qwen2.5-Coder-32B-Instruct-AWQ,823,decode_step,27,model.layers.27.self_attn.v_proj,linear,,B,1024,5120,820,model.layers.27.self_attn.v_proj.weight,"[1024,5120]",config+architecture,"AWQ changes physical storage, not logical MNK"
models--Qwen--Qwen2.5-Coder-32B-Instruct-AWQ,824,decode_step,27,model.layers.27.self_attn.qk,batched_matmul,B*QH,1,KV,128,821;822,,,config+architecture,"GQA QH=40, KVH=8; effective KV may be capped by sliding_window=131072"
models--Qwen--Qwen2.5-Coder-32B-Instruct-AWQ,825,decode_step,27,model.layers.27.self_attn.pv,batched_matmul,B*QH,1,128,KV,824;823,,,config+architecture,softmax/mask is a non-matmul dependency bridge
models--Qwen--Qwen2.5-Coder-32B-Instruct-AWQ,826,decode_step,27,model.layers.27.self_attn.o_proj,linear,,B,5120,5120,825,model.layers.27.self_attn.o_proj.weight,"[5120,5120]",config+architecture,"AWQ changes physical storage, not logical MNK"
models--Qwen--Qwen2.5-Coder-32B-Instruct-AWQ,827,decode_step,27,model.layers.27.mlp.gate_proj,linear,,B,27648,5120,826,model.layers.27.mlp.gate_proj.weight,"[27648,5120]",config+architecture,"AWQ changes physical storage, not logical MNK"
models--Qwen--Qwen2.5-Coder-32B-Instruct-AWQ,828,decode_step,27,model.layers.27.mlp.up_proj,linear,,B,27648,5120,826,model.layers.27.mlp.up_proj.weight,"[27648,5120]",config+architecture,"AWQ changes physical storage, not logical MNK"
models--Qwen--Qwen2.5-Coder-32B-Instruct-AWQ,829,decode_step,27,model.layers.27.mlp.down_proj,linear,,B,5120,27648,827;828,model.layers.27.mlp.down_proj.weight,"[5120,27648]",config+architecture,"SiLU(gate)*up precedes this GEMM; AWQ changes physical storage, not logical MNK"
models--Qwen--Qwen2.5-Coder-32B-Instruct-AWQ,830,decode_step,28,model.layers.28.self_attn.q_proj,linear,,B,5120,5120,829,model.layers.28.self_attn.q_proj.weight,"[5120,5120]",config+architecture,"AWQ changes physical storage, not logical MNK"
models--Qwen--Qwen2.5-Coder-32B-Instruct-AWQ,831,decode_step,28,model.layers.28.self_attn.k_proj,linear,,B,1024,5120,829,model.layers.28.self_attn.k_proj.weight,"[1024,5120]",config+architecture,"AWQ changes physical storage, not logical MNK"
models--Qwen--Qwen2.5-Coder-32B-Instruct-AWQ,832,decode_step,28,model.layers.28.self_attn.v_proj,linear,,B,1024,5120,829,model.layers.28.self_attn.v_proj.weight,"[1024,5120]",config+architecture,"AWQ changes physical storage, not logical MNK"
models--Qwen--Qwen2.5-Coder-32B-Instruct-AWQ,833,decode_step,28,model.layers.28.self_attn.qk,batched_matmul,B*QH,1,KV,128,830;831,,,config+architecture,"GQA QH=40, KVH=8; effective KV may be capped by sliding_window=131072"
models--Qwen--Qwen2.5-Coder-32B-Instruct-AWQ,834,decode_step,28,model.layers.28.self_attn.pv,batched_matmul,B*QH,1,128,KV,833;832,,,config+architecture,softmax/mask is a non-matmul dependency bridge
models--Qwen--Qwen2.5-Coder-32B-Instruct-AWQ,835,decode_step,28,model.layers.28.self_attn.o_proj,linear,,B,5120,5120,834,model.layers.28.self_attn.o_proj.weight,"[5120,5120]",config+architecture,"AWQ changes physical storage, not logical MNK"
models--Qwen--Qwen2.5-Coder-32B-Instruct-AWQ,836,decode_step,28,model.layers.28.mlp.gate_proj,linear,,B,27648,5120,835,model.layers.28.mlp.gate_proj.weight,"[27648,5120]",config+architecture,"AWQ changes physical storage, not logical MNK"
models--Qwen--Qwen2.5-Coder-32B-Instruct-AWQ,837,decode_step,28,model.layers.28.mlp.up_proj,linear,,B,27648,5120,835,model.layers.28.mlp.up_proj.weight,"[27648,5120]",config+architecture,"AWQ changes physical storage, not logical MNK"
models--Qwen--Qwen2.5-Coder-32B-Instruct-AWQ,838,decode_step,28,model.layers.28.mlp.down_proj,linear,,B,5120,27648,836;837,model.layers.28.mlp.down_proj.weight,"[5120,27648]",config+architecture,"SiLU(gate)*up precedes this GEMM; AWQ changes physical storage, not logical MNK"
models--Qwen--Qwen2.5-Coder-32B-Instruct-AWQ,839,decode_step,29,model.layers.29.self_attn.q_proj,linear,,B,5120,5120,838,model.layers.29.self_attn.q_proj.weight,"[5120,5120]",config+architecture,"AWQ changes physical storage, not logical MNK"
models--Qwen--Qwen2.5-Coder-32B-Instruct-AWQ,840,decode_step,29,model.layers.29.self_attn.k_proj,linear,,B,1024,5120,838,model.layers.29.self_attn.k_proj.weight,"[1024,5120]",config+architecture,"AWQ changes physical storage, not logical MNK"
models--Qwen--Qwen2.5-Coder-32B-Instruct-AWQ,841,decode_step,29,model.layers.29.self_attn.v_proj,linear,,B,1024,5120,838,model.layers.29.self_attn.v_proj.weight,"[1024,5120]",config+architecture,"AWQ changes physical storage, not logical MNK"
models--Qwen--Qwen2.5-Coder-32B-Instruct-AWQ,842,decode_step,29,model.layers.29.self_attn.qk,batched_matmul,B*QH,1,KV,128,839;840,,,config+architecture,"GQA QH=40, KVH=8; effective KV may be capped by sliding_window=131072"
models--Qwen--Qwen2.5-Coder-32B-Instruct-AWQ,843,decode_step,29,model.layers.29.self_attn.pv,batched_matmul,B*QH,1,128,KV,842;841,,,config+architecture,softmax/mask is a non-matmul dependency bridge
models--Qwen--Qwen2.5-Coder-32B-Instruct-AWQ,844,decode_step,29,model.layers.29.self_attn.o_proj,linear,,B,5120,5120,843,model.layers.29.self_attn.o_proj.weight,"[5120,5120]",config+architecture,"AWQ changes physical storage, not logical MNK"
models--Qwen--Qwen2.5-Coder-32B-Instruct-AWQ,845,decode_step,29,model.layers.29.mlp.gate_proj,linear,,B,27648,5120,844,model.layers.29.mlp.gate_proj.weight,"[27648,5120]",config+architecture,"AWQ changes physical storage, not logical MNK"
models--Qwen--Qwen2.5-Coder-32B-Instruct-AWQ,846,decode_step,29,model.layers.29.mlp.up_proj,linear,,B,27648,5120,844,model.layers.29.mlp.up_proj.weight,"[27648,5120]",config+architecture,"AWQ changes physical storage, not logical MNK"
models--Qwen--Qwen2.5-Coder-32B-Instruct-AWQ,847,decode_step,29,model.layers.29.mlp.down_proj,linear,,B,5120,27648,845;846,model.layers.29.mlp.down_proj.weight,"[5120,27648]",config+architecture,"SiLU(gate)*up precedes this GEMM; AWQ changes physical storage, not logical MNK"
models--Qwen--Qwen2.5-Coder-32B-Instruct-AWQ,848,decode_step,30,model.layers.30.self_attn.q_proj,linear,,B,5120,5120,847,model.layers.30.self_attn.q_proj.weight,"[5120,5120]",config+architecture,"AWQ changes physical storage, not logical MNK"
models--Qwen--Qwen2.5-Coder-32B-Instruct-AWQ,849,decode_step,30,model.layers.30.self_attn.k_proj,linear,,B,1024,5120,847,model.layers.30.self_attn.k_proj.weight,"[1024,5120]",config+architecture,"AWQ changes physical storage, not logical MNK"
models--Qwen--Qwen2.5-Coder-32B-Instruct-AWQ,850,decode_step,30,model.layers.30.self_attn.v_proj,linear,,B,1024,5120,847,model.layers.30.self_attn.v_proj.weight,"[1024,5120]",config+architecture,"AWQ changes physical storage, not logical MNK"
models--Qwen--Qwen2.5-Coder-32B-Instruct-AWQ,851,decode_step,30,model.layers.30.self_attn.qk,batched_matmul,B*QH,1,KV,128,848;849,,,config+architecture,"GQA QH=40, KVH=8; effective KV may be capped by sliding_window=131072"
models--Qwen--Qwen2.5-Coder-32B-Instruct-AWQ,852,decode_step,30,model.layers.30.self_attn.pv,batched_matmul,B*QH,1,128,KV,851;850,,,config+architecture,softmax/mask is a non-matmul dependency bridge
models--Qwen--Qwen2.5-Coder-32B-Instruct-AWQ,853,decode_step,30,model.layers.30.self_attn.o_proj,linear,,B,5120,5120,852,model.layers.30.self_attn.o_proj.weight,"[5120,5120]",config+architecture,"AWQ changes physical storage, not logical MNK"
models--Qwen--Qwen2.5-Coder-32B-Instruct-AWQ,854,decode_step,30,model.layers.30.mlp.gate_proj,linear,,B,27648,5120,853,model.layers.30.mlp.gate_proj.weight,"[27648,5120]",config+architecture,"AWQ changes physical storage, not logical MNK"
models--Qwen--Qwen2.5-Coder-32B-Instruct-AWQ,855,decode_step,30,model.layers.30.mlp.up_proj,linear,,B,27648,5120,853,model.layers.30.mlp.up_proj.weight,"[27648,5120]",config+architecture,"AWQ changes physical storage, not logical MNK"
models--Qwen--Qwen2.5-Coder-32B-Instruct-AWQ,856,decode_step,30,model.layers.30.mlp.down_proj,linear,,B,5120,27648,854;855,model.layers.30.mlp.down_proj.weight,"[5120,27648]",config+architecture,"SiLU(gate)*up precedes this GEMM; AWQ changes physical storage, not logical MNK"
models--Qwen--Qwen2.5-Coder-32B-Instruct-AWQ,857,decode_step,31,model.layers.31.self_attn.q_proj,linear,,B,5120,5120,856,model.layers.31.self_attn.q_proj.weight,"[5120,5120]",config+architecture,"AWQ changes physical storage, not logical MNK"
models--Qwen--Qwen2.5-Coder-32B-Instruct-AWQ,858,decode_step,31,model.layers.31.self_attn.k_proj,linear,,B,1024,5120,856,model.layers.31.self_attn.k_proj.weight,"[1024,5120]",config+architecture,"AWQ changes physical storage, not logical MNK"
models--Qwen--Qwen2.5-Coder-32B-Instruct-AWQ,859,decode_step,31,model.layers.31.self_attn.v_proj,linear,,B,1024,5120,856,model.layers.31.self_attn.v_proj.weight,"[1024,5120]",config+architecture,"AWQ changes physical storage, not logical MNK"
models--Qwen--Qwen2.5-Coder-32B-Instruct-AWQ,860,decode_step,31,model.layers.31.self_attn.qk,batched_matmul,B*QH,1,KV,128,857;858,,,config+architecture,"GQA QH=40, KVH=8; effective KV may be capped by sliding_window=131072"
models--Qwen--Qwen2.5-Coder-32B-Instruct-AWQ,861,decode_step,31,model.layers.31.self_attn.pv,batched_matmul,B*QH,1,128,KV,860;859,,,config+architecture,softmax/mask is a non-matmul dependency bridge
models--Qwen--Qwen2.5-Coder-32B-Instruct-AWQ,862,decode_step,31,model.layers.31.self_attn.o_proj,linear,,B,5120,5120,861,model.layers.31.self_attn.o_proj.weight,"[5120,5120]",config+architecture,"AWQ changes physical storage, not logical MNK"
models--Qwen--Qwen2.5-Coder-32B-Instruct-AWQ,863,decode_step,31,model.layers.31.mlp.gate_proj,linear,,B,27648,5120,862,model.layers.31.mlp.gate_proj.weight,"[27648,5120]",config+architecture,"AWQ changes physical storage, not logical MNK"
models--Qwen--Qwen2.5-Coder-32B-Instruct-AWQ,864,decode_step,31,model.layers.31.mlp.up_proj,linear,,B,27648,5120,862,model.layers.31.mlp.up_proj.weight,"[27648,5120]",config+architecture,"AWQ changes physical storage, not logical MNK"
models--Qwen--Qwen2.5-Coder-32B-Instruct-AWQ,865,decode_step,31,model.layers.31.mlp.down_proj,linear,,B,5120,27648,863;864,model.layers.31.mlp.down_proj.weight,"[5120,27648]",config+architecture,"SiLU(gate)*up precedes this GEMM; AWQ changes physical storage, not logical MNK"
models--Qwen--Qwen2.5-Coder-32B-Instruct-AWQ,866,decode_step,32,model.layers.32.self_attn.q_proj,linear,,B,5120,5120,865,model.layers.32.self_attn.q_proj.weight,"[5120,5120]",config+architecture,"AWQ changes physical storage, not logical MNK"
models--Qwen--Qwen2.5-Coder-32B-Instruct-AWQ,867,decode_step,32,model.layers.32.self_attn.k_proj,linear,,B,1024,5120,865,model.layers.32.self_attn.k_proj.weight,"[1024,5120]",config+architecture,"AWQ changes physical storage, not logical MNK"
models--Qwen--Qwen2.5-Coder-32B-Instruct-AWQ,868,decode_step,32,model.layers.32.self_attn.v_proj,linear,,B,1024,5120,865,model.layers.32.self_attn.v_proj.weight,"[1024,5120]",config+architecture,"AWQ changes physical storage, not logical MNK"
models--Qwen--Qwen2.5-Coder-32B-Instruct-AWQ,869,decode_step,32,model.layers.32.self_attn.qk,batched_matmul,B*QH,1,KV,128,866;867,,,config+architecture,"GQA QH=40, KVH=8; effective KV may be capped by sliding_window=131072"
models--Qwen--Qwen2.5-Coder-32B-Instruct-AWQ,870,decode_step,32,model.layers.32.self_attn.pv,batched_matmul,B*QH,1,128,KV,869;868,,,config+architecture,softmax/mask is a non-matmul dependency bridge
models--Qwen--Qwen2.5-Coder-32B-Instruct-AWQ,871,decode_step,32,model.layers.32.self_attn.o_proj,linear,,B,5120,5120,870,model.layers.32.self_attn.o_proj.weight,"[5120,5120]",config+architecture,"AWQ changes physical storage, not logical MNK"
models--Qwen--Qwen2.5-Coder-32B-Instruct-AWQ,872,decode_step,32,model.layers.32.mlp.gate_proj,linear,,B,27648,5120,871,model.layers.32.mlp.gate_proj.weight,"[27648,5120]",config+architecture,"AWQ changes physical storage, not logical MNK"
models--Qwen--Qwen2.5-Coder-32B-Instruct-AWQ,873,decode_step,32,model.layers.32.mlp.up_proj,linear,,B,27648,5120,871,model.layers.32.mlp.up_proj.weight,"[27648,5120]",config+architecture,"AWQ changes physical storage, not logical MNK"
models--Qwen--Qwen2.5-Coder-32B-Instruct-AWQ,874,decode_step,32,model.layers.32.mlp.down_proj,linear,,B,5120,27648,872;873,model.layers.32.mlp.down_proj.weight,"[5120,27648]",config+architecture,"SiLU(gate)*up precedes this GEMM; AWQ changes physical storage, not logical MNK"
models--Qwen--Qwen2.5-Coder-32B-Instruct-AWQ,875,decode_step,33,model.layers.33.self_attn.q_proj,linear,,B,5120,5120,874,model.layers.33.self_attn.q_proj.weight,"[5120,5120]",config+architecture,"AWQ changes physical storage, not logical MNK"
models--Qwen--Qwen2.5-Coder-32B-Instruct-AWQ,876,decode_step,33,model.layers.33.self_attn.k_proj,linear,,B,1024,5120,874,model.layers.33.self_attn.k_proj.weight,"[1024,5120]",config+architecture,"AWQ changes physical storage, not logical MNK"
models--Qwen--Qwen2.5-Coder-32B-Instruct-AWQ,877,decode_step,33,model.layers.33.self_attn.v_proj,linear,,B,1024,5120,874,model.layers.33.self_attn.v_proj.weight,"[1024,5120]",config+architecture,"AWQ changes physical storage, not logical MNK"
models--Qwen--Qwen2.5-Coder-32B-Instruct-AWQ,878,decode_step,33,model.layers.33.self_attn.qk,batched_matmul,B*QH,1,KV,128,875;876,,,config+architecture,"GQA QH=40, KVH=8; effective KV may be capped by sliding_window=131072"
models--Qwen--Qwen2.5-Coder-32B-Instruct-AWQ,879,decode_step,33,model.layers.33.self_attn.pv,batched_matmul,B*QH,1,128,KV,878;877,,,config+architecture,softmax/mask is a non-matmul dependency bridge
models--Qwen--Qwen2.5-Coder-32B-Instruct-AWQ,880,decode_step,33,model.layers.33.self_attn.o_proj,linear,,B,5120,5120,879,model.layers.33.self_attn.o_proj.weight,"[5120,5120]",config+architecture,"AWQ changes physical storage, not logical MNK"
models--Qwen--Qwen2.5-Coder-32B-Instruct-AWQ,881,decode_step,33,model.layers.33.mlp.gate_proj,linear,,B,27648,5120,880,model.layers.33.mlp.gate_proj.weight,"[27648,5120]",config+architecture,"AWQ changes physical storage, not logical MNK"
models--Qwen--Qwen2.5-Coder-32B-Instruct-AWQ,882,decode_step,33,model.layers.33.mlp.up_proj,linear,,B,27648,5120,880,model.layers.33.mlp.up_proj.weight,"[27648,5120]",config+architecture,"AWQ changes physical storage, not logical MNK"
models--Qwen--Qwen2.5-Coder-32B-Instruct-AWQ,883,decode_step,33,model.layers.33.mlp.down_proj,linear,,B,5120,27648,881;882,model.layers.33.mlp.down_proj.weight,"[5120,27648]",config+architecture,"SiLU(gate)*up precedes this GEMM; AWQ changes physical storage, not logical MNK"
models--Qwen--Qwen2.5-Coder-32B-Instruct-AWQ,884,decode_step,34,model.layers.34.self_attn.q_proj,linear,,B,5120,5120,883,model.layers.34.self_attn.q_proj.weight,"[5120,5120]",config+architecture,"AWQ changes physical storage, not logical MNK"
models--Qwen--Qwen2.5-Coder-32B-Instruct-AWQ,885,decode_step,34,model.layers.34.self_attn.k_proj,linear,,B,1024,5120,883,model.layers.34.self_attn.k_proj.weight,"[1024,5120]",config+architecture,"AWQ changes physical storage, not logical MNK"
models--Qwen--Qwen2.5-Coder-32B-Instruct-AWQ,886,decode_step,34,model.layers.34.self_attn.v_proj,linear,,B,1024,5120,883,model.layers.34.self_attn.v_proj.weight,"[1024,5120]",config+architecture,"AWQ changes physical storage, not logical MNK"
models--Qwen--Qwen2.5-Coder-32B-Instruct-AWQ,887,decode_step,34,model.layers.34.self_attn.qk,batched_matmul,B*QH,1,KV,128,884;885,,,config+architecture,"GQA QH=40, KVH=8; effective KV may be capped by sliding_window=131072"
models--Qwen--Qwen2.5-Coder-32B-Instruct-AWQ,888,decode_step,34,model.layers.34.self_attn.pv,batched_matmul,B*QH,1,128,KV,887;886,,,config+architecture,softmax/mask is a non-matmul dependency bridge
models--Qwen--Qwen2.5-Coder-32B-Instruct-AWQ,889,decode_step,34,model.layers.34.self_attn.o_proj,linear,,B,5120,5120,888,model.layers.34.self_attn.o_proj.weight,"[5120,5120]",config+architecture,"AWQ changes physical storage, not logical MNK"
models--Qwen--Qwen2.5-Coder-32B-Instruct-AWQ,890,decode_step,34,model.layers.34.mlp.gate_proj,linear,,B,27648,5120,889,model.layers.34.mlp.gate_proj.weight,"[27648,5120]",config+architecture,"AWQ changes physical storage, not logical MNK"
models--Qwen--Qwen2.5-Coder-32B-Instruct-AWQ,891,decode_step,34,model.layers.34.mlp.up_proj,linear,,B,27648,5120,889,model.layers.34.mlp.up_proj.weight,"[27648,5120]",config+architecture,"AWQ changes physical storage, not logical MNK"
models--Qwen--Qwen2.5-Coder-32B-Instruct-AWQ,892,decode_step,34,model.layers.34.mlp.down_proj,linear,,B,5120,27648,890;891,model.layers.34.mlp.down_proj.weight,"[5120,27648]",config+architecture,"SiLU(gate)*up precedes this GEMM; AWQ changes physical storage, not logical MNK"
models--Qwen--Qwen2.5-Coder-32B-Instruct-AWQ,893,decode_step,35,model.layers.35.self_attn.q_proj,linear,,B,5120,5120,892,model.layers.35.self_attn.q_proj.weight,"[5120,5120]",config+architecture,"AWQ changes physical storage, not logical MNK"
models--Qwen--Qwen2.5-Coder-32B-Instruct-AWQ,894,decode_step,35,model.layers.35.self_attn.k_proj,linear,,B,1024,5120,892,model.layers.35.self_attn.k_proj.weight,"[1024,5120]",config+architecture,"AWQ changes physical storage, not logical MNK"
models--Qwen--Qwen2.5-Coder-32B-Instruct-AWQ,895,decode_step,35,model.layers.35.self_attn.v_proj,linear,,B,1024,5120,892,model.layers.35.self_attn.v_proj.weight,"[1024,5120]",config+architecture,"AWQ changes physical storage, not logical MNK"
models--Qwen--Qwen2.5-Coder-32B-Instruct-AWQ,896,decode_step,35,model.layers.35.self_attn.qk,batched_matmul,B*QH,1,KV,128,893;894,,,config+architecture,"GQA QH=40, KVH=8; effective KV may be capped by sliding_window=131072"
models--Qwen--Qwen2.5-Coder-32B-Instruct-AWQ,897,decode_step,35,model.layers.35.self_attn.pv,batched_matmul,B*QH,1,128,KV,896;895,,,config+architecture,softmax/mask is a non-matmul dependency bridge
models--Qwen--Qwen2.5-Coder-32B-Instruct-AWQ,898,decode_step,35,model.layers.35.self_attn.o_proj,linear,,B,5120,5120,897,model.layers.35.self_attn.o_proj.weight,"[5120,5120]",config+architecture,"AWQ changes physical storage, not logical MNK"
models--Qwen--Qwen2.5-Coder-32B-Instruct-AWQ,899,decode_step,35,model.layers.35.mlp.gate_proj,linear,,B,27648,5120,898,model.layers.35.mlp.gate_proj.weight,"[27648,5120]",config+architecture,"AWQ changes physical storage, not logical MNK"
models--Qwen--Qwen2.5-Coder-32B-Instruct-AWQ,900,decode_step,35,model.layers.35.mlp.up_proj,linear,,B,27648,5120,898,model.layers.35.mlp.up_proj.weight,"[27648,5120]",config+architecture,"AWQ changes physical storage, not logical MNK"
models--Qwen--Qwen2.5-Coder-32B-Instruct-AWQ,901,decode_step,35,model.layers.35.mlp.down_proj,linear,,B,5120,27648,899;900,model.layers.35.mlp.down_proj.weight,"[5120,27648]",config+architecture,"SiLU(gate)*up precedes this GEMM; AWQ changes physical storage, not logical MNK"
models--Qwen--Qwen2.5-Coder-32B-Instruct-AWQ,902,decode_step,36,model.layers.36.self_attn.q_proj,linear,,B,5120,5120,901,model.layers.36.self_attn.q_proj.weight,"[5120,5120]",config+architecture,"AWQ changes physical storage, not logical MNK"
models--Qwen--Qwen2.5-Coder-32B-Instruct-AWQ,903,decode_step,36,model.layers.36.self_attn.k_proj,linear,,B,1024,5120,901,model.layers.36.self_attn.k_proj.weight,"[1024,5120]",config+architecture,"AWQ changes physical storage, not logical MNK"
models--Qwen--Qwen2.5-Coder-32B-Instruct-AWQ,904,decode_step,36,model.layers.36.self_attn.v_proj,linear,,B,1024,5120,901,model.layers.36.self_attn.v_proj.weight,"[1024,5120]",config+architecture,"AWQ changes physical storage, not logical MNK"
models--Qwen--Qwen2.5-Coder-32B-Instruct-AWQ,905,decode_step,36,model.layers.36.self_attn.qk,batched_matmul,B*QH,1,KV,128,902;903,,,config+architecture,"GQA QH=40, KVH=8; effective KV may be capped by sliding_window=131072"
models--Qwen--Qwen2.5-Coder-32B-Instruct-AWQ,906,decode_step,36,model.layers.36.self_attn.pv,batched_matmul,B*QH,1,128,KV,905;904,,,config+architecture,softmax/mask is a non-matmul dependency bridge
models--Qwen--Qwen2.5-Coder-32B-Instruct-AWQ,907,decode_step,36,model.layers.36.self_attn.o_proj,linear,,B,5120,5120,906,model.layers.36.self_attn.o_proj.weight,"[5120,5120]",config+architecture,"AWQ changes physical storage, not logical MNK"
models--Qwen--Qwen2.5-Coder-32B-Instruct-AWQ,908,decode_step,36,model.layers.36.mlp.gate_proj,linear,,B,27648,5120,907,model.layers.36.mlp.gate_proj.weight,"[27648,5120]",config+architecture,"AWQ changes physical storage, not logical MNK"
models--Qwen--Qwen2.5-Coder-32B-Instruct-AWQ,909,decode_step,36,model.layers.36.mlp.up_proj,linear,,B,27648,5120,907,model.layers.36.mlp.up_proj.weight,"[27648,5120]",config+architecture,"AWQ changes physical storage, not logical MNK"
models--Qwen--Qwen2.5-Coder-32B-Instruct-AWQ,910,decode_step,36,model.layers.36.mlp.down_proj,linear,,B,5120,27648,908;909,model.layers.36.mlp.down_proj.weight,"[5120,27648]",config+architecture,"SiLU(gate)*up precedes this GEMM; AWQ changes physical storage, not logical MNK"
models--Qwen--Qwen2.5-Coder-32B-Instruct-AWQ,911,decode_step,37,model.layers.37.self_attn.q_proj,linear,,B,5120,5120,910,model.layers.37.self_attn.q_proj.weight,"[5120,5120]",config+architecture,"AWQ changes physical storage, not logical MNK"
models--Qwen--Qwen2.5-Coder-32B-Instruct-AWQ,912,decode_step,37,model.layers.37.self_attn.k_proj,linear,,B,1024,5120,910,model.layers.37.self_attn.k_proj.weight,"[1024,5120]",config+architecture,"AWQ changes physical storage, not logical MNK"
models--Qwen--Qwen2.5-Coder-32B-Instruct-AWQ,913,decode_step,37,model.layers.37.self_attn.v_proj,linear,,B,1024,5120,910,model.layers.37.self_attn.v_proj.weight,"[1024,5120]",config+architecture,"AWQ changes physical storage, not logical MNK"
models--Qwen--Qwen2.5-Coder-32B-Instruct-AWQ,914,decode_step,37,model.layers.37.self_attn.qk,batched_matmul,B*QH,1,KV,128,911;912,,,config+architecture,"GQA QH=40, KVH=8; effective KV may be capped by sliding_window=131072"
models--Qwen--Qwen2.5-Coder-32B-Instruct-AWQ,915,decode_step,37,model.layers.37.self_attn.pv,batched_matmul,B*QH,1,128,KV,914;913,,,config+architecture,softmax/mask is a non-matmul dependency bridge
models--Qwen--Qwen2.5-Coder-32B-Instruct-AWQ,916,decode_step,37,model.layers.37.self_attn.o_proj,linear,,B,5120,5120,915,model.layers.37.self_attn.o_proj.weight,"[5120,5120]",config+architecture,"AWQ changes physical storage, not logical MNK"
models--Qwen--Qwen2.5-Coder-32B-Instruct-AWQ,917,decode_step,37,model.layers.37.mlp.gate_proj,linear,,B,27648,5120,916,model.layers.37.mlp.gate_proj.weight,"[27648,5120]",config+architecture,"AWQ changes physical storage, not logical MNK"
models--Qwen--Qwen2.5-Coder-32B-Instruct-AWQ,918,decode_step,37,model.layers.37.mlp.up_proj,linear,,B,27648,5120,916,model.layers.37.mlp.up_proj.weight,"[27648,5120]",config+architecture,"AWQ changes physical storage, not logical MNK"
models--Qwen--Qwen2.5-Coder-32B-Instruct-AWQ,919,decode_step,37,model.layers.37.mlp.down_proj,linear,,B,5120,27648,917;918,model.layers.37.mlp.down_proj.weight,"[5120,27648]",config+architecture,"SiLU(gate)*up precedes this GEMM; AWQ changes physical storage, not logical MNK"
models--Qwen--Qwen2.5-Coder-32B-Instruct-AWQ,920,decode_step,38,model.layers.38.self_attn.q_proj,linear,,B,5120,5120,919,model.layers.38.self_attn.q_proj.weight,"[5120,5120]",config+architecture,"AWQ changes physical storage, not logical MNK"
models--Qwen--Qwen2.5-Coder-32B-Instruct-AWQ,921,decode_step,38,model.layers.38.self_attn.k_proj,linear,,B,1024,5120,919,model.layers.38.self_attn.k_proj.weight,"[1024,5120]",config+architecture,"AWQ changes physical storage, not logical MNK"
models--Qwen--Qwen2.5-Coder-32B-Instruct-AWQ,922,decode_step,38,model.layers.38.self_attn.v_proj,linear,,B,1024,5120,919,model.layers.38.self_attn.v_proj.weight,"[1024,5120]",config+architecture,"AWQ changes physical storage, not logical MNK"
models--Qwen--Qwen2.5-Coder-32B-Instruct-AWQ,923,decode_step,38,model.layers.38.self_attn.qk,batched_matmul,B*QH,1,KV,128,920;921,,,config+architecture,"GQA QH=40, KVH=8; effective KV may be capped by sliding_window=131072"
models--Qwen--Qwen2.5-Coder-32B-Instruct-AWQ,924,decode_step,38,model.layers.38.self_attn.pv,batched_matmul,B*QH,1,128,KV,923;922,,,config+architecture,softmax/mask is a non-matmul dependency bridge
models--Qwen--Qwen2.5-Coder-32B-Instruct-AWQ,925,decode_step,38,model.layers.38.self_attn.o_proj,linear,,B,5120,5120,924,model.layers.38.self_attn.o_proj.weight,"[5120,5120]",config+architecture,"AWQ changes physical storage, not logical MNK"
models--Qwen--Qwen2.5-Coder-32B-Instruct-AWQ,926,decode_step,38,model.layers.38.mlp.gate_proj,linear,,B,27648,5120,925,model.layers.38.mlp.gate_proj.weight,"[27648,5120]",config+architecture,"AWQ changes physical storage, not logical MNK"
models--Qwen--Qwen2.5-Coder-32B-Instruct-AWQ,927,decode_step,38,model.layers.38.mlp.up_proj,linear,,B,27648,5120,925,model.layers.38.mlp.up_proj.weight,"[27648,5120]",config+architecture,"AWQ changes physical storage, not logical MNK"
models--Qwen--Qwen2.5-Coder-32B-Instruct-AWQ,928,decode_step,38,model.layers.38.mlp.down_proj,linear,,B,5120,27648,926;927,model.layers.38.mlp.down_proj.weight,"[5120,27648]",config+architecture,"SiLU(gate)*up precedes this GEMM; AWQ changes physical storage, not logical MNK"
models--Qwen--Qwen2.5-Coder-32B-Instruct-AWQ,929,decode_step,39,model.layers.39.self_attn.q_proj,linear,,B,5120,5120,928,model.layers.39.self_attn.q_proj.weight,"[5120,5120]",config+architecture,"AWQ changes physical storage, not logical MNK"
models--Qwen--Qwen2.5-Coder-32B-Instruct-AWQ,930,decode_step,39,model.layers.39.self_attn.k_proj,linear,,B,1024,5120,928,model.layers.39.self_attn.k_proj.weight,"[1024,5120]",config+architecture,"AWQ changes physical storage, not logical MNK"
models--Qwen--Qwen2.5-Coder-32B-Instruct-AWQ,931,decode_step,39,model.layers.39.self_attn.v_proj,linear,,B,1024,5120,928,model.layers.39.self_attn.v_proj.weight,"[1024,5120]",config+architecture,"AWQ changes physical storage, not logical MNK"
models--Qwen--Qwen2.5-Coder-32B-Instruct-AWQ,932,decode_step,39,model.layers.39.self_attn.qk,batched_matmul,B*QH,1,KV,128,929;930,,,config+architecture,"GQA QH=40, KVH=8; effective KV may be capped by sliding_window=131072"
models--Qwen--Qwen2.5-Coder-32B-Instruct-AWQ,933,decode_step,39,model.layers.39.self_attn.pv,batched_matmul,B*QH,1,128,KV,932;931,,,config+architecture,softmax/mask is a non-matmul dependency bridge
models--Qwen--Qwen2.5-Coder-32B-Instruct-AWQ,934,decode_step,39,model.layers.39.self_attn.o_proj,linear,,B,5120,5120,933,model.layers.39.self_attn.o_proj.weight,"[5120,5120]",config+architecture,"AWQ changes physical storage, not logical MNK"
models--Qwen--Qwen2.5-Coder-32B-Instruct-AWQ,935,decode_step,39,model.layers.39.mlp.gate_proj,linear,,B,27648,5120,934,model.layers.39.mlp.gate_proj.weight,"[27648,5120]",config+architecture,"AWQ changes physical storage, not logical MNK"
models--Qwen--Qwen2.5-Coder-32B-Instruct-AWQ,936,decode_step,39,model.layers.39.mlp.up_proj,linear,,B,27648,5120,934,model.layers.39.mlp.up_proj.weight,"[27648,5120]",config+architecture,"AWQ changes physical storage, not logical MNK"
models--Qwen--Qwen2.5-Coder-32B-Instruct-AWQ,937,decode_step,39,model.layers.39.mlp.down_proj,linear,,B,5120,27648,935;936,model.layers.39.mlp.down_proj.weight,"[5120,27648]",config+architecture,"SiLU(gate)*up precedes this GEMM; AWQ changes physical storage, not logical MNK"
models--Qwen--Qwen2.5-Coder-32B-Instruct-AWQ,938,decode_step,40,model.layers.40.self_attn.q_proj,linear,,B,5120,5120,937,model.layers.40.self_attn.q_proj.weight,"[5120,5120]",config+architecture,"AWQ changes physical storage, not logical MNK"
models--Qwen--Qwen2.5-Coder-32B-Instruct-AWQ,939,decode_step,40,model.layers.40.self_attn.k_proj,linear,,B,1024,5120,937,model.layers.40.self_attn.k_proj.weight,"[1024,5120]",config+architecture,"AWQ changes physical storage, not logical MNK"
models--Qwen--Qwen2.5-Coder-32B-Instruct-AWQ,940,decode_step,40,model.layers.40.self_attn.v_proj,linear,,B,1024,5120,937,model.layers.40.self_attn.v_proj.weight,"[1024,5120]",config+architecture,"AWQ changes physical storage, not logical MNK"
models--Qwen--Qwen2.5-Coder-32B-Instruct-AWQ,941,decode_step,40,model.layers.40.self_attn.qk,batched_matmul,B*QH,1,KV,128,938;939,,,config+architecture,"GQA QH=40, KVH=8; effective KV may be capped by sliding_window=131072"
models--Qwen--Qwen2.5-Coder-32B-Instruct-AWQ,942,decode_step,40,model.layers.40.self_attn.pv,batched_matmul,B*QH,1,128,KV,941;940,,,config+architecture,softmax/mask is a non-matmul dependency bridge
models--Qwen--Qwen2.5-Coder-32B-Instruct-AWQ,943,decode_step,40,model.layers.40.self_attn.o_proj,linear,,B,5120,5120,942,model.layers.40.self_attn.o_proj.weight,"[5120,5120]",config+architecture,"AWQ changes physical storage, not logical MNK"
models--Qwen--Qwen2.5-Coder-32B-Instruct-AWQ,944,decode_step,40,model.layers.40.mlp.gate_proj,linear,,B,27648,5120,943,model.layers.40.mlp.gate_proj.weight,"[27648,5120]",config+architecture,"AWQ changes physical storage, not logical MNK"
models--Qwen--Qwen2.5-Coder-32B-Instruct-AWQ,945,decode_step,40,model.layers.40.mlp.up_proj,linear,,B,27648,5120,943,model.layers.40.mlp.up_proj.weight,"[27648,5120]",config+architecture,"AWQ changes physical storage, not logical MNK"
models--Qwen--Qwen2.5-Coder-32B-Instruct-AWQ,946,decode_step,40,model.layers.40.mlp.down_proj,linear,,B,5120,27648,944;945,model.layers.40.mlp.down_proj.weight,"[5120,27648]",config+architecture,"SiLU(gate)*up precedes this GEMM; AWQ changes physical storage, not logical MNK"
models--Qwen--Qwen2.5-Coder-32B-Instruct-AWQ,947,decode_step,41,model.layers.41.self_attn.q_proj,linear,,B,5120,5120,946,model.layers.41.self_attn.q_proj.weight,"[5120,5120]",config+architecture,"AWQ changes physical storage, not logical MNK"
models--Qwen--Qwen2.5-Coder-32B-Instruct-AWQ,948,decode_step,41,model.layers.41.self_attn.k_proj,linear,,B,1024,5120,946,model.layers.41.self_attn.k_proj.weight,"[1024,5120]",config+architecture,"AWQ changes physical storage, not logical MNK"
models--Qwen--Qwen2.5-Coder-32B-Instruct-AWQ,949,decode_step,41,model.layers.41.self_attn.v_proj,linear,,B,1024,5120,946,model.layers.41.self_attn.v_proj.weight,"[1024,5120]",config+architecture,"AWQ changes physical storage, not logical MNK"
models--Qwen--Qwen2.5-Coder-32B-Instruct-AWQ,950,decode_step,41,model.layers.41.self_attn.qk,batched_matmul,B*QH,1,KV,128,947;948,,,config+architecture,"GQA QH=40, KVH=8; effective KV may be capped by sliding_window=131072"
models--Qwen--Qwen2.5-Coder-32B-Instruct-AWQ,951,decode_step,41,model.layers.41.self_attn.pv,batched_matmul,B*QH,1,128,KV,950;949,,,config+architecture,softmax/mask is a non-matmul dependency bridge
models--Qwen--Qwen2.5-Coder-32B-Instruct-AWQ,952,decode_step,41,model.layers.41.self_attn.o_proj,linear,,B,5120,5120,951,model.layers.41.self_attn.o_proj.weight,"[5120,5120]",config+architecture,"AWQ changes physical storage, not logical MNK"
models--Qwen--Qwen2.5-Coder-32B-Instruct-AWQ,953,decode_step,41,model.layers.41.mlp.gate_proj,linear,,B,27648,5120,952,model.layers.41.mlp.gate_proj.weight,"[27648,5120]",config+architecture,"AWQ changes physical storage, not logical MNK"
models--Qwen--Qwen2.5-Coder-32B-Instruct-AWQ,954,decode_step,41,model.layers.41.mlp.up_proj,linear,,B,27648,5120,952,model.layers.41.mlp.up_proj.weight,"[27648,5120]",config+architecture,"AWQ changes physical storage, not logical MNK"
models--Qwen--Qwen2.5-Coder-32B-Instruct-AWQ,955,decode_step,41,model.layers.41.mlp.down_proj,linear,,B,5120,27648,953;954,model.layers.41.mlp.down_proj.weight,"[5120,27648]",config+architecture,"SiLU(gate)*up precedes this GEMM; AWQ changes physical storage, not logical MNK"
models--Qwen--Qwen2.5-Coder-32B-Instruct-AWQ,956,decode_step,42,model.layers.42.self_attn.q_proj,linear,,B,5120,5120,955,model.layers.42.self_attn.q_proj.weight,"[5120,5120]",config+architecture,"AWQ changes physical storage, not logical MNK"
models--Qwen--Qwen2.5-Coder-32B-Instruct-AWQ,957,decode_step,42,model.layers.42.self_attn.k_proj,linear,,B,1024,5120,955,model.layers.42.self_attn.k_proj.weight,"[1024,5120]",config+architecture,"AWQ changes physical storage, not logical MNK"
models--Qwen--Qwen2.5-Coder-32B-Instruct-AWQ,958,decode_step,42,model.layers.42.self_attn.v_proj,linear,,B,1024,5120,955,model.layers.42.self_attn.v_proj.weight,"[1024,5120]",config+architecture,"AWQ changes physical storage, not logical MNK"
models--Qwen--Qwen2.5-Coder-32B-Instruct-AWQ,959,decode_step,42,model.layers.42.self_attn.qk,batched_matmul,B*QH,1,KV,128,956;957,,,config+architecture,"GQA QH=40, KVH=8; effective KV may be capped by sliding_window=131072"
models--Qwen--Qwen2.5-Coder-32B-Instruct-AWQ,960,decode_step,42,model.layers.42.self_attn.pv,batched_matmul,B*QH,1,128,KV,959;958,,,config+architecture,softmax/mask is a non-matmul dependency bridge
models--Qwen--Qwen2.5-Coder-32B-Instruct-AWQ,961,decode_step,42,model.layers.42.self_attn.o_proj,linear,,B,5120,5120,960,model.layers.42.self_attn.o_proj.weight,"[5120,5120]",config+architecture,"AWQ changes physical storage, not logical MNK"
models--Qwen--Qwen2.5-Coder-32B-Instruct-AWQ,962,decode_step,42,model.layers.42.mlp.gate_proj,linear,,B,27648,5120,961,model.layers.42.mlp.gate_proj.weight,"[27648,5120]",config+architecture,"AWQ changes physical storage, not logical MNK"
models--Qwen--Qwen2.5-Coder-32B-Instruct-AWQ,963,decode_step,42,model.layers.42.mlp.up_proj,linear,,B,27648,5120,961,model.layers.42.mlp.up_proj.weight,"[27648,5120]",config+architecture,"AWQ changes physical storage, not logical MNK"
models--Qwen--Qwen2.5-Coder-32B-Instruct-AWQ,964,decode_step,42,model.layers.42.mlp.down_proj,linear,,B,5120,27648,962;963,model.layers.42.mlp.down_proj.weight,"[5120,27648]",config+architecture,"SiLU(gate)*up precedes this GEMM; AWQ changes physical storage, not logical MNK"
models--Qwen--Qwen2.5-Coder-32B-Instruct-AWQ,965,decode_step,43,model.layers.43.self_attn.q_proj,linear,,B,5120,5120,964,model.layers.43.self_attn.q_proj.weight,"[5120,5120]",config+architecture,"AWQ changes physical storage, not logical MNK"
models--Qwen--Qwen2.5-Coder-32B-Instruct-AWQ,966,decode_step,43,model.layers.43.self_attn.k_proj,linear,,B,1024,5120,964,model.layers.43.self_attn.k_proj.weight,"[1024,5120]",config+architecture,"AWQ changes physical storage, not logical MNK"
models--Qwen--Qwen2.5-Coder-32B-Instruct-AWQ,967,decode_step,43,model.layers.43.self_attn.v_proj,linear,,B,1024,5120,964,model.layers.43.self_attn.v_proj.weight,"[1024,5120]",config+architecture,"AWQ changes physical storage, not logical MNK"
models--Qwen--Qwen2.5-Coder-32B-Instruct-AWQ,968,decode_step,43,model.layers.43.self_attn.qk,batched_matmul,B*QH,1,KV,128,965;966,,,config+architecture,"GQA QH=40, KVH=8; effective KV may be capped by sliding_window=131072"
models--Qwen--Qwen2.5-Coder-32B-Instruct-AWQ,969,decode_step,43,model.layers.43.self_attn.pv,batched_matmul,B*QH,1,128,KV,968;967,,,config+architecture,softmax/mask is a non-matmul dependency bridge
models--Qwen--Qwen2.5-Coder-32B-Instruct-AWQ,970,decode_step,43,model.layers.43.self_attn.o_proj,linear,,B,5120,5120,969,model.layers.43.self_attn.o_proj.weight,"[5120,5120]",config+architecture,"AWQ changes physical storage, not logical MNK"
models--Qwen--Qwen2.5-Coder-32B-Instruct-AWQ,971,decode_step,43,model.layers.43.mlp.gate_proj,linear,,B,27648,5120,970,model.layers.43.mlp.gate_proj.weight,"[27648,5120]",config+architecture,"AWQ changes physical storage, not logical MNK"
models--Qwen--Qwen2.5-Coder-32B-Instruct-AWQ,972,decode_step,43,model.layers.43.mlp.up_proj,linear,,B,27648,5120,970,model.layers.43.mlp.up_proj.weight,"[27648,5120]",config+architecture,"AWQ changes physical storage, not logical MNK"
models--Qwen--Qwen2.5-Coder-32B-Instruct-AWQ,973,decode_step,43,model.layers.43.mlp.down_proj,linear,,B,5120,27648,971;972,model.layers.43.mlp.down_proj.weight,"[5120,27648]",config+architecture,"SiLU(gate)*up precedes this GEMM; AWQ changes physical storage, not logical MNK"
models--Qwen--Qwen2.5-Coder-32B-Instruct-AWQ,974,decode_step,44,model.layers.44.self_attn.q_proj,linear,,B,5120,5120,973,model.layers.44.self_attn.q_proj.weight,"[5120,5120]",config+architecture,"AWQ changes physical storage, not logical MNK"
models--Qwen--Qwen2.5-Coder-32B-Instruct-AWQ,975,decode_step,44,model.layers.44.self_attn.k_proj,linear,,B,1024,5120,973,model.layers.44.self_attn.k_proj.weight,"[1024,5120]",config+architecture,"AWQ changes physical storage, not logical MNK"
models--Qwen--Qwen2.5-Coder-32B-Instruct-AWQ,976,decode_step,44,model.layers.44.self_attn.v_proj,linear,,B,1024,5120,973,model.layers.44.self_attn.v_proj.weight,"[1024,5120]",config+architecture,"AWQ changes physical storage, not logical MNK"
models--Qwen--Qwen2.5-Coder-32B-Instruct-AWQ,977,decode_step,44,model.layers.44.self_attn.qk,batched_matmul,B*QH,1,KV,128,974;975,,,config+architecture,"GQA QH=40, KVH=8; effective KV may be capped by sliding_window=131072"
models--Qwen--Qwen2.5-Coder-32B-Instruct-AWQ,978,decode_step,44,model.layers.44.self_attn.pv,batched_matmul,B*QH,1,128,KV,977;976,,,config+architecture,softmax/mask is a non-matmul dependency bridge
models--Qwen--Qwen2.5-Coder-32B-Instruct-AWQ,979,decode_step,44,model.layers.44.self_attn.o_proj,linear,,B,5120,5120,978,model.layers.44.self_attn.o_proj.weight,"[5120,5120]",config+architecture,"AWQ changes physical storage, not logical MNK"
models--Qwen--Qwen2.5-Coder-32B-Instruct-AWQ,980,decode_step,44,model.layers.44.mlp.gate_proj,linear,,B,27648,5120,979,model.layers.44.mlp.gate_proj.weight,"[27648,5120]",config+architecture,"AWQ changes physical storage, not logical MNK"
models--Qwen--Qwen2.5-Coder-32B-Instruct-AWQ,981,decode_step,44,model.layers.44.mlp.up_proj,linear,,B,27648,5120,979,model.layers.44.mlp.up_proj.weight,"[27648,5120]",config+architecture,"AWQ changes physical storage, not logical MNK"
models--Qwen--Qwen2.5-Coder-32B-Instruct-AWQ,982,decode_step,44,model.layers.44.mlp.down_proj,linear,,B,5120,27648,980;981,model.layers.44.mlp.down_proj.weight,"[5120,27648]",config+architecture,"SiLU(gate)*up precedes this GEMM; AWQ changes physical storage, not logical MNK"
models--Qwen--Qwen2.5-Coder-32B-Instruct-AWQ,983,decode_step,45,model.layers.45.self_attn.q_proj,linear,,B,5120,5120,982,model.layers.45.self_attn.q_proj.weight,"[5120,5120]",config+architecture,"AWQ changes physical storage, not logical MNK"
models--Qwen--Qwen2.5-Coder-32B-Instruct-AWQ,984,decode_step,45,model.layers.45.self_attn.k_proj,linear,,B,1024,5120,982,model.layers.45.self_attn.k_proj.weight,"[1024,5120]",config+architecture,"AWQ changes physical storage, not logical MNK"
models--Qwen--Qwen2.5-Coder-32B-Instruct-AWQ,985,decode_step,45,model.layers.45.self_attn.v_proj,linear,,B,1024,5120,982,model.layers.45.self_attn.v_proj.weight,"[1024,5120]",config+architecture,"AWQ changes physical storage, not logical MNK"
models--Qwen--Qwen2.5-Coder-32B-Instruct-AWQ,986,decode_step,45,model.layers.45.self_attn.qk,batched_matmul,B*QH,1,KV,128,983;984,,,config+architecture,"GQA QH=40, KVH=8; effective KV may be capped by sliding_window=131072"
models--Qwen--Qwen2.5-Coder-32B-Instruct-AWQ,987,decode_step,45,model.layers.45.self_attn.pv,batched_matmul,B*QH,1,128,KV,986;985,,,config+architecture,softmax/mask is a non-matmul dependency bridge
models--Qwen--Qwen2.5-Coder-32B-Instruct-AWQ,988,decode_step,45,model.layers.45.self_attn.o_proj,linear,,B,5120,5120,987,model.layers.45.self_attn.o_proj.weight,"[5120,5120]",config+architecture,"AWQ changes physical storage, not logical MNK"
models--Qwen--Qwen2.5-Coder-32B-Instruct-AWQ,989,decode_step,45,model.layers.45.mlp.gate_proj,linear,,B,27648,5120,988,model.layers.45.mlp.gate_proj.weight,"[27648,5120]",config+architecture,"AWQ changes physical storage, not logical MNK"
models--Qwen--Qwen2.5-Coder-32B-Instruct-AWQ,990,decode_step,45,model.layers.45.mlp.up_proj,linear,,B,27648,5120,988,model.layers.45.mlp.up_proj.weight,"[27648,5120]",config+architecture,"AWQ changes physical storage, not logical MNK"
models--Qwen--Qwen2.5-Coder-32B-Instruct-AWQ,991,decode_step,45,model.layers.45.mlp.down_proj,linear,,B,5120,27648,989;990,model.layers.45.mlp.down_proj.weight,"[5120,27648]",config+architecture,"SiLU(gate)*up precedes this GEMM; AWQ changes physical storage, not logical MNK"
models--Qwen--Qwen2.5-Coder-32B-Instruct-AWQ,992,decode_step,46,model.layers.46.self_attn.q_proj,linear,,B,5120,5120,991,model.layers.46.self_attn.q_proj.weight,"[5120,5120]",config+architecture,"AWQ changes physical storage, not logical MNK"
models--Qwen--Qwen2.5-Coder-32B-Instruct-AWQ,993,decode_step,46,model.layers.46.self_attn.k_proj,linear,,B,1024,5120,991,model.layers.46.self_attn.k_proj.weight,"[1024,5120]",config+architecture,"AWQ changes physical storage, not logical MNK"
models--Qwen--Qwen2.5-Coder-32B-Instruct-AWQ,994,decode_step,46,model.layers.46.self_attn.v_proj,linear,,B,1024,5120,991,model.layers.46.self_attn.v_proj.weight,"[1024,5120]",config+architecture,"AWQ changes physical storage, not logical MNK"
models--Qwen--Qwen2.5-Coder-32B-Instruct-AWQ,995,decode_step,46,model.layers.46.self_attn.qk,batched_matmul,B*QH,1,KV,128,992;993,,,config+architecture,"GQA QH=40, KVH=8; effective KV may be capped by sliding_window=131072"
models--Qwen--Qwen2.5-Coder-32B-Instruct-AWQ,996,decode_step,46,model.layers.46.self_attn.pv,batched_matmul,B*QH,1,128,KV,995;994,,,config+architecture,softmax/mask is a non-matmul dependency bridge
models--Qwen--Qwen2.5-Coder-32B-Instruct-AWQ,997,decode_step,46,model.layers.46.self_attn.o_proj,linear,,B,5120,5120,996,model.layers.46.self_attn.o_proj.weight,"[5120,5120]",config+architecture,"AWQ changes physical storage, not logical MNK"
models--Qwen--Qwen2.5-Coder-32B-Instruct-AWQ,998,decode_step,46,model.layers.46.mlp.gate_proj,linear,,B,27648,5120,997,model.layers.46.mlp.gate_proj.weight,"[27648,5120]",config+architecture,"AWQ changes physical storage, not logical MNK"
models--Qwen--Qwen2.5-Coder-32B-Instruct-AWQ,999,decode_step,46,model.layers.46.mlp.up_proj,linear,,B,27648,5120,997,model.layers.46.mlp.up_proj.weight,"[27648,5120]",config+architecture,"AWQ changes physical storage, not logical MNK"
models--Qwen--Qwen2.5-Coder-32B-Instruct-AWQ,1000,decode_step,46,model.layers.46.mlp.down_proj,linear,,B,5120,27648,998;999,model.layers.46.mlp.down_proj.weight,"[5120,27648]",config+architecture,"SiLU(gate)*up precedes this GEMM; AWQ changes physical storage, not logical MNK"
models--Qwen--Qwen2.5-Coder-32B-Instruct-AWQ,1001,decode_step,47,model.layers.47.self_attn.q_proj,linear,,B,5120,5120,1000,model.layers.47.self_attn.q_proj.weight,"[5120,5120]",config+architecture,"AWQ changes physical storage, not logical MNK"
models--Qwen--Qwen2.5-Coder-32B-Instruct-AWQ,1002,decode_step,47,model.layers.47.self_attn.k_proj,linear,,B,1024,5120,1000,model.layers.47.self_attn.k_proj.weight,"[1024,5120]",config+architecture,"AWQ changes physical storage, not logical MNK"
models--Qwen--Qwen2.5-Coder-32B-Instruct-AWQ,1003,decode_step,47,model.layers.47.self_attn.v_proj,linear,,B,1024,5120,1000,model.layers.47.self_attn.v_proj.weight,"[1024,5120]",config+architecture,"AWQ changes physical storage, not logical MNK"
models--Qwen--Qwen2.5-Coder-32B-Instruct-AWQ,1004,decode_step,47,model.layers.47.self_attn.qk,batched_matmul,B*QH,1,KV,128,1001;1002,,,config+architecture,"GQA QH=40, KVH=8; effective KV may be capped by sliding_window=131072"
models--Qwen--Qwen2.5-Coder-32B-Instruct-AWQ,1005,decode_step,47,model.layers.47.self_attn.pv,batched_matmul,B*QH,1,128,KV,1004;1003,,,config+architecture,softmax/mask is a non-matmul dependency bridge
models--Qwen--Qwen2.5-Coder-32B-Instruct-AWQ,1006,decode_step,47,model.layers.47.self_attn.o_proj,linear,,B,5120,5120,1005,model.layers.47.self_attn.o_proj.weight,"[5120,5120]",config+architecture,"AWQ changes physical storage, not logical MNK"
models--Qwen--Qwen2.5-Coder-32B-Instruct-AWQ,1007,decode_step,47,model.layers.47.mlp.gate_proj,linear,,B,27648,5120,1006,model.layers.47.mlp.gate_proj.weight,"[27648,5120]",config+architecture,"AWQ changes physical storage, not logical MNK"
models--Qwen--Qwen2.5-Coder-32B-Instruct-AWQ,1008,decode_step,47,model.layers.47.mlp.up_proj,linear,,B,27648,5120,1006,model.layers.47.mlp.up_proj.weight,"[27648,5120]",config+architecture,"AWQ changes physical storage, not logical MNK"
models--Qwen--Qwen2.5-Coder-32B-Instruct-AWQ,1009,decode_step,47,model.layers.47.mlp.down_proj,linear,,B,5120,27648,1007;1008,model.layers.47.mlp.down_proj.weight,"[5120,27648]",config+architecture,"SiLU(gate)*up precedes this GEMM; AWQ changes physical storage, not logical MNK"
models--Qwen--Qwen2.5-Coder-32B-Instruct-AWQ,1010,decode_step,48,model.layers.48.self_attn.q_proj,linear,,B,5120,5120,1009,model.layers.48.self_attn.q_proj.weight,"[5120,5120]",config+architecture,"AWQ changes physical storage, not logical MNK"
models--Qwen--Qwen2.5-Coder-32B-Instruct-AWQ,1011,decode_step,48,model.layers.48.self_attn.k_proj,linear,,B,1024,5120,1009,model.layers.48.self_attn.k_proj.weight,"[1024,5120]",config+architecture,"AWQ changes physical storage, not logical MNK"
models--Qwen--Qwen2.5-Coder-32B-Instruct-AWQ,1012,decode_step,48,model.layers.48.self_attn.v_proj,linear,,B,1024,5120,1009,model.layers.48.self_attn.v_proj.weight,"[1024,5120]",config+architecture,"AWQ changes physical storage, not logical MNK"
models--Qwen--Qwen2.5-Coder-32B-Instruct-AWQ,1013,decode_step,48,model.layers.48.self_attn.qk,batched_matmul,B*QH,1,KV,128,1010;1011,,,config+architecture,"GQA QH=40, KVH=8; effective KV may be capped by sliding_window=131072"
models--Qwen--Qwen2.5-Coder-32B-Instruct-AWQ,1014,decode_step,48,model.layers.48.self_attn.pv,batched_matmul,B*QH,1,128,KV,1013;1012,,,config+architecture,softmax/mask is a non-matmul dependency bridge
models--Qwen--Qwen2.5-Coder-32B-Instruct-AWQ,1015,decode_step,48,model.layers.48.self_attn.o_proj,linear,,B,5120,5120,1014,model.layers.48.self_attn.o_proj.weight,"[5120,5120]",config+architecture,"AWQ changes physical storage, not logical MNK"
models--Qwen--Qwen2.5-Coder-32B-Instruct-AWQ,1016,decode_step,48,model.layers.48.mlp.gate_proj,linear,,B,27648,5120,1015,model.layers.48.mlp.gate_proj.weight,"[27648,5120]",config+architecture,"AWQ changes physical storage, not logical MNK"
models--Qwen--Qwen2.5-Coder-32B-Instruct-AWQ,1017,decode_step,48,model.layers.48.mlp.up_proj,linear,,B,27648,5120,1015,model.layers.48.mlp.up_proj.weight,"[27648,5120]",config+architecture,"AWQ changes physical storage, not logical MNK"
models--Qwen--Qwen2.5-Coder-32B-Instruct-AWQ,1018,decode_step,48,model.layers.48.mlp.down_proj,linear,,B,5120,27648,1016;1017,model.layers.48.mlp.down_proj.weight,"[5120,27648]",config+architecture,"SiLU(gate)*up precedes this GEMM; AWQ changes physical storage, not logical MNK"
models--Qwen--Qwen2.5-Coder-32B-Instruct-AWQ,1019,decode_step,49,model.layers.49.self_attn.q_proj,linear,,B,5120,5120,1018,model.layers.49.self_attn.q_proj.weight,"[5120,5120]",config+architecture,"AWQ changes physical storage, not logical MNK"
models--Qwen--Qwen2.5-Coder-32B-Instruct-AWQ,1020,decode_step,49,model.layers.49.self_attn.k_proj,linear,,B,1024,5120,1018,model.layers.49.self_attn.k_proj.weight,"[1024,5120]",config+architecture,"AWQ changes physical storage, not logical MNK"
models--Qwen--Qwen2.5-Coder-32B-Instruct-AWQ,1021,decode_step,49,model.layers.49.self_attn.v_proj,linear,,B,1024,5120,1018,model.layers.49.self_attn.v_proj.weight,"[1024,5120]",config+architecture,"AWQ changes physical storage, not logical MNK"
models--Qwen--Qwen2.5-Coder-32B-Instruct-AWQ,1022,decode_step,49,model.layers.49.self_attn.qk,batched_matmul,B*QH,1,KV,128,1019;1020,,,config+architecture,"GQA QH=40, KVH=8; effective KV may be capped by sliding_window=131072"
models--Qwen--Qwen2.5-Coder-32B-Instruct-AWQ,1023,decode_step,49,model.layers.49.self_attn.pv,batched_matmul,B*QH,1,128,KV,1022;1021,,,config+architecture,softmax/mask is a non-matmul dependency bridge
models--Qwen--Qwen2.5-Coder-32B-Instruct-AWQ,1024,decode_step,49,model.layers.49.self_attn.o_proj,linear,,B,5120,5120,1023,model.layers.49.self_attn.o_proj.weight,"[5120,5120]",config+architecture,"AWQ changes physical storage, not logical MNK"
models--Qwen--Qwen2.5-Coder-32B-Instruct-AWQ,1025,decode_step,49,model.layers.49.mlp.gate_proj,linear,,B,27648,5120,1024,model.layers.49.mlp.gate_proj.weight,"[27648,5120]",config+architecture,"AWQ changes physical storage, not logical MNK"
models--Qwen--Qwen2.5-Coder-32B-Instruct-AWQ,1026,decode_step,49,model.layers.49.mlp.up_proj,linear,,B,27648,5120,1024,model.layers.49.mlp.up_proj.weight,"[27648,5120]",config+architecture,"AWQ changes physical storage, not logical MNK"
models--Qwen--Qwen2.5-Coder-32B-Instruct-AWQ,1027,decode_step,49,model.layers.49.mlp.down_proj,linear,,B,5120,27648,1025;1026,model.layers.49.mlp.down_proj.weight,"[5120,27648]",config+architecture,"SiLU(gate)*up precedes this GEMM; AWQ changes physical storage, not logical MNK"
models--Qwen--Qwen2.5-Coder-32B-Instruct-AWQ,1028,decode_step,50,model.layers.50.self_attn.q_proj,linear,,B,5120,5120,1027,model.layers.50.self_attn.q_proj.weight,"[5120,5120]",config+architecture,"AWQ changes physical storage, not logical MNK"
models--Qwen--Qwen2.5-Coder-32B-Instruct-AWQ,1029,decode_step,50,model.layers.50.self_attn.k_proj,linear,,B,1024,5120,1027,model.layers.50.self_attn.k_proj.weight,"[1024,5120]",config+architecture,"AWQ changes physical storage, not logical MNK"
models--Qwen--Qwen2.5-Coder-32B-Instruct-AWQ,1030,decode_step,50,model.layers.50.self_attn.v_proj,linear,,B,1024,5120,1027,model.layers.50.self_attn.v_proj.weight,"[1024,5120]",config+architecture,"AWQ changes physical storage, not logical MNK"
models--Qwen--Qwen2.5-Coder-32B-Instruct-AWQ,1031,decode_step,50,model.layers.50.self_attn.qk,batched_matmul,B*QH,1,KV,128,1028;1029,,,config+architecture,"GQA QH=40, KVH=8; effective KV may be capped by sliding_window=131072"
models--Qwen--Qwen2.5-Coder-32B-Instruct-AWQ,1032,decode_step,50,model.layers.50.self_attn.pv,batched_matmul,B*QH,1,128,KV,1031;1030,,,config+architecture,softmax/mask is a non-matmul dependency bridge
models--Qwen--Qwen2.5-Coder-32B-Instruct-AWQ,1033,decode_step,50,model.layers.50.self_attn.o_proj,linear,,B,5120,5120,1032,model.layers.50.self_attn.o_proj.weight,"[5120,5120]",config+architecture,"AWQ changes physical storage, not logical MNK"
models--Qwen--Qwen2.5-Coder-32B-Instruct-AWQ,1034,decode_step,50,model.layers.50.mlp.gate_proj,linear,,B,27648,5120,1033,model.layers.50.mlp.gate_proj.weight,"[27648,5120]",config+architecture,"AWQ changes physical storage, not logical MNK"
models--Qwen--Qwen2.5-Coder-32B-Instruct-AWQ,1035,decode_step,50,model.layers.50.mlp.up_proj,linear,,B,27648,5120,1033,model.layers.50.mlp.up_proj.weight,"[27648,5120]",config+architecture,"AWQ changes physical storage, not logical MNK"
models--Qwen--Qwen2.5-Coder-32B-Instruct-AWQ,1036,decode_step,50,model.layers.50.mlp.down_proj,linear,,B,5120,27648,1034;1035,model.layers.50.mlp.down_proj.weight,"[5120,27648]",config+architecture,"SiLU(gate)*up precedes this GEMM; AWQ changes physical storage, not logical MNK"
models--Qwen--Qwen2.5-Coder-32B-Instruct-AWQ,1037,decode_step,51,model.layers.51.self_attn.q_proj,linear,,B,5120,5120,1036,model.layers.51.self_attn.q_proj.weight,"[5120,5120]",config+architecture,"AWQ changes physical storage, not logical MNK"
models--Qwen--Qwen2.5-Coder-32B-Instruct-AWQ,1038,decode_step,51,model.layers.51.self_attn.k_proj,linear,,B,1024,5120,1036,model.layers.51.self_attn.k_proj.weight,"[1024,5120]",config+architecture,"AWQ changes physical storage, not logical MNK"
models--Qwen--Qwen2.5-Coder-32B-Instruct-AWQ,1039,decode_step,51,model.layers.51.self_attn.v_proj,linear,,B,1024,5120,1036,model.layers.51.self_attn.v_proj.weight,"[1024,5120]",config+architecture,"AWQ changes physical storage, not logical MNK"
models--Qwen--Qwen2.5-Coder-32B-Instruct-AWQ,1040,decode_step,51,model.layers.51.self_attn.qk,batched_matmul,B*QH,1,KV,128,1037;1038,,,config+architecture,"GQA QH=40, KVH=8; effective KV may be capped by sliding_window=131072"
models--Qwen--Qwen2.5-Coder-32B-Instruct-AWQ,1041,decode_step,51,model.layers.51.self_attn.pv,batched_matmul,B*QH,1,128,KV,1040;1039,,,config+architecture,softmax/mask is a non-matmul dependency bridge
models--Qwen--Qwen2.5-Coder-32B-Instruct-AWQ,1042,decode_step,51,model.layers.51.self_attn.o_proj,linear,,B,5120,5120,1041,model.layers.51.self_attn.o_proj.weight,"[5120,5120]",config+architecture,"AWQ changes physical storage, not logical MNK"
models--Qwen--Qwen2.5-Coder-32B-Instruct-AWQ,1043,decode_step,51,model.layers.51.mlp.gate_proj,linear,,B,27648,5120,1042,model.layers.51.mlp.gate_proj.weight,"[27648,5120]",config+architecture,"AWQ changes physical storage, not logical MNK"
models--Qwen--Qwen2.5-Coder-32B-Instruct-AWQ,1044,decode_step,51,model.layers.51.mlp.up_proj,linear,,B,27648,5120,1042,model.layers.51.mlp.up_proj.weight,"[27648,5120]",config+architecture,"AWQ changes physical storage, not logical MNK"
models--Qwen--Qwen2.5-Coder-32B-Instruct-AWQ,1045,decode_step,51,model.layers.51.mlp.down_proj,linear,,B,5120,27648,1043;1044,model.layers.51.mlp.down_proj.weight,"[5120,27648]",config+architecture,"SiLU(gate)*up precedes this GEMM; AWQ changes physical storage, not logical MNK"
models--Qwen--Qwen2.5-Coder-32B-Instruct-AWQ,1046,decode_step,52,model.layers.52.self_attn.q_proj,linear,,B,5120,5120,1045,model.layers.52.self_attn.q_proj.weight,"[5120,5120]",config+architecture,"AWQ changes physical storage, not logical MNK"
models--Qwen--Qwen2.5-Coder-32B-Instruct-AWQ,1047,decode_step,52,model.layers.52.self_attn.k_proj,linear,,B,1024,5120,1045,model.layers.52.self_attn.k_proj.weight,"[1024,5120]",config+architecture,"AWQ changes physical storage, not logical MNK"
models--Qwen--Qwen2.5-Coder-32B-Instruct-AWQ,1048,decode_step,52,model.layers.52.self_attn.v_proj,linear,,B,1024,5120,1045,model.layers.52.self_attn.v_proj.weight,"[1024,5120]",config+architecture,"AWQ changes physical storage, not logical MNK"
models--Qwen--Qwen2.5-Coder-32B-Instruct-AWQ,1049,decode_step,52,model.layers.52.self_attn.qk,batched_matmul,B*QH,1,KV,128,1046;1047,,,config+architecture,"GQA QH=40, KVH=8; effective KV may be capped by sliding_window=131072"
models--Qwen--Qwen2.5-Coder-32B-Instruct-AWQ,1050,decode_step,52,model.layers.52.self_attn.pv,batched_matmul,B*QH,1,128,KV,1049;1048,,,config+architecture,softmax/mask is a non-matmul dependency bridge
models--Qwen--Qwen2.5-Coder-32B-Instruct-AWQ,1051,decode_step,52,model.layers.52.self_attn.o_proj,linear,,B,5120,5120,1050,model.layers.52.self_attn.o_proj.weight,"[5120,5120]",config+architecture,"AWQ changes physical storage, not logical MNK"
models--Qwen--Qwen2.5-Coder-32B-Instruct-AWQ,1052,decode_step,52,model.layers.52.mlp.gate_proj,linear,,B,27648,5120,1051,model.layers.52.mlp.gate_proj.weight,"[27648,5120]",config+architecture,"AWQ changes physical storage, not logical MNK"
models--Qwen--Qwen2.5-Coder-32B-Instruct-AWQ,1053,decode_step,52,model.layers.52.mlp.up_proj,linear,,B,27648,5120,1051,model.layers.52.mlp.up_proj.weight,"[27648,5120]",config+architecture,"AWQ changes physical storage, not logical MNK"
models--Qwen--Qwen2.5-Coder-32B-Instruct-AWQ,1054,decode_step,52,model.layers.52.mlp.down_proj,linear,,B,5120,27648,1052;1053,model.layers.52.mlp.down_proj.weight,"[5120,27648]",config+architecture,"SiLU(gate)*up precedes this GEMM; AWQ changes physical storage, not logical MNK"
models--Qwen--Qwen2.5-Coder-32B-Instruct-AWQ,1055,decode_step,53,model.layers.53.self_attn.q_proj,linear,,B,5120,5120,1054,model.layers.53.self_attn.q_proj.weight,"[5120,5120]",config+architecture,"AWQ changes physical storage, not logical MNK"
models--Qwen--Qwen2.5-Coder-32B-Instruct-AWQ,1056,decode_step,53,model.layers.53.self_attn.k_proj,linear,,B,1024,5120,1054,model.layers.53.self_attn.k_proj.weight,"[1024,5120]",config+architecture,"AWQ changes physical storage, not logical MNK"
models--Qwen--Qwen2.5-Coder-32B-Instruct-AWQ,1057,decode_step,53,model.layers.53.self_attn.v_proj,linear,,B,1024,5120,1054,model.layers.53.self_attn.v_proj.weight,"[1024,5120]",config+architecture,"AWQ changes physical storage, not logical MNK"
models--Qwen--Qwen2.5-Coder-32B-Instruct-AWQ,1058,decode_step,53,model.layers.53.self_attn.qk,batched_matmul,B*QH,1,KV,128,1055;1056,,,config+architecture,"GQA QH=40, KVH=8; effective KV may be capped by sliding_window=131072"
models--Qwen--Qwen2.5-Coder-32B-Instruct-AWQ,1059,decode_step,53,model.layers.53.self_attn.pv,batched_matmul,B*QH,1,128,KV,1058;1057,,,config+architecture,softmax/mask is a non-matmul dependency bridge
models--Qwen--Qwen2.5-Coder-32B-Instruct-AWQ,1060,decode_step,53,model.layers.53.self_attn.o_proj,linear,,B,5120,5120,1059,model.layers.53.self_attn.o_proj.weight,"[5120,5120]",config+architecture,"AWQ changes physical storage, not logical MNK"
models--Qwen--Qwen2.5-Coder-32B-Instruct-AWQ,1061,decode_step,53,model.layers.53.mlp.gate_proj,linear,,B,27648,5120,1060,model.layers.53.mlp.gate_proj.weight,"[27648,5120]",config+architecture,"AWQ changes physical storage, not logical MNK"
models--Qwen--Qwen2.5-Coder-32B-Instruct-AWQ,1062,decode_step,53,model.layers.53.mlp.up_proj,linear,,B,27648,5120,1060,model.layers.53.mlp.up_proj.weight,"[27648,5120]",config+architecture,"AWQ changes physical storage, not logical MNK"
models--Qwen--Qwen2.5-Coder-32B-Instruct-AWQ,1063,decode_step,53,model.layers.53.mlp.down_proj,linear,,B,5120,27648,1061;1062,model.layers.53.mlp.down_proj.weight,"[5120,27648]",config+architecture,"SiLU(gate)*up precedes this GEMM; AWQ changes physical storage, not logical MNK"
models--Qwen--Qwen2.5-Coder-32B-Instruct-AWQ,1064,decode_step,54,model.layers.54.self_attn.q_proj,linear,,B,5120,5120,1063,model.layers.54.self_attn.q_proj.weight,"[5120,5120]",config+architecture,"AWQ changes physical storage, not logical MNK"
models--Qwen--Qwen2.5-Coder-32B-Instruct-AWQ,1065,decode_step,54,model.layers.54.self_attn.k_proj,linear,,B,1024,5120,1063,model.layers.54.self_attn.k_proj.weight,"[1024,5120]",config+architecture,"AWQ changes physical storage, not logical MNK"
models--Qwen--Qwen2.5-Coder-32B-Instruct-AWQ,1066,decode_step,54,model.layers.54.self_attn.v_proj,linear,,B,1024,5120,1063,model.layers.54.self_attn.v_proj.weight,"[1024,5120]",config+architecture,"AWQ changes physical storage, not logical MNK"
models--Qwen--Qwen2.5-Coder-32B-Instruct-AWQ,1067,decode_step,54,model.layers.54.self_attn.qk,batched_matmul,B*QH,1,KV,128,1064;1065,,,config+architecture,"GQA QH=40, KVH=8; effective KV may be capped by sliding_window=131072"
models--Qwen--Qwen2.5-Coder-32B-Instruct-AWQ,1068,decode_step,54,model.layers.54.self_attn.pv,batched_matmul,B*QH,1,128,KV,1067;1066,,,config+architecture,softmax/mask is a non-matmul dependency bridge
models--Qwen--Qwen2.5-Coder-32B-Instruct-AWQ,1069,decode_step,54,model.layers.54.self_attn.o_proj,linear,,B,5120,5120,1068,model.layers.54.self_attn.o_proj.weight,"[5120,5120]",config+architecture,"AWQ changes physical storage, not logical MNK"
models--Qwen--Qwen2.5-Coder-32B-Instruct-AWQ,1070,decode_step,54,model.layers.54.mlp.gate_proj,linear,,B,27648,5120,1069,model.layers.54.mlp.gate_proj.weight,"[27648,5120]",config+architecture,"AWQ changes physical storage, not logical MNK"
models--Qwen--Qwen2.5-Coder-32B-Instruct-AWQ,1071,decode_step,54,model.layers.54.mlp.up_proj,linear,,B,27648,5120,1069,model.layers.54.mlp.up_proj.weight,"[27648,5120]",config+architecture,"AWQ changes physical storage, not logical MNK"
models--Qwen--Qwen2.5-Coder-32B-Instruct-AWQ,1072,decode_step,54,model.layers.54.mlp.down_proj,linear,,B,5120,27648,1070;1071,model.layers.54.mlp.down_proj.weight,"[5120,27648]",config+architecture,"SiLU(gate)*up precedes this GEMM; AWQ changes physical storage, not logical MNK"
models--Qwen--Qwen2.5-Coder-32B-Instruct-AWQ,1073,decode_step,55,model.layers.55.self_attn.q_proj,linear,,B,5120,5120,1072,model.layers.55.self_attn.q_proj.weight,"[5120,5120]",config+architecture,"AWQ changes physical storage, not logical MNK"
models--Qwen--Qwen2.5-Coder-32B-Instruct-AWQ,1074,decode_step,55,model.layers.55.self_attn.k_proj,linear,,B,1024,5120,1072,model.layers.55.self_attn.k_proj.weight,"[1024,5120]",config+architecture,"AWQ changes physical storage, not logical MNK"
models--Qwen--Qwen2.5-Coder-32B-Instruct-AWQ,1075,decode_step,55,model.layers.55.self_attn.v_proj,linear,,B,1024,5120,1072,model.layers.55.self_attn.v_proj.weight,"[1024,5120]",config+architecture,"AWQ changes physical storage, not logical MNK"
models--Qwen--Qwen2.5-Coder-32B-Instruct-AWQ,1076,decode_step,55,model.layers.55.self_attn.qk,batched_matmul,B*QH,1,KV,128,1073;1074,,,config+architecture,"GQA QH=40, KVH=8; effective KV may be capped by sliding_window=131072"
models--Qwen--Qwen2.5-Coder-32B-Instruct-AWQ,1077,decode_step,55,model.layers.55.self_attn.pv,batched_matmul,B*QH,1,128,KV,1076;1075,,,config+architecture,softmax/mask is a non-matmul dependency bridge
models--Qwen--Qwen2.5-Coder-32B-Instruct-AWQ,1078,decode_step,55,model.layers.55.self_attn.o_proj,linear,,B,5120,5120,1077,model.layers.55.self_attn.o_proj.weight,"[5120,5120]",config+architecture,"AWQ changes physical storage, not logical MNK"
models--Qwen--Qwen2.5-Coder-32B-Instruct-AWQ,1079,decode_step,55,model.layers.55.mlp.gate_proj,linear,,B,27648,5120,1078,model.layers.55.mlp.gate_proj.weight,"[27648,5120]",config+architecture,"AWQ changes physical storage, not logical MNK"
models--Qwen--Qwen2.5-Coder-32B-Instruct-AWQ,1080,decode_step,55,model.layers.55.mlp.up_proj,linear,,B,27648,5120,1078,model.layers.55.mlp.up_proj.weight,"[27648,5120]",config+architecture,"AWQ changes physical storage, not logical MNK"
models--Qwen--Qwen2.5-Coder-32B-Instruct-AWQ,1081,decode_step,55,model.layers.55.mlp.down_proj,linear,,B,5120,27648,1079;1080,model.layers.55.mlp.down_proj.weight,"[5120,27648]",config+architecture,"SiLU(gate)*up precedes this GEMM; AWQ changes physical storage, not logical MNK"
models--Qwen--Qwen2.5-Coder-32B-Instruct-AWQ,1082,decode_step,56,model.layers.56.self_attn.q_proj,linear,,B,5120,5120,1081,model.layers.56.self_attn.q_proj.weight,"[5120,5120]",config+architecture,"AWQ changes physical storage, not logical MNK"
models--Qwen--Qwen2.5-Coder-32B-Instruct-AWQ,1083,decode_step,56,model.layers.56.self_attn.k_proj,linear,,B,1024,5120,1081,model.layers.56.self_attn.k_proj.weight,"[1024,5120]",config+architecture,"AWQ changes physical storage, not logical MNK"
models--Qwen--Qwen2.5-Coder-32B-Instruct-AWQ,1084,decode_step,56,model.layers.56.self_attn.v_proj,linear,,B,1024,5120,1081,model.layers.56.self_attn.v_proj.weight,"[1024,5120]",config+architecture,"AWQ changes physical storage, not logical MNK"
models--Qwen--Qwen2.5-Coder-32B-Instruct-AWQ,1085,decode_step,56,model.layers.56.self_attn.qk,batched_matmul,B*QH,1,KV,128,1082;1083,,,config+architecture,"GQA QH=40, KVH=8; effective KV may be capped by sliding_window=131072"
models--Qwen--Qwen2.5-Coder-32B-Instruct-AWQ,1086,decode_step,56,model.layers.56.self_attn.pv,batched_matmul,B*QH,1,128,KV,1085;1084,,,config+architecture,softmax/mask is a non-matmul dependency bridge
models--Qwen--Qwen2.5-Coder-32B-Instruct-AWQ,1087,decode_step,56,model.layers.56.self_attn.o_proj,linear,,B,5120,5120,1086,model.layers.56.self_attn.o_proj.weight,"[5120,5120]",config+architecture,"AWQ changes physical storage, not logical MNK"
models--Qwen--Qwen2.5-Coder-32B-Instruct-AWQ,1088,decode_step,56,model.layers.56.mlp.gate_proj,linear,,B,27648,5120,1087,model.layers.56.mlp.gate_proj.weight,"[27648,5120]",config+architecture,"AWQ changes physical storage, not logical MNK"
models--Qwen--Qwen2.5-Coder-32B-Instruct-AWQ,1089,decode_step,56,model.layers.56.mlp.up_proj,linear,,B,27648,5120,1087,model.layers.56.mlp.up_proj.weight,"[27648,5120]",config+architecture,"AWQ changes physical storage, not logical MNK"
models--Qwen--Qwen2.5-Coder-32B-Instruct-AWQ,1090,decode_step,56,model.layers.56.mlp.down_proj,linear,,B,5120,27648,1088;1089,model.layers.56.mlp.down_proj.weight,"[5120,27648]",config+architecture,"SiLU(gate)*up precedes this GEMM; AWQ changes physical storage, not logical MNK"
models--Qwen--Qwen2.5-Coder-32B-Instruct-AWQ,1091,decode_step,57,model.layers.57.self_attn.q_proj,linear,,B,5120,5120,1090,model.layers.57.self_attn.q_proj.weight,"[5120,5120]",config+architecture,"AWQ changes physical storage, not logical MNK"
models--Qwen--Qwen2.5-Coder-32B-Instruct-AWQ,1092,decode_step,57,model.layers.57.self_attn.k_proj,linear,,B,1024,5120,1090,model.layers.57.self_attn.k_proj.weight,"[1024,5120]",config+architecture,"AWQ changes physical storage, not logical MNK"
models--Qwen--Qwen2.5-Coder-32B-Instruct-AWQ,1093,decode_step,57,model.layers.57.self_attn.v_proj,linear,,B,1024,5120,1090,model.layers.57.self_attn.v_proj.weight,"[1024,5120]",config+architecture,"AWQ changes physical storage, not logical MNK"
models--Qwen--Qwen2.5-Coder-32B-Instruct-AWQ,1094,decode_step,57,model.layers.57.self_attn.qk,batched_matmul,B*QH,1,KV,128,1091;1092,,,config+architecture,"GQA QH=40, KVH=8; effective KV may be capped by sliding_window=131072"
models--Qwen--Qwen2.5-Coder-32B-Instruct-AWQ,1095,decode_step,57,model.layers.57.self_attn.pv,batched_matmul,B*QH,1,128,KV,1094;1093,,,config+architecture,softmax/mask is a non-matmul dependency bridge
models--Qwen--Qwen2.5-Coder-32B-Instruct-AWQ,1096,decode_step,57,model.layers.57.self_attn.o_proj,linear,,B,5120,5120,1095,model.layers.57.self_attn.o_proj.weight,"[5120,5120]",config+architecture,"AWQ changes physical storage, not logical MNK"
models--Qwen--Qwen2.5-Coder-32B-Instruct-AWQ,1097,decode_step,57,model.layers.57.mlp.gate_proj,linear,,B,27648,5120,1096,model.layers.57.mlp.gate_proj.weight,"[27648,5120]",config+architecture,"AWQ changes physical storage, not logical MNK"
models--Qwen--Qwen2.5-Coder-32B-Instruct-AWQ,1098,decode_step,57,model.layers.57.mlp.up_proj,linear,,B,27648,5120,1096,model.layers.57.mlp.up_proj.weight,"[27648,5120]",config+architecture,"AWQ changes physical storage, not logical MNK"
models--Qwen--Qwen2.5-Coder-32B-Instruct-AWQ,1099,decode_step,57,model.layers.57.mlp.down_proj,linear,,B,5120,27648,1097;1098,model.layers.57.mlp.down_proj.weight,"[5120,27648]",config+architecture,"SiLU(gate)*up precedes this GEMM; AWQ changes physical storage, not logical MNK"
models--Qwen--Qwen2.5-Coder-32B-Instruct-AWQ,1100,decode_step,58,model.layers.58.self_attn.q_proj,linear,,B,5120,5120,1099,model.layers.58.self_attn.q_proj.weight,"[5120,5120]",config+architecture,"AWQ changes physical storage, not logical MNK"
models--Qwen--Qwen2.5-Coder-32B-Instruct-AWQ,1101,decode_step,58,model.layers.58.self_attn.k_proj,linear,,B,1024,5120,1099,model.layers.58.self_attn.k_proj.weight,"[1024,5120]",config+architecture,"AWQ changes physical storage, not logical MNK"
models--Qwen--Qwen2.5-Coder-32B-Instruct-AWQ,1102,decode_step,58,model.layers.58.self_attn.v_proj,linear,,B,1024,5120,1099,model.layers.58.self_attn.v_proj.weight,"[1024,5120]",config+architecture,"AWQ changes physical storage, not logical MNK"
models--Qwen--Qwen2.5-Coder-32B-Instruct-AWQ,1103,decode_step,58,model.layers.58.self_attn.qk,batched_matmul,B*QH,1,KV,128,1100;1101,,,config+architecture,"GQA QH=40, KVH=8; effective KV may be capped by sliding_window=131072"
models--Qwen--Qwen2.5-Coder-32B-Instruct-AWQ,1104,decode_step,58,model.layers.58.self_attn.pv,batched_matmul,B*QH,1,128,KV,1103;1102,,,config+architecture,softmax/mask is a non-matmul dependency bridge
models--Qwen--Qwen2.5-Coder-32B-Instruct-AWQ,1105,decode_step,58,model.layers.58.self_attn.o_proj,linear,,B,5120,5120,1104,model.layers.58.self_attn.o_proj.weight,"[5120,5120]",config+architecture,"AWQ changes physical storage, not logical MNK"
models--Qwen--Qwen2.5-Coder-32B-Instruct-AWQ,1106,decode_step,58,model.layers.58.mlp.gate_proj,linear,,B,27648,5120,1105,model.layers.58.mlp.gate_proj.weight,"[27648,5120]",config+architecture,"AWQ changes physical storage, not logical MNK"
models--Qwen--Qwen2.5-Coder-32B-Instruct-AWQ,1107,decode_step,58,model.layers.58.mlp.up_proj,linear,,B,27648,5120,1105,model.layers.58.mlp.up_proj.weight,"[27648,5120]",config+architecture,"AWQ changes physical storage, not logical MNK"
models--Qwen--Qwen2.5-Coder-32B-Instruct-AWQ,1108,decode_step,58,model.layers.58.mlp.down_proj,linear,,B,5120,27648,1106;1107,model.layers.58.mlp.down_proj.weight,"[5120,27648]",config+architecture,"SiLU(gate)*up precedes this GEMM; AWQ changes physical storage, not logical MNK"
models--Qwen--Qwen2.5-Coder-32B-Instruct-AWQ,1109,decode_step,59,model.layers.59.self_attn.q_proj,linear,,B,5120,5120,1108,model.layers.59.self_attn.q_proj.weight,"[5120,5120]",config+architecture,"AWQ changes physical storage, not logical MNK"
models--Qwen--Qwen2.5-Coder-32B-Instruct-AWQ,1110,decode_step,59,model.layers.59.self_attn.k_proj,linear,,B,1024,5120,1108,model.layers.59.self_attn.k_proj.weight,"[1024,5120]",config+architecture,"AWQ changes physical storage, not logical MNK"
models--Qwen--Qwen2.5-Coder-32B-Instruct-AWQ,1111,decode_step,59,model.layers.59.self_attn.v_proj,linear,,B,1024,5120,1108,model.layers.59.self_attn.v_proj.weight,"[1024,5120]",config+architecture,"AWQ changes physical storage, not logical MNK"
models--Qwen--Qwen2.5-Coder-32B-Instruct-AWQ,1112,decode_step,59,model.layers.59.self_attn.qk,batched_matmul,B*QH,1,KV,128,1109;1110,,,config+architecture,"GQA QH=40, KVH=8; effective KV may be capped by sliding_window=131072"
models--Qwen--Qwen2.5-Coder-32B-Instruct-AWQ,1113,decode_step,59,model.layers.59.self_attn.pv,batched_matmul,B*QH,1,128,KV,1112;1111,,,config+architecture,softmax/mask is a non-matmul dependency bridge
models--Qwen--Qwen2.5-Coder-32B-Instruct-AWQ,1114,decode_step,59,model.layers.59.self_attn.o_proj,linear,,B,5120,5120,1113,model.layers.59.self_attn.o_proj.weight,"[5120,5120]",config+architecture,"AWQ changes physical storage, not logical MNK"
models--Qwen--Qwen2.5-Coder-32B-Instruct-AWQ,1115,decode_step,59,model.layers.59.mlp.gate_proj,linear,,B,27648,5120,1114,model.layers.59.mlp.gate_proj.weight,"[27648,5120]",config+architecture,"AWQ changes physical storage, not logical MNK"
models--Qwen--Qwen2.5-Coder-32B-Instruct-AWQ,1116,decode_step,59,model.layers.59.mlp.up_proj,linear,,B,27648,5120,1114,model.layers.59.mlp.up_proj.weight,"[27648,5120]",config+architecture,"AWQ changes physical storage, not logical MNK"
models--Qwen--Qwen2.5-Coder-32B-Instruct-AWQ,1117,decode_step,59,model.layers.59.mlp.down_proj,linear,,B,5120,27648,1115;1116,model.layers.59.mlp.down_proj.weight,"[5120,27648]",config+architecture,"SiLU(gate)*up precedes this GEMM; AWQ changes physical storage, not logical MNK"
models--Qwen--Qwen2.5-Coder-32B-Instruct-AWQ,1118,decode_step,60,model.layers.60.self_attn.q_proj,linear,,B,5120,5120,1117,model.layers.60.self_attn.q_proj.weight,"[5120,5120]",config+architecture,"AWQ changes physical storage, not logical MNK"
models--Qwen--Qwen2.5-Coder-32B-Instruct-AWQ,1119,decode_step,60,model.layers.60.self_attn.k_proj,linear,,B,1024,5120,1117,model.layers.60.self_attn.k_proj.weight,"[1024,5120]",config+architecture,"AWQ changes physical storage, not logical MNK"
models--Qwen--Qwen2.5-Coder-32B-Instruct-AWQ,1120,decode_step,60,model.layers.60.self_attn.v_proj,linear,,B,1024,5120,1117,model.layers.60.self_attn.v_proj.weight,"[1024,5120]",config+architecture,"AWQ changes physical storage, not logical MNK"
models--Qwen--Qwen2.5-Coder-32B-Instruct-AWQ,1121,decode_step,60,model.layers.60.self_attn.qk,batched_matmul,B*QH,1,KV,128,1118;1119,,,config+architecture,"GQA QH=40, KVH=8; effective KV may be capped by sliding_window=131072"
models--Qwen--Qwen2.5-Coder-32B-Instruct-AWQ,1122,decode_step,60,model.layers.60.self_attn.pv,batched_matmul,B*QH,1,128,KV,1121;1120,,,config+architecture,softmax/mask is a non-matmul dependency bridge
models--Qwen--Qwen2.5-Coder-32B-Instruct-AWQ,1123,decode_step,60,model.layers.60.self_attn.o_proj,linear,,B,5120,5120,1122,model.layers.60.self_attn.o_proj.weight,"[5120,5120]",config+architecture,"AWQ changes physical storage, not logical MNK"
models--Qwen--Qwen2.5-Coder-32B-Instruct-AWQ,1124,decode_step,60,model.layers.60.mlp.gate_proj,linear,,B,27648,5120,1123,model.layers.60.mlp.gate_proj.weight,"[27648,5120]",config+architecture,"AWQ changes physical storage, not logical MNK"
models--Qwen--Qwen2.5-Coder-32B-Instruct-AWQ,1125,decode_step,60,model.layers.60.mlp.up_proj,linear,,B,27648,5120,1123,model.layers.60.mlp.up_proj.weight,"[27648,5120]",config+architecture,"AWQ changes physical storage, not logical MNK"
models--Qwen--Qwen2.5-Coder-32B-Instruct-AWQ,1126,decode_step,60,model.layers.60.mlp.down_proj,linear,,B,5120,27648,1124;1125,model.layers.60.mlp.down_proj.weight,"[5120,27648]",config+architecture,"SiLU(gate)*up precedes this GEMM; AWQ changes physical storage, not logical MNK"
models--Qwen--Qwen2.5-Coder-32B-Instruct-AWQ,1127,decode_step,61,model.layers.61.self_attn.q_proj,linear,,B,5120,5120,1126,model.layers.61.self_attn.q_proj.weight,"[5120,5120]",config+architecture,"AWQ changes physical storage, not logical MNK"
models--Qwen--Qwen2.5-Coder-32B-Instruct-AWQ,1128,decode_step,61,model.layers.61.self_attn.k_proj,linear,,B,1024,5120,1126,model.layers.61.self_attn.k_proj.weight,"[1024,5120]",config+architecture,"AWQ changes physical storage, not logical MNK"
models--Qwen--Qwen2.5-Coder-32B-Instruct-AWQ,1129,decode_step,61,model.layers.61.self_attn.v_proj,linear,,B,1024,5120,1126,model.layers.61.self_attn.v_proj.weight,"[1024,5120]",config+architecture,"AWQ changes physical storage, not logical MNK"
models--Qwen--Qwen2.5-Coder-32B-Instruct-AWQ,1130,decode_step,61,model.layers.61.self_attn.qk,batched_matmul,B*QH,1,KV,128,1127;1128,,,config+architecture,"GQA QH=40, KVH=8; effective KV may be capped by sliding_window=131072"
models--Qwen--Qwen2.5-Coder-32B-Instruct-AWQ,1131,decode_step,61,model.layers.61.self_attn.pv,batched_matmul,B*QH,1,128,KV,1130;1129,,,config+architecture,softmax/mask is a non-matmul dependency bridge
models--Qwen--Qwen2.5-Coder-32B-Instruct-AWQ,1132,decode_step,61,model.layers.61.self_attn.o_proj,linear,,B,5120,5120,1131,model.layers.61.self_attn.o_proj.weight,"[5120,5120]",config+architecture,"AWQ changes physical storage, not logical MNK"
models--Qwen--Qwen2.5-Coder-32B-Instruct-AWQ,1133,decode_step,61,model.layers.61.mlp.gate_proj,linear,,B,27648,5120,1132,model.layers.61.mlp.gate_proj.weight,"[27648,5120]",config+architecture,"AWQ changes physical storage, not logical MNK"
models--Qwen--Qwen2.5-Coder-32B-Instruct-AWQ,1134,decode_step,61,model.layers.61.mlp.up_proj,linear,,B,27648,5120,1132,model.layers.61.mlp.up_proj.weight,"[27648,5120]",config+architecture,"AWQ changes physical storage, not logical MNK"
models--Qwen--Qwen2.5-Coder-32B-Instruct-AWQ,1135,decode_step,61,model.layers.61.mlp.down_proj,linear,,B,5120,27648,1133;1134,model.layers.61.mlp.down_proj.weight,"[5120,27648]",config+architecture,"SiLU(gate)*up precedes this GEMM; AWQ changes physical storage, not logical MNK"
models--Qwen--Qwen2.5-Coder-32B-Instruct-AWQ,1136,decode_step,62,model.layers.62.self_attn.q_proj,linear,,B,5120,5120,1135,model.layers.62.self_attn.q_proj.weight,"[5120,5120]",config+architecture,"AWQ changes physical storage, not logical MNK"
models--Qwen--Qwen2.5-Coder-32B-Instruct-AWQ,1137,decode_step,62,model.layers.62.self_attn.k_proj,linear,,B,1024,5120,1135,model.layers.62.self_attn.k_proj.weight,"[1024,5120]",config+architecture,"AWQ changes physical storage, not logical MNK"
models--Qwen--Qwen2.5-Coder-32B-Instruct-AWQ,1138,decode_step,62,model.layers.62.self_attn.v_proj,linear,,B,1024,5120,1135,model.layers.62.self_attn.v_proj.weight,"[1024,5120]",config+architecture,"AWQ changes physical storage, not logical MNK"
models--Qwen--Qwen2.5-Coder-32B-Instruct-AWQ,1139,decode_step,62,model.layers.62.self_attn.qk,batched_matmul,B*QH,1,KV,128,1136;1137,,,config+architecture,"GQA QH=40, KVH=8; effective KV may be capped by sliding_window=131072"
models--Qwen--Qwen2.5-Coder-32B-Instruct-AWQ,1140,decode_step,62,model.layers.62.self_attn.pv,batched_matmul,B*QH,1,128,KV,1139;1138,,,config+architecture,softmax/mask is a non-matmul dependency bridge
models--Qwen--Qwen2.5-Coder-32B-Instruct-AWQ,1141,decode_step,62,model.layers.62.self_attn.o_proj,linear,,B,5120,5120,1140,model.layers.62.self_attn.o_proj.weight,"[5120,5120]",config+architecture,"AWQ changes physical storage, not logical MNK"
models--Qwen--Qwen2.5-Coder-32B-Instruct-AWQ,1142,decode_step,62,model.layers.62.mlp.gate_proj,linear,,B,27648,5120,1141,model.layers.62.mlp.gate_proj.weight,"[27648,5120]",config+architecture,"AWQ changes physical storage, not logical MNK"
models--Qwen--Qwen2.5-Coder-32B-Instruct-AWQ,1143,decode_step,62,model.layers.62.mlp.up_proj,linear,,B,27648,5120,1141,model.layers.62.mlp.up_proj.weight,"[27648,5120]",config+architecture,"AWQ changes physical storage, not logical MNK"
models--Qwen--Qwen2.5-Coder-32B-Instruct-AWQ,1144,decode_step,62,model.layers.62.mlp.down_proj,linear,,B,5120,27648,1142;1143,model.layers.62.mlp.down_proj.weight,"[5120,27648]",config+architecture,"SiLU(gate)*up precedes this GEMM; AWQ changes physical storage, not logical MNK"
models--Qwen--Qwen2.5-Coder-32B-Instruct-AWQ,1145,decode_step,63,model.layers.63.self_attn.q_proj,linear,,B,5120,5120,1144,model.layers.63.self_attn.q_proj.weight,"[5120,5120]",config+architecture,"AWQ changes physical storage, not logical MNK"
models--Qwen--Qwen2.5-Coder-32B-Instruct-AWQ,1146,decode_step,63,model.layers.63.self_attn.k_proj,linear,,B,1024,5120,1144,model.layers.63.self_attn.k_proj.weight,"[1024,5120]",config+architecture,"AWQ changes physical storage, not logical MNK"
models--Qwen--Qwen2.5-Coder-32B-Instruct-AWQ,1147,decode_step,63,model.layers.63.self_attn.v_proj,linear,,B,1024,5120,1144,model.layers.63.self_attn.v_proj.weight,"[1024,5120]",config+architecture,"AWQ changes physical storage, not logical MNK"
models--Qwen--Qwen2.5-Coder-32B-Instruct-AWQ,1148,decode_step,63,model.layers.63.self_attn.qk,batched_matmul,B*QH,1,KV,128,1145;1146,,,config+architecture,"GQA QH=40, KVH=8; effective KV may be capped by sliding_window=131072"
models--Qwen--Qwen2.5-Coder-32B-Instruct-AWQ,1149,decode_step,63,model.layers.63.self_attn.pv,batched_matmul,B*QH,1,128,KV,1148;1147,,,config+architecture,softmax/mask is a non-matmul dependency bridge
models--Qwen--Qwen2.5-Coder-32B-Instruct-AWQ,1150,decode_step,63,model.layers.63.self_attn.o_proj,linear,,B,5120,5120,1149,model.layers.63.self_attn.o_proj.weight,"[5120,5120]",config+architecture,"AWQ changes physical storage, not logical MNK"
models--Qwen--Qwen2.5-Coder-32B-Instruct-AWQ,1151,decode_step,63,model.layers.63.mlp.gate_proj,linear,,B,27648,5120,1150,model.layers.63.mlp.gate_proj.weight,"[27648,5120]",config+architecture,"AWQ changes physical storage, not logical MNK"
models--Qwen--Qwen2.5-Coder-32B-Instruct-AWQ,1152,decode_step,63,model.layers.63.mlp.up_proj,linear,,B,27648,5120,1150,model.layers.63.mlp.up_proj.weight,"[27648,5120]",config+architecture,"AWQ changes physical storage, not logical MNK"
models--Qwen--Qwen2.5-Coder-32B-Instruct-AWQ,1153,decode_step,63,model.layers.63.mlp.down_proj,linear,,B,5120,27648,1151;1152,model.layers.63.mlp.down_proj.weight,"[5120,27648]",config+architecture,"SiLU(gate)*up precedes this GEMM; AWQ changes physical storage, not logical MNK"
models--Qwen--Qwen2.5-Coder-32B-Instruct-AWQ,1154,decode_step,output,lm_head,linear,,B,152064,5120,1153,lm_head.weight or tied embed_tokens.weight,"[152064,5120]",config+architecture,prefill shape follows full Hugging Face forward; serving runtimes may compute only selected logits
