model,op_id,phase,layer,module,op_kind,batch_dims,M,N,K,deps,weight,weight_shape,provenance,notes
models--Qwen--Qwen2.5-3B-Instruct,1,prefill,0,model.layers.0.self_attn.q_proj,linear,,B*S,2048,2048,,model.layers.0.self_attn.q_proj.weight,"[2048,2048]",config+architecture,
models--Qwen--Qwen2.5-3B-Instruct,2,prefill,0,model.layers.0.self_attn.k_proj,linear,,B*S,256,2048,,model.layers.0.self_attn.k_proj.weight,"[256,2048]",config+architecture,
models--Qwen--Qwen2.5-3B-Instruct,3,prefill,0,model.layers.0.self_attn.v_proj,linear,,B*S,256,2048,,model.layers.0.self_attn.v_proj.weight,"[256,2048]",config+architecture,
models--Qwen--Qwen2.5-3B-Instruct,4,prefill,0,model.layers.0.self_attn.qk,batched_matmul,B*QH,S,S,128,1;2,,,config+architecture,"GQA QH=16, KVH=2; effective KV may be capped by sliding_window=32768"
models--Qwen--Qwen2.5-3B-Instruct,5,prefill,0,model.layers.0.self_attn.pv,batched_matmul,B*QH,S,128,S,4;3,,,config+architecture,softmax/mask is a non-matmul dependency bridge
models--Qwen--Qwen2.5-3B-Instruct,6,prefill,0,model.layers.0.self_attn.o_proj,linear,,B*S,2048,2048,5,model.layers.0.self_attn.o_proj.weight,"[2048,2048]",config+architecture,
models--Qwen--Qwen2.5-3B-Instruct,7,prefill,0,model.layers.0.mlp.gate_proj,linear,,B*S,11008,2048,6,model.layers.0.mlp.gate_proj.weight,"[11008,2048]",config+architecture,
models--Qwen--Qwen2.5-3B-Instruct,8,prefill,0,model.layers.0.mlp.up_proj,linear,,B*S,11008,2048,6,model.layers.0.mlp.up_proj.weight,"[11008,2048]",config+architecture,
models--Qwen--Qwen2.5-3B-Instruct,9,prefill,0,model.layers.0.mlp.down_proj,linear,,B*S,2048,11008,7;8,model.layers.0.mlp.down_proj.weight,"[2048,11008]",config+architecture,SiLU(gate)*up precedes this GEMM
models--Qwen--Qwen2.5-3B-Instruct,10,prefill,1,model.layers.1.self_attn.q_proj,linear,,B*S,2048,2048,9,model.layers.1.self_attn.q_proj.weight,"[2048,2048]",config+architecture,
models--Qwen--Qwen2.5-3B-Instruct,11,prefill,1,model.layers.1.self_attn.k_proj,linear,,B*S,256,2048,9,model.layers.1.self_attn.k_proj.weight,"[256,2048]",config+architecture,
models--Qwen--Qwen2.5-3B-Instruct,12,prefill,1,model.layers.1.self_attn.v_proj,linear,,B*S,256,2048,9,model.layers.1.self_attn.v_proj.weight,"[256,2048]",config+architecture,
models--Qwen--Qwen2.5-3B-Instruct,13,prefill,1,model.layers.1.self_attn.qk,batched_matmul,B*QH,S,S,128,10;11,,,config+architecture,"GQA QH=16, KVH=2; effective KV may be capped by sliding_window=32768"
models--Qwen--Qwen2.5-3B-Instruct,14,prefill,1,model.layers.1.self_attn.pv,batched_matmul,B*QH,S,128,S,13;12,,,config+architecture,softmax/mask is a non-matmul dependency bridge
models--Qwen--Qwen2.5-3B-Instruct,15,prefill,1,model.layers.1.self_attn.o_proj,linear,,B*S,2048,2048,14,model.layers.1.self_attn.o_proj.weight,"[2048,2048]",config+architecture,
models--Qwen--Qwen2.5-3B-Instruct,16,prefill,1,model.layers.1.mlp.gate_proj,linear,,B*S,11008,2048,15,model.layers.1.mlp.gate_proj.weight,"[11008,2048]",config+architecture,
models--Qwen--Qwen2.5-3B-Instruct,17,prefill,1,model.layers.1.mlp.up_proj,linear,,B*S,11008,2048,15,model.layers.1.mlp.up_proj.weight,"[11008,2048]",config+architecture,
models--Qwen--Qwen2.5-3B-Instruct,18,prefill,1,model.layers.1.mlp.down_proj,linear,,B*S,2048,11008,16;17,model.layers.1.mlp.down_proj.weight,"[2048,11008]",config+architecture,SiLU(gate)*up precedes this GEMM
models--Qwen--Qwen2.5-3B-Instruct,19,prefill,2,model.layers.2.self_attn.q_proj,linear,,B*S,2048,2048,18,model.layers.2.self_attn.q_proj.weight,"[2048,2048]",config+architecture,
models--Qwen--Qwen2.5-3B-Instruct,20,prefill,2,model.layers.2.self_attn.k_proj,linear,,B*S,256,2048,18,model.layers.2.self_attn.k_proj.weight,"[256,2048]",config+architecture,
models--Qwen--Qwen2.5-3B-Instruct,21,prefill,2,model.layers.2.self_attn.v_proj,linear,,B*S,256,2048,18,model.layers.2.self_attn.v_proj.weight,"[256,2048]",config+architecture,
models--Qwen--Qwen2.5-3B-Instruct,22,prefill,2,model.layers.2.self_attn.qk,batched_matmul,B*QH,S,S,128,19;20,,,config+architecture,"GQA QH=16, KVH=2; effective KV may be capped by sliding_window=32768"
models--Qwen--Qwen2.5-3B-Instruct,23,prefill,2,model.layers.2.self_attn.pv,batched_matmul,B*QH,S,128,S,22;21,,,config+architecture,softmax/mask is a non-matmul dependency bridge
models--Qwen--Qwen2.5-3B-Instruct,24,prefill,2,model.layers.2.self_attn.o_proj,linear,,B*S,2048,2048,23,model.layers.2.self_attn.o_proj.weight,"[2048,2048]",config+architecture,
models--Qwen--Qwen2.5-3B-Instruct,25,prefill,2,model.layers.2.mlp.gate_proj,linear,,B*S,11008,2048,24,model.layers.2.mlp.gate_proj.weight,"[11008,2048]",config+architecture,
models--Qwen--Qwen2.5-3B-Instruct,26,prefill,2,model.layers.2.mlp.up_proj,linear,,B*S,11008,2048,24,model.layers.2.mlp.up_proj.weight,"[11008,2048]",config+architecture,
models--Qwen--Qwen2.5-3B-Instruct,27,prefill,2,model.layers.2.mlp.down_proj,linear,,B*S,2048,11008,25;26,model.layers.2.mlp.down_proj.weight,"[2048,11008]",config+architecture,SiLU(gate)*up precedes this GEMM
models--Qwen--Qwen2.5-3B-Instruct,28,prefill,3,model.layers.3.self_attn.q_proj,linear,,B*S,2048,2048,27,model.layers.3.self_attn.q_proj.weight,"[2048,2048]",config+architecture,
models--Qwen--Qwen2.5-3B-Instruct,29,prefill,3,model.layers.3.self_attn.k_proj,linear,,B*S,256,2048,27,model.layers.3.self_attn.k_proj.weight,"[256,2048]",config+architecture,
models--Qwen--Qwen2.5-3B-Instruct,30,prefill,3,model.layers.3.self_attn.v_proj,linear,,B*S,256,2048,27,model.layers.3.self_attn.v_proj.weight,"[256,2048]",config+architecture,
models--Qwen--Qwen2.5-3B-Instruct,31,prefill,3,model.layers.3.self_attn.qk,batched_matmul,B*QH,S,S,128,28;29,,,config+architecture,"GQA QH=16, KVH=2; effective KV may be capped by sliding_window=32768"
models--Qwen--Qwen2.5-3B-Instruct,32,prefill,3,model.layers.3.self_attn.pv,batched_matmul,B*QH,S,128,S,31;30,,,config+architecture,softmax/mask is a non-matmul dependency bridge
models--Qwen--Qwen2.5-3B-Instruct,33,prefill,3,model.layers.3.self_attn.o_proj,linear,,B*S,2048,2048,32,model.layers.3.self_attn.o_proj.weight,"[2048,2048]",config+architecture,
models--Qwen--Qwen2.5-3B-Instruct,34,prefill,3,model.layers.3.mlp.gate_proj,linear,,B*S,11008,2048,33,model.layers.3.mlp.gate_proj.weight,"[11008,2048]",config+architecture,
models--Qwen--Qwen2.5-3B-Instruct,35,prefill,3,model.layers.3.mlp.up_proj,linear,,B*S,11008,2048,33,model.layers.3.mlp.up_proj.weight,"[11008,2048]",config+architecture,
models--Qwen--Qwen2.5-3B-Instruct,36,prefill,3,model.layers.3.mlp.down_proj,linear,,B*S,2048,11008,34;35,model.layers.3.mlp.down_proj.weight,"[2048,11008]",config+architecture,SiLU(gate)*up precedes this GEMM
models--Qwen--Qwen2.5-3B-Instruct,37,prefill,4,model.layers.4.self_attn.q_proj,linear,,B*S,2048,2048,36,model.layers.4.self_attn.q_proj.weight,"[2048,2048]",config+architecture,
models--Qwen--Qwen2.5-3B-Instruct,38,prefill,4,model.layers.4.self_attn.k_proj,linear,,B*S,256,2048,36,model.layers.4.self_attn.k_proj.weight,"[256,2048]",config+architecture,
models--Qwen--Qwen2.5-3B-Instruct,39,prefill,4,model.layers.4.self_attn.v_proj,linear,,B*S,256,2048,36,model.layers.4.self_attn.v_proj.weight,"[256,2048]",config+architecture,
models--Qwen--Qwen2.5-3B-Instruct,40,prefill,4,model.layers.4.self_attn.qk,batched_matmul,B*QH,S,S,128,37;38,,,config+architecture,"GQA QH=16, KVH=2; effective KV may be capped by sliding_window=32768"
models--Qwen--Qwen2.5-3B-Instruct,41,prefill,4,model.layers.4.self_attn.pv,batched_matmul,B*QH,S,128,S,40;39,,,config+architecture,softmax/mask is a non-matmul dependency bridge
models--Qwen--Qwen2.5-3B-Instruct,42,prefill,4,model.layers.4.self_attn.o_proj,linear,,B*S,2048,2048,41,model.layers.4.self_attn.o_proj.weight,"[2048,2048]",config+architecture,
models--Qwen--Qwen2.5-3B-Instruct,43,prefill,4,model.layers.4.mlp.gate_proj,linear,,B*S,11008,2048,42,model.layers.4.mlp.gate_proj.weight,"[11008,2048]",config+architecture,
models--Qwen--Qwen2.5-3B-Instruct,44,prefill,4,model.layers.4.mlp.up_proj,linear,,B*S,11008,2048,42,model.layers.4.mlp.up_proj.weight,"[11008,2048]",config+architecture,
models--Qwen--Qwen2.5-3B-Instruct,45,prefill,4,model.layers.4.mlp.down_proj,linear,,B*S,2048,11008,43;44,model.layers.4.mlp.down_proj.weight,"[2048,11008]",config+architecture,SiLU(gate)*up precedes this GEMM
models--Qwen--Qwen2.5-3B-Instruct,46,prefill,5,model.layers.5.self_attn.q_proj,linear,,B*S,2048,2048,45,model.layers.5.self_attn.q_proj.weight,"[2048,2048]",config+architecture,
models--Qwen--Qwen2.5-3B-Instruct,47,prefill,5,model.layers.5.self_attn.k_proj,linear,,B*S,256,2048,45,model.layers.5.self_attn.k_proj.weight,"[256,2048]",config+architecture,
models--Qwen--Qwen2.5-3B-Instruct,48,prefill,5,model.layers.5.self_attn.v_proj,linear,,B*S,256,2048,45,model.layers.5.self_attn.v_proj.weight,"[256,2048]",config+architecture,
models--Qwen--Qwen2.5-3B-Instruct,49,prefill,5,model.layers.5.self_attn.qk,batched_matmul,B*QH,S,S,128,46;47,,,config+architecture,"GQA QH=16, KVH=2; effective KV may be capped by sliding_window=32768"
models--Qwen--Qwen2.5-3B-Instruct,50,prefill,5,model.layers.5.self_attn.pv,batched_matmul,B*QH,S,128,S,49;48,,,config+architecture,softmax/mask is a non-matmul dependency bridge
models--Qwen--Qwen2.5-3B-Instruct,51,prefill,5,model.layers.5.self_attn.o_proj,linear,,B*S,2048,2048,50,model.layers.5.self_attn.o_proj.weight,"[2048,2048]",config+architecture,
models--Qwen--Qwen2.5-3B-Instruct,52,prefill,5,model.layers.5.mlp.gate_proj,linear,,B*S,11008,2048,51,model.layers.5.mlp.gate_proj.weight,"[11008,2048]",config+architecture,
models--Qwen--Qwen2.5-3B-Instruct,53,prefill,5,model.layers.5.mlp.up_proj,linear,,B*S,11008,2048,51,model.layers.5.mlp.up_proj.weight,"[11008,2048]",config+architecture,
models--Qwen--Qwen2.5-3B-Instruct,54,prefill,5,model.layers.5.mlp.down_proj,linear,,B*S,2048,11008,52;53,model.layers.5.mlp.down_proj.weight,"[2048,11008]",config+architecture,SiLU(gate)*up precedes this GEMM
models--Qwen--Qwen2.5-3B-Instruct,55,prefill,6,model.layers.6.self_attn.q_proj,linear,,B*S,2048,2048,54,model.layers.6.self_attn.q_proj.weight,"[2048,2048]",config+architecture,
models--Qwen--Qwen2.5-3B-Instruct,56,prefill,6,model.layers.6.self_attn.k_proj,linear,,B*S,256,2048,54,model.layers.6.self_attn.k_proj.weight,"[256,2048]",config+architecture,
models--Qwen--Qwen2.5-3B-Instruct,57,prefill,6,model.layers.6.self_attn.v_proj,linear,,B*S,256,2048,54,model.layers.6.self_attn.v_proj.weight,"[256,2048]",config+architecture,
models--Qwen--Qwen2.5-3B-Instruct,58,prefill,6,model.layers.6.self_attn.qk,batched_matmul,B*QH,S,S,128,55;56,,,config+architecture,"GQA QH=16, KVH=2; effective KV may be capped by sliding_window=32768"
models--Qwen--Qwen2.5-3B-Instruct,59,prefill,6,model.layers.6.self_attn.pv,batched_matmul,B*QH,S,128,S,58;57,,,config+architecture,softmax/mask is a non-matmul dependency bridge
models--Qwen--Qwen2.5-3B-Instruct,60,prefill,6,model.layers.6.self_attn.o_proj,linear,,B*S,2048,2048,59,model.layers.6.self_attn.o_proj.weight,"[2048,2048]",config+architecture,
models--Qwen--Qwen2.5-3B-Instruct,61,prefill,6,model.layers.6.mlp.gate_proj,linear,,B*S,11008,2048,60,model.layers.6.mlp.gate_proj.weight,"[11008,2048]",config+architecture,
models--Qwen--Qwen2.5-3B-Instruct,62,prefill,6,model.layers.6.mlp.up_proj,linear,,B*S,11008,2048,60,model.layers.6.mlp.up_proj.weight,"[11008,2048]",config+architecture,
models--Qwen--Qwen2.5-3B-Instruct,63,prefill,6,model.layers.6.mlp.down_proj,linear,,B*S,2048,11008,61;62,model.layers.6.mlp.down_proj.weight,"[2048,11008]",config+architecture,SiLU(gate)*up precedes this GEMM
models--Qwen--Qwen2.5-3B-Instruct,64,prefill,7,model.layers.7.self_attn.q_proj,linear,,B*S,2048,2048,63,model.layers.7.self_attn.q_proj.weight,"[2048,2048]",config+architecture,
models--Qwen--Qwen2.5-3B-Instruct,65,prefill,7,model.layers.7.self_attn.k_proj,linear,,B*S,256,2048,63,model.layers.7.self_attn.k_proj.weight,"[256,2048]",config+architecture,
models--Qwen--Qwen2.5-3B-Instruct,66,prefill,7,model.layers.7.self_attn.v_proj,linear,,B*S,256,2048,63,model.layers.7.self_attn.v_proj.weight,"[256,2048]",config+architecture,
models--Qwen--Qwen2.5-3B-Instruct,67,prefill,7,model.layers.7.self_attn.qk,batched_matmul,B*QH,S,S,128,64;65,,,config+architecture,"GQA QH=16, KVH=2; effective KV may be capped by sliding_window=32768"
models--Qwen--Qwen2.5-3B-Instruct,68,prefill,7,model.layers.7.self_attn.pv,batched_matmul,B*QH,S,128,S,67;66,,,config+architecture,softmax/mask is a non-matmul dependency bridge
models--Qwen--Qwen2.5-3B-Instruct,69,prefill,7,model.layers.7.self_attn.o_proj,linear,,B*S,2048,2048,68,model.layers.7.self_attn.o_proj.weight,"[2048,2048]",config+architecture,
models--Qwen--Qwen2.5-3B-Instruct,70,prefill,7,model.layers.7.mlp.gate_proj,linear,,B*S,11008,2048,69,model.layers.7.mlp.gate_proj.weight,"[11008,2048]",config+architecture,
models--Qwen--Qwen2.5-3B-Instruct,71,prefill,7,model.layers.7.mlp.up_proj,linear,,B*S,11008,2048,69,model.layers.7.mlp.up_proj.weight,"[11008,2048]",config+architecture,
models--Qwen--Qwen2.5-3B-Instruct,72,prefill,7,model.layers.7.mlp.down_proj,linear,,B*S,2048,11008,70;71,model.layers.7.mlp.down_proj.weight,"[2048,11008]",config+architecture,SiLU(gate)*up precedes this GEMM
models--Qwen--Qwen2.5-3B-Instruct,73,prefill,8,model.layers.8.self_attn.q_proj,linear,,B*S,2048,2048,72,model.layers.8.self_attn.q_proj.weight,"[2048,2048]",config+architecture,
models--Qwen--Qwen2.5-3B-Instruct,74,prefill,8,model.layers.8.self_attn.k_proj,linear,,B*S,256,2048,72,model.layers.8.self_attn.k_proj.weight,"[256,2048]",config+architecture,
models--Qwen--Qwen2.5-3B-Instruct,75,prefill,8,model.layers.8.self_attn.v_proj,linear,,B*S,256,2048,72,model.layers.8.self_attn.v_proj.weight,"[256,2048]",config+architecture,
models--Qwen--Qwen2.5-3B-Instruct,76,prefill,8,model.layers.8.self_attn.qk,batched_matmul,B*QH,S,S,128,73;74,,,config+architecture,"GQA QH=16, KVH=2; effective KV may be capped by sliding_window=32768"
models--Qwen--Qwen2.5-3B-Instruct,77,prefill,8,model.layers.8.self_attn.pv,batched_matmul,B*QH,S,128,S,76;75,,,config+architecture,softmax/mask is a non-matmul dependency bridge
models--Qwen--Qwen2.5-3B-Instruct,78,prefill,8,model.layers.8.self_attn.o_proj,linear,,B*S,2048,2048,77,model.layers.8.self_attn.o_proj.weight,"[2048,2048]",config+architecture,
models--Qwen--Qwen2.5-3B-Instruct,79,prefill,8,model.layers.8.mlp.gate_proj,linear,,B*S,11008,2048,78,model.layers.8.mlp.gate_proj.weight,"[11008,2048]",config+architecture,
models--Qwen--Qwen2.5-3B-Instruct,80,prefill,8,model.layers.8.mlp.up_proj,linear,,B*S,11008,2048,78,model.layers.8.mlp.up_proj.weight,"[11008,2048]",config+architecture,
models--Qwen--Qwen2.5-3B-Instruct,81,prefill,8,model.layers.8.mlp.down_proj,linear,,B*S,2048,11008,79;80,model.layers.8.mlp.down_proj.weight,"[2048,11008]",config+architecture,SiLU(gate)*up precedes this GEMM
models--Qwen--Qwen2.5-3B-Instruct,82,prefill,9,model.layers.9.self_attn.q_proj,linear,,B*S,2048,2048,81,model.layers.9.self_attn.q_proj.weight,"[2048,2048]",config+architecture,
models--Qwen--Qwen2.5-3B-Instruct,83,prefill,9,model.layers.9.self_attn.k_proj,linear,,B*S,256,2048,81,model.layers.9.self_attn.k_proj.weight,"[256,2048]",config+architecture,
models--Qwen--Qwen2.5-3B-Instruct,84,prefill,9,model.layers.9.self_attn.v_proj,linear,,B*S,256,2048,81,model.layers.9.self_attn.v_proj.weight,"[256,2048]",config+architecture,
models--Qwen--Qwen2.5-3B-Instruct,85,prefill,9,model.layers.9.self_attn.qk,batched_matmul,B*QH,S,S,128,82;83,,,config+architecture,"GQA QH=16, KVH=2; effective KV may be capped by sliding_window=32768"
models--Qwen--Qwen2.5-3B-Instruct,86,prefill,9,model.layers.9.self_attn.pv,batched_matmul,B*QH,S,128,S,85;84,,,config+architecture,softmax/mask is a non-matmul dependency bridge
models--Qwen--Qwen2.5-3B-Instruct,87,prefill,9,model.layers.9.self_attn.o_proj,linear,,B*S,2048,2048,86,model.layers.9.self_attn.o_proj.weight,"[2048,2048]",config+architecture,
models--Qwen--Qwen2.5-3B-Instruct,88,prefill,9,model.layers.9.mlp.gate_proj,linear,,B*S,11008,2048,87,model.layers.9.mlp.gate_proj.weight,"[11008,2048]",config+architecture,
models--Qwen--Qwen2.5-3B-Instruct,89,prefill,9,model.layers.9.mlp.up_proj,linear,,B*S,11008,2048,87,model.layers.9.mlp.up_proj.weight,"[11008,2048]",config+architecture,
models--Qwen--Qwen2.5-3B-Instruct,90,prefill,9,model.layers.9.mlp.down_proj,linear,,B*S,2048,11008,88;89,model.layers.9.mlp.down_proj.weight,"[2048,11008]",config+architecture,SiLU(gate)*up precedes this GEMM
models--Qwen--Qwen2.5-3B-Instruct,91,prefill,10,model.layers.10.self_attn.q_proj,linear,,B*S,2048,2048,90,model.layers.10.self_attn.q_proj.weight,"[2048,2048]",config+architecture,
models--Qwen--Qwen2.5-3B-Instruct,92,prefill,10,model.layers.10.self_attn.k_proj,linear,,B*S,256,2048,90,model.layers.10.self_attn.k_proj.weight,"[256,2048]",config+architecture,
models--Qwen--Qwen2.5-3B-Instruct,93,prefill,10,model.layers.10.self_attn.v_proj,linear,,B*S,256,2048,90,model.layers.10.self_attn.v_proj.weight,"[256,2048]",config+architecture,
models--Qwen--Qwen2.5-3B-Instruct,94,prefill,10,model.layers.10.self_attn.qk,batched_matmul,B*QH,S,S,128,91;92,,,config+architecture,"GQA QH=16, KVH=2; effective KV may be capped by sliding_window=32768"
models--Qwen--Qwen2.5-3B-Instruct,95,prefill,10,model.layers.10.self_attn.pv,batched_matmul,B*QH,S,128,S,94;93,,,config+architecture,softmax/mask is a non-matmul dependency bridge
models--Qwen--Qwen2.5-3B-Instruct,96,prefill,10,model.layers.10.self_attn.o_proj,linear,,B*S,2048,2048,95,model.layers.10.self_attn.o_proj.weight,"[2048,2048]",config+architecture,
models--Qwen--Qwen2.5-3B-Instruct,97,prefill,10,model.layers.10.mlp.gate_proj,linear,,B*S,11008,2048,96,model.layers.10.mlp.gate_proj.weight,"[11008,2048]",config+architecture,
models--Qwen--Qwen2.5-3B-Instruct,98,prefill,10,model.layers.10.mlp.up_proj,linear,,B*S,11008,2048,96,model.layers.10.mlp.up_proj.weight,"[11008,2048]",config+architecture,
models--Qwen--Qwen2.5-3B-Instruct,99,prefill,10,model.layers.10.mlp.down_proj,linear,,B*S,2048,11008,97;98,model.layers.10.mlp.down_proj.weight,"[2048,11008]",config+architecture,SiLU(gate)*up precedes this GEMM
models--Qwen--Qwen2.5-3B-Instruct,100,prefill,11,model.layers.11.self_attn.q_proj,linear,,B*S,2048,2048,99,model.layers.11.self_attn.q_proj.weight,"[2048,2048]",config+architecture,
models--Qwen--Qwen2.5-3B-Instruct,101,prefill,11,model.layers.11.self_attn.k_proj,linear,,B*S,256,2048,99,model.layers.11.self_attn.k_proj.weight,"[256,2048]",config+architecture,
models--Qwen--Qwen2.5-3B-Instruct,102,prefill,11,model.layers.11.self_attn.v_proj,linear,,B*S,256,2048,99,model.layers.11.self_attn.v_proj.weight,"[256,2048]",config+architecture,
models--Qwen--Qwen2.5-3B-Instruct,103,prefill,11,model.layers.11.self_attn.qk,batched_matmul,B*QH,S,S,128,100;101,,,config+architecture,"GQA QH=16, KVH=2; effective KV may be capped by sliding_window=32768"
models--Qwen--Qwen2.5-3B-Instruct,104,prefill,11,model.layers.11.self_attn.pv,batched_matmul,B*QH,S,128,S,103;102,,,config+architecture,softmax/mask is a non-matmul dependency bridge
models--Qwen--Qwen2.5-3B-Instruct,105,prefill,11,model.layers.11.self_attn.o_proj,linear,,B*S,2048,2048,104,model.layers.11.self_attn.o_proj.weight,"[2048,2048]",config+architecture,
models--Qwen--Qwen2.5-3B-Instruct,106,prefill,11,model.layers.11.mlp.gate_proj,linear,,B*S,11008,2048,105,model.layers.11.mlp.gate_proj.weight,"[11008,2048]",config+architecture,
models--Qwen--Qwen2.5-3B-Instruct,107,prefill,11,model.layers.11.mlp.up_proj,linear,,B*S,11008,2048,105,model.layers.11.mlp.up_proj.weight,"[11008,2048]",config+architecture,
models--Qwen--Qwen2.5-3B-Instruct,108,prefill,11,model.layers.11.mlp.down_proj,linear,,B*S,2048,11008,106;107,model.layers.11.mlp.down_proj.weight,"[2048,11008]",config+architecture,SiLU(gate)*up precedes this GEMM
models--Qwen--Qwen2.5-3B-Instruct,109,prefill,12,model.layers.12.self_attn.q_proj,linear,,B*S,2048,2048,108,model.layers.12.self_attn.q_proj.weight,"[2048,2048]",config+architecture,
models--Qwen--Qwen2.5-3B-Instruct,110,prefill,12,model.layers.12.self_attn.k_proj,linear,,B*S,256,2048,108,model.layers.12.self_attn.k_proj.weight,"[256,2048]",config+architecture,
models--Qwen--Qwen2.5-3B-Instruct,111,prefill,12,model.layers.12.self_attn.v_proj,linear,,B*S,256,2048,108,model.layers.12.self_attn.v_proj.weight,"[256,2048]",config+architecture,
models--Qwen--Qwen2.5-3B-Instruct,112,prefill,12,model.layers.12.self_attn.qk,batched_matmul,B*QH,S,S,128,109;110,,,config+architecture,"GQA QH=16, KVH=2; effective KV may be capped by sliding_window=32768"
models--Qwen--Qwen2.5-3B-Instruct,113,prefill,12,model.layers.12.self_attn.pv,batched_matmul,B*QH,S,128,S,112;111,,,config+architecture,softmax/mask is a non-matmul dependency bridge
models--Qwen--Qwen2.5-3B-Instruct,114,prefill,12,model.layers.12.self_attn.o_proj,linear,,B*S,2048,2048,113,model.layers.12.self_attn.o_proj.weight,"[2048,2048]",config+architecture,
models--Qwen--Qwen2.5-3B-Instruct,115,prefill,12,model.layers.12.mlp.gate_proj,linear,,B*S,11008,2048,114,model.layers.12.mlp.gate_proj.weight,"[11008,2048]",config+architecture,
models--Qwen--Qwen2.5-3B-Instruct,116,prefill,12,model.layers.12.mlp.up_proj,linear,,B*S,11008,2048,114,model.layers.12.mlp.up_proj.weight,"[11008,2048]",config+architecture,
models--Qwen--Qwen2.5-3B-Instruct,117,prefill,12,model.layers.12.mlp.down_proj,linear,,B*S,2048,11008,115;116,model.layers.12.mlp.down_proj.weight,"[2048,11008]",config+architecture,SiLU(gate)*up precedes this GEMM
models--Qwen--Qwen2.5-3B-Instruct,118,prefill,13,model.layers.13.self_attn.q_proj,linear,,B*S,2048,2048,117,model.layers.13.self_attn.q_proj.weight,"[2048,2048]",config+architecture,
models--Qwen--Qwen2.5-3B-Instruct,119,prefill,13,model.layers.13.self_attn.k_proj,linear,,B*S,256,2048,117,model.layers.13.self_attn.k_proj.weight,"[256,2048]",config+architecture,
models--Qwen--Qwen2.5-3B-Instruct,120,prefill,13,model.layers.13.self_attn.v_proj,linear,,B*S,256,2048,117,model.layers.13.self_attn.v_proj.weight,"[256,2048]",config+architecture,
models--Qwen--Qwen2.5-3B-Instruct,121,prefill,13,model.layers.13.self_attn.qk,batched_matmul,B*QH,S,S,128,118;119,,,config+architecture,"GQA QH=16, KVH=2; effective KV may be capped by sliding_window=32768"
models--Qwen--Qwen2.5-3B-Instruct,122,prefill,13,model.layers.13.self_attn.pv,batched_matmul,B*QH,S,128,S,121;120,,,config+architecture,softmax/mask is a non-matmul dependency bridge
models--Qwen--Qwen2.5-3B-Instruct,123,prefill,13,model.layers.13.self_attn.o_proj,linear,,B*S,2048,2048,122,model.layers.13.self_attn.o_proj.weight,"[2048,2048]",config+architecture,
models--Qwen--Qwen2.5-3B-Instruct,124,prefill,13,model.layers.13.mlp.gate_proj,linear,,B*S,11008,2048,123,model.layers.13.mlp.gate_proj.weight,"[11008,2048]",config+architecture,
models--Qwen--Qwen2.5-3B-Instruct,125,prefill,13,model.layers.13.mlp.up_proj,linear,,B*S,11008,2048,123,model.layers.13.mlp.up_proj.weight,"[11008,2048]",config+architecture,
models--Qwen--Qwen2.5-3B-Instruct,126,prefill,13,model.layers.13.mlp.down_proj,linear,,B*S,2048,11008,124;125,model.layers.13.mlp.down_proj.weight,"[2048,11008]",config+architecture,SiLU(gate)*up precedes this GEMM
models--Qwen--Qwen2.5-3B-Instruct,127,prefill,14,model.layers.14.self_attn.q_proj,linear,,B*S,2048,2048,126,model.layers.14.self_attn.q_proj.weight,"[2048,2048]",config+architecture,
models--Qwen--Qwen2.5-3B-Instruct,128,prefill,14,model.layers.14.self_attn.k_proj,linear,,B*S,256,2048,126,model.layers.14.self_attn.k_proj.weight,"[256,2048]",config+architecture,
models--Qwen--Qwen2.5-3B-Instruct,129,prefill,14,model.layers.14.self_attn.v_proj,linear,,B*S,256,2048,126,model.layers.14.self_attn.v_proj.weight,"[256,2048]",config+architecture,
models--Qwen--Qwen2.5-3B-Instruct,130,prefill,14,model.layers.14.self_attn.qk,batched_matmul,B*QH,S,S,128,127;128,,,config+architecture,"GQA QH=16, KVH=2; effective KV may be capped by sliding_window=32768"
models--Qwen--Qwen2.5-3B-Instruct,131,prefill,14,model.layers.14.self_attn.pv,batched_matmul,B*QH,S,128,S,130;129,,,config+architecture,softmax/mask is a non-matmul dependency bridge
models--Qwen--Qwen2.5-3B-Instruct,132,prefill,14,model.layers.14.self_attn.o_proj,linear,,B*S,2048,2048,131,model.layers.14.self_attn.o_proj.weight,"[2048,2048]",config+architecture,
models--Qwen--Qwen2.5-3B-Instruct,133,prefill,14,model.layers.14.mlp.gate_proj,linear,,B*S,11008,2048,132,model.layers.14.mlp.gate_proj.weight,"[11008,2048]",config+architecture,
models--Qwen--Qwen2.5-3B-Instruct,134,prefill,14,model.layers.14.mlp.up_proj,linear,,B*S,11008,2048,132,model.layers.14.mlp.up_proj.weight,"[11008,2048]",config+architecture,
models--Qwen--Qwen2.5-3B-Instruct,135,prefill,14,model.layers.14.mlp.down_proj,linear,,B*S,2048,11008,133;134,model.layers.14.mlp.down_proj.weight,"[2048,11008]",config+architecture,SiLU(gate)*up precedes this GEMM
models--Qwen--Qwen2.5-3B-Instruct,136,prefill,15,model.layers.15.self_attn.q_proj,linear,,B*S,2048,2048,135,model.layers.15.self_attn.q_proj.weight,"[2048,2048]",config+architecture,
models--Qwen--Qwen2.5-3B-Instruct,137,prefill,15,model.layers.15.self_attn.k_proj,linear,,B*S,256,2048,135,model.layers.15.self_attn.k_proj.weight,"[256,2048]",config+architecture,
models--Qwen--Qwen2.5-3B-Instruct,138,prefill,15,model.layers.15.self_attn.v_proj,linear,,B*S,256,2048,135,model.layers.15.self_attn.v_proj.weight,"[256,2048]",config+architecture,
models--Qwen--Qwen2.5-3B-Instruct,139,prefill,15,model.layers.15.self_attn.qk,batched_matmul,B*QH,S,S,128,136;137,,,config+architecture,"GQA QH=16, KVH=2; effective KV may be capped by sliding_window=32768"
models--Qwen--Qwen2.5-3B-Instruct,140,prefill,15,model.layers.15.self_attn.pv,batched_matmul,B*QH,S,128,S,139;138,,,config+architecture,softmax/mask is a non-matmul dependency bridge
models--Qwen--Qwen2.5-3B-Instruct,141,prefill,15,model.layers.15.self_attn.o_proj,linear,,B*S,2048,2048,140,model.layers.15.self_attn.o_proj.weight,"[2048,2048]",config+architecture,
models--Qwen--Qwen2.5-3B-Instruct,142,prefill,15,model.layers.15.mlp.gate_proj,linear,,B*S,11008,2048,141,model.layers.15.mlp.gate_proj.weight,"[11008,2048]",config+architecture,
models--Qwen--Qwen2.5-3B-Instruct,143,prefill,15,model.layers.15.mlp.up_proj,linear,,B*S,11008,2048,141,model.layers.15.mlp.up_proj.weight,"[11008,2048]",config+architecture,
models--Qwen--Qwen2.5-3B-Instruct,144,prefill,15,model.layers.15.mlp.down_proj,linear,,B*S,2048,11008,142;143,model.layers.15.mlp.down_proj.weight,"[2048,11008]",config+architecture,SiLU(gate)*up precedes this GEMM
models--Qwen--Qwen2.5-3B-Instruct,145,prefill,16,model.layers.16.self_attn.q_proj,linear,,B*S,2048,2048,144,model.layers.16.self_attn.q_proj.weight,"[2048,2048]",config+architecture,
models--Qwen--Qwen2.5-3B-Instruct,146,prefill,16,model.layers.16.self_attn.k_proj,linear,,B*S,256,2048,144,model.layers.16.self_attn.k_proj.weight,"[256,2048]",config+architecture,
models--Qwen--Qwen2.5-3B-Instruct,147,prefill,16,model.layers.16.self_attn.v_proj,linear,,B*S,256,2048,144,model.layers.16.self_attn.v_proj.weight,"[256,2048]",config+architecture,
models--Qwen--Qwen2.5-3B-Instruct,148,prefill,16,model.layers.16.self_attn.qk,batched_matmul,B*QH,S,S,128,145;146,,,config+architecture,"GQA QH=16, KVH=2; effective KV may be capped by sliding_window=32768"
models--Qwen--Qwen2.5-3B-Instruct,149,prefill,16,model.layers.16.self_attn.pv,batched_matmul,B*QH,S,128,S,148;147,,,config+architecture,softmax/mask is a non-matmul dependency bridge
models--Qwen--Qwen2.5-3B-Instruct,150,prefill,16,model.layers.16.self_attn.o_proj,linear,,B*S,2048,2048,149,model.layers.16.self_attn.o_proj.weight,"[2048,2048]",config+architecture,
models--Qwen--Qwen2.5-3B-Instruct,151,prefill,16,model.layers.16.mlp.gate_proj,linear,,B*S,11008,2048,150,model.layers.16.mlp.gate_proj.weight,"[11008,2048]",config+architecture,
models--Qwen--Qwen2.5-3B-Instruct,152,prefill,16,model.layers.16.mlp.up_proj,linear,,B*S,11008,2048,150,model.layers.16.mlp.up_proj.weight,"[11008,2048]",config+architecture,
models--Qwen--Qwen2.5-3B-Instruct,153,prefill,16,model.layers.16.mlp.down_proj,linear,,B*S,2048,11008,151;152,model.layers.16.mlp.down_proj.weight,"[2048,11008]",config+architecture,SiLU(gate)*up precedes this GEMM
models--Qwen--Qwen2.5-3B-Instruct,154,prefill,17,model.layers.17.self_attn.q_proj,linear,,B*S,2048,2048,153,model.layers.17.self_attn.q_proj.weight,"[2048,2048]",config+architecture,
models--Qwen--Qwen2.5-3B-Instruct,155,prefill,17,model.layers.17.self_attn.k_proj,linear,,B*S,256,2048,153,model.layers.17.self_attn.k_proj.weight,"[256,2048]",config+architecture,
models--Qwen--Qwen2.5-3B-Instruct,156,prefill,17,model.layers.17.self_attn.v_proj,linear,,B*S,256,2048,153,model.layers.17.self_attn.v_proj.weight,"[256,2048]",config+architecture,
models--Qwen--Qwen2.5-3B-Instruct,157,prefill,17,model.layers.17.self_attn.qk,batched_matmul,B*QH,S,S,128,154;155,,,config+architecture,"GQA QH=16, KVH=2; effective KV may be capped by sliding_window=32768"
models--Qwen--Qwen2.5-3B-Instruct,158,prefill,17,model.layers.17.self_attn.pv,batched_matmul,B*QH,S,128,S,157;156,,,config+architecture,softmax/mask is a non-matmul dependency bridge
models--Qwen--Qwen2.5-3B-Instruct,159,prefill,17,model.layers.17.self_attn.o_proj,linear,,B*S,2048,2048,158,model.layers.17.self_attn.o_proj.weight,"[2048,2048]",config+architecture,
models--Qwen--Qwen2.5-3B-Instruct,160,prefill,17,model.layers.17.mlp.gate_proj,linear,,B*S,11008,2048,159,model.layers.17.mlp.gate_proj.weight,"[11008,2048]",config+architecture,
models--Qwen--Qwen2.5-3B-Instruct,161,prefill,17,model.layers.17.mlp.up_proj,linear,,B*S,11008,2048,159,model.layers.17.mlp.up_proj.weight,"[11008,2048]",config+architecture,
models--Qwen--Qwen2.5-3B-Instruct,162,prefill,17,model.layers.17.mlp.down_proj,linear,,B*S,2048,11008,160;161,model.layers.17.mlp.down_proj.weight,"[2048,11008]",config+architecture,SiLU(gate)*up precedes this GEMM
models--Qwen--Qwen2.5-3B-Instruct,163,prefill,18,model.layers.18.self_attn.q_proj,linear,,B*S,2048,2048,162,model.layers.18.self_attn.q_proj.weight,"[2048,2048]",config+architecture,
models--Qwen--Qwen2.5-3B-Instruct,164,prefill,18,model.layers.18.self_attn.k_proj,linear,,B*S,256,2048,162,model.layers.18.self_attn.k_proj.weight,"[256,2048]",config+architecture,
models--Qwen--Qwen2.5-3B-Instruct,165,prefill,18,model.layers.18.self_attn.v_proj,linear,,B*S,256,2048,162,model.layers.18.self_attn.v_proj.weight,"[256,2048]",config+architecture,
models--Qwen--Qwen2.5-3B-Instruct,166,prefill,18,model.layers.18.self_attn.qk,batched_matmul,B*QH,S,S,128,163;164,,,config+architecture,"GQA QH=16, KVH=2; effective KV may be capped by sliding_window=32768"
models--Qwen--Qwen2.5-3B-Instruct,167,prefill,18,model.layers.18.self_attn.pv,batched_matmul,B*QH,S,128,S,166;165,,,config+architecture,softmax/mask is a non-matmul dependency bridge
models--Qwen--Qwen2.5-3B-Instruct,168,prefill,18,model.layers.18.self_attn.o_proj,linear,,B*S,2048,2048,167,model.layers.18.self_attn.o_proj.weight,"[2048,2048]",config+architecture,
models--Qwen--Qwen2.5-3B-Instruct,169,prefill,18,model.layers.18.mlp.gate_proj,linear,,B*S,11008,2048,168,model.layers.18.mlp.gate_proj.weight,"[11008,2048]",config+architecture,
models--Qwen--Qwen2.5-3B-Instruct,170,prefill,18,model.layers.18.mlp.up_proj,linear,,B*S,11008,2048,168,model.layers.18.mlp.up_proj.weight,"[11008,2048]",config+architecture,
models--Qwen--Qwen2.5-3B-Instruct,171,prefill,18,model.layers.18.mlp.down_proj,linear,,B*S,2048,11008,169;170,model.layers.18.mlp.down_proj.weight,"[2048,11008]",config+architecture,SiLU(gate)*up precedes this GEMM
models--Qwen--Qwen2.5-3B-Instruct,172,prefill,19,model.layers.19.self_attn.q_proj,linear,,B*S,2048,2048,171,model.layers.19.self_attn.q_proj.weight,"[2048,2048]",config+architecture,
models--Qwen--Qwen2.5-3B-Instruct,173,prefill,19,model.layers.19.self_attn.k_proj,linear,,B*S,256,2048,171,model.layers.19.self_attn.k_proj.weight,"[256,2048]",config+architecture,
models--Qwen--Qwen2.5-3B-Instruct,174,prefill,19,model.layers.19.self_attn.v_proj,linear,,B*S,256,2048,171,model.layers.19.self_attn.v_proj.weight,"[256,2048]",config+architecture,
models--Qwen--Qwen2.5-3B-Instruct,175,prefill,19,model.layers.19.self_attn.qk,batched_matmul,B*QH,S,S,128,172;173,,,config+architecture,"GQA QH=16, KVH=2; effective KV may be capped by sliding_window=32768"
models--Qwen--Qwen2.5-3B-Instruct,176,prefill,19,model.layers.19.self_attn.pv,batched_matmul,B*QH,S,128,S,175;174,,,config+architecture,softmax/mask is a non-matmul dependency bridge
models--Qwen--Qwen2.5-3B-Instruct,177,prefill,19,model.layers.19.self_attn.o_proj,linear,,B*S,2048,2048,176,model.layers.19.self_attn.o_proj.weight,"[2048,2048]",config+architecture,
models--Qwen--Qwen2.5-3B-Instruct,178,prefill,19,model.layers.19.mlp.gate_proj,linear,,B*S,11008,2048,177,model.layers.19.mlp.gate_proj.weight,"[11008,2048]",config+architecture,
models--Qwen--Qwen2.5-3B-Instruct,179,prefill,19,model.layers.19.mlp.up_proj,linear,,B*S,11008,2048,177,model.layers.19.mlp.up_proj.weight,"[11008,2048]",config+architecture,
models--Qwen--Qwen2.5-3B-Instruct,180,prefill,19,model.layers.19.mlp.down_proj,linear,,B*S,2048,11008,178;179,model.layers.19.mlp.down_proj.weight,"[2048,11008]",config+architecture,SiLU(gate)*up precedes this GEMM
models--Qwen--Qwen2.5-3B-Instruct,181,prefill,20,model.layers.20.self_attn.q_proj,linear,,B*S,2048,2048,180,model.layers.20.self_attn.q_proj.weight,"[2048,2048]",config+architecture,
models--Qwen--Qwen2.5-3B-Instruct,182,prefill,20,model.layers.20.self_attn.k_proj,linear,,B*S,256,2048,180,model.layers.20.self_attn.k_proj.weight,"[256,2048]",config+architecture,
models--Qwen--Qwen2.5-3B-Instruct,183,prefill,20,model.layers.20.self_attn.v_proj,linear,,B*S,256,2048,180,model.layers.20.self_attn.v_proj.weight,"[256,2048]",config+architecture,
models--Qwen--Qwen2.5-3B-Instruct,184,prefill,20,model.layers.20.self_attn.qk,batched_matmul,B*QH,S,S,128,181;182,,,config+architecture,"GQA QH=16, KVH=2; effective KV may be capped by sliding_window=32768"
models--Qwen--Qwen2.5-3B-Instruct,185,prefill,20,model.layers.20.self_attn.pv,batched_matmul,B*QH,S,128,S,184;183,,,config+architecture,softmax/mask is a non-matmul dependency bridge
models--Qwen--Qwen2.5-3B-Instruct,186,prefill,20,model.layers.20.self_attn.o_proj,linear,,B*S,2048,2048,185,model.layers.20.self_attn.o_proj.weight,"[2048,2048]",config+architecture,
models--Qwen--Qwen2.5-3B-Instruct,187,prefill,20,model.layers.20.mlp.gate_proj,linear,,B*S,11008,2048,186,model.layers.20.mlp.gate_proj.weight,"[11008,2048]",config+architecture,
models--Qwen--Qwen2.5-3B-Instruct,188,prefill,20,model.layers.20.mlp.up_proj,linear,,B*S,11008,2048,186,model.layers.20.mlp.up_proj.weight,"[11008,2048]",config+architecture,
models--Qwen--Qwen2.5-3B-Instruct,189,prefill,20,model.layers.20.mlp.down_proj,linear,,B*S,2048,11008,187;188,model.layers.20.mlp.down_proj.weight,"[2048,11008]",config+architecture,SiLU(gate)*up precedes this GEMM
models--Qwen--Qwen2.5-3B-Instruct,190,prefill,21,model.layers.21.self_attn.q_proj,linear,,B*S,2048,2048,189,model.layers.21.self_attn.q_proj.weight,"[2048,2048]",config+architecture,
models--Qwen--Qwen2.5-3B-Instruct,191,prefill,21,model.layers.21.self_attn.k_proj,linear,,B*S,256,2048,189,model.layers.21.self_attn.k_proj.weight,"[256,2048]",config+architecture,
models--Qwen--Qwen2.5-3B-Instruct,192,prefill,21,model.layers.21.self_attn.v_proj,linear,,B*S,256,2048,189,model.layers.21.self_attn.v_proj.weight,"[256,2048]",config+architecture,
models--Qwen--Qwen2.5-3B-Instruct,193,prefill,21,model.layers.21.self_attn.qk,batched_matmul,B*QH,S,S,128,190;191,,,config+architecture,"GQA QH=16, KVH=2; effective KV may be capped by sliding_window=32768"
models--Qwen--Qwen2.5-3B-Instruct,194,prefill,21,model.layers.21.self_attn.pv,batched_matmul,B*QH,S,128,S,193;192,,,config+architecture,softmax/mask is a non-matmul dependency bridge
models--Qwen--Qwen2.5-3B-Instruct,195,prefill,21,model.layers.21.self_attn.o_proj,linear,,B*S,2048,2048,194,model.layers.21.self_attn.o_proj.weight,"[2048,2048]",config+architecture,
models--Qwen--Qwen2.5-3B-Instruct,196,prefill,21,model.layers.21.mlp.gate_proj,linear,,B*S,11008,2048,195,model.layers.21.mlp.gate_proj.weight,"[11008,2048]",config+architecture,
models--Qwen--Qwen2.5-3B-Instruct,197,prefill,21,model.layers.21.mlp.up_proj,linear,,B*S,11008,2048,195,model.layers.21.mlp.up_proj.weight,"[11008,2048]",config+architecture,
models--Qwen--Qwen2.5-3B-Instruct,198,prefill,21,model.layers.21.mlp.down_proj,linear,,B*S,2048,11008,196;197,model.layers.21.mlp.down_proj.weight,"[2048,11008]",config+architecture,SiLU(gate)*up precedes this GEMM
models--Qwen--Qwen2.5-3B-Instruct,199,prefill,22,model.layers.22.self_attn.q_proj,linear,,B*S,2048,2048,198,model.layers.22.self_attn.q_proj.weight,"[2048,2048]",config+architecture,
models--Qwen--Qwen2.5-3B-Instruct,200,prefill,22,model.layers.22.self_attn.k_proj,linear,,B*S,256,2048,198,model.layers.22.self_attn.k_proj.weight,"[256,2048]",config+architecture,
models--Qwen--Qwen2.5-3B-Instruct,201,prefill,22,model.layers.22.self_attn.v_proj,linear,,B*S,256,2048,198,model.layers.22.self_attn.v_proj.weight,"[256,2048]",config+architecture,
models--Qwen--Qwen2.5-3B-Instruct,202,prefill,22,model.layers.22.self_attn.qk,batched_matmul,B*QH,S,S,128,199;200,,,config+architecture,"GQA QH=16, KVH=2; effective KV may be capped by sliding_window=32768"
models--Qwen--Qwen2.5-3B-Instruct,203,prefill,22,model.layers.22.self_attn.pv,batched_matmul,B*QH,S,128,S,202;201,,,config+architecture,softmax/mask is a non-matmul dependency bridge
models--Qwen--Qwen2.5-3B-Instruct,204,prefill,22,model.layers.22.self_attn.o_proj,linear,,B*S,2048,2048,203,model.layers.22.self_attn.o_proj.weight,"[2048,2048]",config+architecture,
models--Qwen--Qwen2.5-3B-Instruct,205,prefill,22,model.layers.22.mlp.gate_proj,linear,,B*S,11008,2048,204,model.layers.22.mlp.gate_proj.weight,"[11008,2048]",config+architecture,
models--Qwen--Qwen2.5-3B-Instruct,206,prefill,22,model.layers.22.mlp.up_proj,linear,,B*S,11008,2048,204,model.layers.22.mlp.up_proj.weight,"[11008,2048]",config+architecture,
models--Qwen--Qwen2.5-3B-Instruct,207,prefill,22,model.layers.22.mlp.down_proj,linear,,B*S,2048,11008,205;206,model.layers.22.mlp.down_proj.weight,"[2048,11008]",config+architecture,SiLU(gate)*up precedes this GEMM
models--Qwen--Qwen2.5-3B-Instruct,208,prefill,23,model.layers.23.self_attn.q_proj,linear,,B*S,2048,2048,207,model.layers.23.self_attn.q_proj.weight,"[2048,2048]",config+architecture,
models--Qwen--Qwen2.5-3B-Instruct,209,prefill,23,model.layers.23.self_attn.k_proj,linear,,B*S,256,2048,207,model.layers.23.self_attn.k_proj.weight,"[256,2048]",config+architecture,
models--Qwen--Qwen2.5-3B-Instruct,210,prefill,23,model.layers.23.self_attn.v_proj,linear,,B*S,256,2048,207,model.layers.23.self_attn.v_proj.weight,"[256,2048]",config+architecture,
models--Qwen--Qwen2.5-3B-Instruct,211,prefill,23,model.layers.23.self_attn.qk,batched_matmul,B*QH,S,S,128,208;209,,,config+architecture,"GQA QH=16, KVH=2; effective KV may be capped by sliding_window=32768"
models--Qwen--Qwen2.5-3B-Instruct,212,prefill,23,model.layers.23.self_attn.pv,batched_matmul,B*QH,S,128,S,211;210,,,config+architecture,softmax/mask is a non-matmul dependency bridge
models--Qwen--Qwen2.5-3B-Instruct,213,prefill,23,model.layers.23.self_attn.o_proj,linear,,B*S,2048,2048,212,model.layers.23.self_attn.o_proj.weight,"[2048,2048]",config+architecture,
models--Qwen--Qwen2.5-3B-Instruct,214,prefill,23,model.layers.23.mlp.gate_proj,linear,,B*S,11008,2048,213,model.layers.23.mlp.gate_proj.weight,"[11008,2048]",config+architecture,
models--Qwen--Qwen2.5-3B-Instruct,215,prefill,23,model.layers.23.mlp.up_proj,linear,,B*S,11008,2048,213,model.layers.23.mlp.up_proj.weight,"[11008,2048]",config+architecture,
models--Qwen--Qwen2.5-3B-Instruct,216,prefill,23,model.layers.23.mlp.down_proj,linear,,B*S,2048,11008,214;215,model.layers.23.mlp.down_proj.weight,"[2048,11008]",config+architecture,SiLU(gate)*up precedes this GEMM
models--Qwen--Qwen2.5-3B-Instruct,217,prefill,24,model.layers.24.self_attn.q_proj,linear,,B*S,2048,2048,216,model.layers.24.self_attn.q_proj.weight,"[2048,2048]",config+architecture,
models--Qwen--Qwen2.5-3B-Instruct,218,prefill,24,model.layers.24.self_attn.k_proj,linear,,B*S,256,2048,216,model.layers.24.self_attn.k_proj.weight,"[256,2048]",config+architecture,
models--Qwen--Qwen2.5-3B-Instruct,219,prefill,24,model.layers.24.self_attn.v_proj,linear,,B*S,256,2048,216,model.layers.24.self_attn.v_proj.weight,"[256,2048]",config+architecture,
models--Qwen--Qwen2.5-3B-Instruct,220,prefill,24,model.layers.24.self_attn.qk,batched_matmul,B*QH,S,S,128,217;218,,,config+architecture,"GQA QH=16, KVH=2; effective KV may be capped by sliding_window=32768"
models--Qwen--Qwen2.5-3B-Instruct,221,prefill,24,model.layers.24.self_attn.pv,batched_matmul,B*QH,S,128,S,220;219,,,config+architecture,softmax/mask is a non-matmul dependency bridge
models--Qwen--Qwen2.5-3B-Instruct,222,prefill,24,model.layers.24.self_attn.o_proj,linear,,B*S,2048,2048,221,model.layers.24.self_attn.o_proj.weight,"[2048,2048]",config+architecture,
models--Qwen--Qwen2.5-3B-Instruct,223,prefill,24,model.layers.24.mlp.gate_proj,linear,,B*S,11008,2048,222,model.layers.24.mlp.gate_proj.weight,"[11008,2048]",config+architecture,
models--Qwen--Qwen2.5-3B-Instruct,224,prefill,24,model.layers.24.mlp.up_proj,linear,,B*S,11008,2048,222,model.layers.24.mlp.up_proj.weight,"[11008,2048]",config+architecture,
models--Qwen--Qwen2.5-3B-Instruct,225,prefill,24,model.layers.24.mlp.down_proj,linear,,B*S,2048,11008,223;224,model.layers.24.mlp.down_proj.weight,"[2048,11008]",config+architecture,SiLU(gate)*up precedes this GEMM
models--Qwen--Qwen2.5-3B-Instruct,226,prefill,25,model.layers.25.self_attn.q_proj,linear,,B*S,2048,2048,225,model.layers.25.self_attn.q_proj.weight,"[2048,2048]",config+architecture,
models--Qwen--Qwen2.5-3B-Instruct,227,prefill,25,model.layers.25.self_attn.k_proj,linear,,B*S,256,2048,225,model.layers.25.self_attn.k_proj.weight,"[256,2048]",config+architecture,
models--Qwen--Qwen2.5-3B-Instruct,228,prefill,25,model.layers.25.self_attn.v_proj,linear,,B*S,256,2048,225,model.layers.25.self_attn.v_proj.weight,"[256,2048]",config+architecture,
models--Qwen--Qwen2.5-3B-Instruct,229,prefill,25,model.layers.25.self_attn.qk,batched_matmul,B*QH,S,S,128,226;227,,,config+architecture,"GQA QH=16, KVH=2; effective KV may be capped by sliding_window=32768"
models--Qwen--Qwen2.5-3B-Instruct,230,prefill,25,model.layers.25.self_attn.pv,batched_matmul,B*QH,S,128,S,229;228,,,config+architecture,softmax/mask is a non-matmul dependency bridge
models--Qwen--Qwen2.5-3B-Instruct,231,prefill,25,model.layers.25.self_attn.o_proj,linear,,B*S,2048,2048,230,model.layers.25.self_attn.o_proj.weight,"[2048,2048]",config+architecture,
models--Qwen--Qwen2.5-3B-Instruct,232,prefill,25,model.layers.25.mlp.gate_proj,linear,,B*S,11008,2048,231,model.layers.25.mlp.gate_proj.weight,"[11008,2048]",config+architecture,
models--Qwen--Qwen2.5-3B-Instruct,233,prefill,25,model.layers.25.mlp.up_proj,linear,,B*S,11008,2048,231,model.layers.25.mlp.up_proj.weight,"[11008,2048]",config+architecture,
models--Qwen--Qwen2.5-3B-Instruct,234,prefill,25,model.layers.25.mlp.down_proj,linear,,B*S,2048,11008,232;233,model.layers.25.mlp.down_proj.weight,"[2048,11008]",config+architecture,SiLU(gate)*up precedes this GEMM
models--Qwen--Qwen2.5-3B-Instruct,235,prefill,26,model.layers.26.self_attn.q_proj,linear,,B*S,2048,2048,234,model.layers.26.self_attn.q_proj.weight,"[2048,2048]",config+architecture,
models--Qwen--Qwen2.5-3B-Instruct,236,prefill,26,model.layers.26.self_attn.k_proj,linear,,B*S,256,2048,234,model.layers.26.self_attn.k_proj.weight,"[256,2048]",config+architecture,
models--Qwen--Qwen2.5-3B-Instruct,237,prefill,26,model.layers.26.self_attn.v_proj,linear,,B*S,256,2048,234,model.layers.26.self_attn.v_proj.weight,"[256,2048]",config+architecture,
models--Qwen--Qwen2.5-3B-Instruct,238,prefill,26,model.layers.26.self_attn.qk,batched_matmul,B*QH,S,S,128,235;236,,,config+architecture,"GQA QH=16, KVH=2; effective KV may be capped by sliding_window=32768"
models--Qwen--Qwen2.5-3B-Instruct,239,prefill,26,model.layers.26.self_attn.pv,batched_matmul,B*QH,S,128,S,238;237,,,config+architecture,softmax/mask is a non-matmul dependency bridge
models--Qwen--Qwen2.5-3B-Instruct,240,prefill,26,model.layers.26.self_attn.o_proj,linear,,B*S,2048,2048,239,model.layers.26.self_attn.o_proj.weight,"[2048,2048]",config+architecture,
models--Qwen--Qwen2.5-3B-Instruct,241,prefill,26,model.layers.26.mlp.gate_proj,linear,,B*S,11008,2048,240,model.layers.26.mlp.gate_proj.weight,"[11008,2048]",config+architecture,
models--Qwen--Qwen2.5-3B-Instruct,242,prefill,26,model.layers.26.mlp.up_proj,linear,,B*S,11008,2048,240,model.layers.26.mlp.up_proj.weight,"[11008,2048]",config+architecture,
models--Qwen--Qwen2.5-3B-Instruct,243,prefill,26,model.layers.26.mlp.down_proj,linear,,B*S,2048,11008,241;242,model.layers.26.mlp.down_proj.weight,"[2048,11008]",config+architecture,SiLU(gate)*up precedes this GEMM
models--Qwen--Qwen2.5-3B-Instruct,244,prefill,27,model.layers.27.self_attn.q_proj,linear,,B*S,2048,2048,243,model.layers.27.self_attn.q_proj.weight,"[2048,2048]",config+architecture,
models--Qwen--Qwen2.5-3B-Instruct,245,prefill,27,model.layers.27.self_attn.k_proj,linear,,B*S,256,2048,243,model.layers.27.self_attn.k_proj.weight,"[256,2048]",config+architecture,
models--Qwen--Qwen2.5-3B-Instruct,246,prefill,27,model.layers.27.self_attn.v_proj,linear,,B*S,256,2048,243,model.layers.27.self_attn.v_proj.weight,"[256,2048]",config+architecture,
models--Qwen--Qwen2.5-3B-Instruct,247,prefill,27,model.layers.27.self_attn.qk,batched_matmul,B*QH,S,S,128,244;245,,,config+architecture,"GQA QH=16, KVH=2; effective KV may be capped by sliding_window=32768"
models--Qwen--Qwen2.5-3B-Instruct,248,prefill,27,model.layers.27.self_attn.pv,batched_matmul,B*QH,S,128,S,247;246,,,config+architecture,softmax/mask is a non-matmul dependency bridge
models--Qwen--Qwen2.5-3B-Instruct,249,prefill,27,model.layers.27.self_attn.o_proj,linear,,B*S,2048,2048,248,model.layers.27.self_attn.o_proj.weight,"[2048,2048]",config+architecture,
models--Qwen--Qwen2.5-3B-Instruct,250,prefill,27,model.layers.27.mlp.gate_proj,linear,,B*S,11008,2048,249,model.layers.27.mlp.gate_proj.weight,"[11008,2048]",config+architecture,
models--Qwen--Qwen2.5-3B-Instruct,251,prefill,27,model.layers.27.mlp.up_proj,linear,,B*S,11008,2048,249,model.layers.27.mlp.up_proj.weight,"[11008,2048]",config+architecture,
models--Qwen--Qwen2.5-3B-Instruct,252,prefill,27,model.layers.27.mlp.down_proj,linear,,B*S,2048,11008,250;251,model.layers.27.mlp.down_proj.weight,"[2048,11008]",config+architecture,SiLU(gate)*up precedes this GEMM
models--Qwen--Qwen2.5-3B-Instruct,253,prefill,28,model.layers.28.self_attn.q_proj,linear,,B*S,2048,2048,252,model.layers.28.self_attn.q_proj.weight,"[2048,2048]",config+architecture,
models--Qwen--Qwen2.5-3B-Instruct,254,prefill,28,model.layers.28.self_attn.k_proj,linear,,B*S,256,2048,252,model.layers.28.self_attn.k_proj.weight,"[256,2048]",config+architecture,
models--Qwen--Qwen2.5-3B-Instruct,255,prefill,28,model.layers.28.self_attn.v_proj,linear,,B*S,256,2048,252,model.layers.28.self_attn.v_proj.weight,"[256,2048]",config+architecture,
models--Qwen--Qwen2.5-3B-Instruct,256,prefill,28,model.layers.28.self_attn.qk,batched_matmul,B*QH,S,S,128,253;254,,,config+architecture,"GQA QH=16, KVH=2; effective KV may be capped by sliding_window=32768"
models--Qwen--Qwen2.5-3B-Instruct,257,prefill,28,model.layers.28.self_attn.pv,batched_matmul,B*QH,S,128,S,256;255,,,config+architecture,softmax/mask is a non-matmul dependency bridge
models--Qwen--Qwen2.5-3B-Instruct,258,prefill,28,model.layers.28.self_attn.o_proj,linear,,B*S,2048,2048,257,model.layers.28.self_attn.o_proj.weight,"[2048,2048]",config+architecture,
models--Qwen--Qwen2.5-3B-Instruct,259,prefill,28,model.layers.28.mlp.gate_proj,linear,,B*S,11008,2048,258,model.layers.28.mlp.gate_proj.weight,"[11008,2048]",config+architecture,
models--Qwen--Qwen2.5-3B-Instruct,260,prefill,28,model.layers.28.mlp.up_proj,linear,,B*S,11008,2048,258,model.layers.28.mlp.up_proj.weight,"[11008,2048]",config+architecture,
models--Qwen--Qwen2.5-3B-Instruct,261,prefill,28,model.layers.28.mlp.down_proj,linear,,B*S,2048,11008,259;260,model.layers.28.mlp.down_proj.weight,"[2048,11008]",config+architecture,SiLU(gate)*up precedes this GEMM
models--Qwen--Qwen2.5-3B-Instruct,262,prefill,29,model.layers.29.self_attn.q_proj,linear,,B*S,2048,2048,261,model.layers.29.self_attn.q_proj.weight,"[2048,2048]",config+architecture,
models--Qwen--Qwen2.5-3B-Instruct,263,prefill,29,model.layers.29.self_attn.k_proj,linear,,B*S,256,2048,261,model.layers.29.self_attn.k_proj.weight,"[256,2048]",config+architecture,
models--Qwen--Qwen2.5-3B-Instruct,264,prefill,29,model.layers.29.self_attn.v_proj,linear,,B*S,256,2048,261,model.layers.29.self_attn.v_proj.weight,"[256,2048]",config+architecture,
models--Qwen--Qwen2.5-3B-Instruct,265,prefill,29,model.layers.29.self_attn.qk,batched_matmul,B*QH,S,S,128,262;263,,,config+architecture,"GQA QH=16, KVH=2; effective KV may be capped by sliding_window=32768"
models--Qwen--Qwen2.5-3B-Instruct,266,prefill,29,model.layers.29.self_attn.pv,batched_matmul,B*QH,S,128,S,265;264,,,config+architecture,softmax/mask is a non-matmul dependency bridge
models--Qwen--Qwen2.5-3B-Instruct,267,prefill,29,model.layers.29.self_attn.o_proj,linear,,B*S,2048,2048,266,model.layers.29.self_attn.o_proj.weight,"[2048,2048]",config+architecture,
models--Qwen--Qwen2.5-3B-Instruct,268,prefill,29,model.layers.29.mlp.gate_proj,linear,,B*S,11008,2048,267,model.layers.29.mlp.gate_proj.weight,"[11008,2048]",config+architecture,
models--Qwen--Qwen2.5-3B-Instruct,269,prefill,29,model.layers.29.mlp.up_proj,linear,,B*S,11008,2048,267,model.layers.29.mlp.up_proj.weight,"[11008,2048]",config+architecture,
models--Qwen--Qwen2.5-3B-Instruct,270,prefill,29,model.layers.29.mlp.down_proj,linear,,B*S,2048,11008,268;269,model.layers.29.mlp.down_proj.weight,"[2048,11008]",config+architecture,SiLU(gate)*up precedes this GEMM
models--Qwen--Qwen2.5-3B-Instruct,271,prefill,30,model.layers.30.self_attn.q_proj,linear,,B*S,2048,2048,270,model.layers.30.self_attn.q_proj.weight,"[2048,2048]",config+architecture,
models--Qwen--Qwen2.5-3B-Instruct,272,prefill,30,model.layers.30.self_attn.k_proj,linear,,B*S,256,2048,270,model.layers.30.self_attn.k_proj.weight,"[256,2048]",config+architecture,
models--Qwen--Qwen2.5-3B-Instruct,273,prefill,30,model.layers.30.self_attn.v_proj,linear,,B*S,256,2048,270,model.layers.30.self_attn.v_proj.weight,"[256,2048]",config+architecture,
models--Qwen--Qwen2.5-3B-Instruct,274,prefill,30,model.layers.30.self_attn.qk,batched_matmul,B*QH,S,S,128,271;272,,,config+architecture,"GQA QH=16, KVH=2; effective KV may be capped by sliding_window=32768"
models--Qwen--Qwen2.5-3B-Instruct,275,prefill,30,model.layers.30.self_attn.pv,batched_matmul,B*QH,S,128,S,274;273,,,config+architecture,softmax/mask is a non-matmul dependency bridge
models--Qwen--Qwen2.5-3B-Instruct,276,prefill,30,model.layers.30.self_attn.o_proj,linear,,B*S,2048,2048,275,model.layers.30.self_attn.o_proj.weight,"[2048,2048]",config+architecture,
models--Qwen--Qwen2.5-3B-Instruct,277,prefill,30,model.layers.30.mlp.gate_proj,linear,,B*S,11008,2048,276,model.layers.30.mlp.gate_proj.weight,"[11008,2048]",config+architecture,
models--Qwen--Qwen2.5-3B-Instruct,278,prefill,30,model.layers.30.mlp.up_proj,linear,,B*S,11008,2048,276,model.layers.30.mlp.up_proj.weight,"[11008,2048]",config+architecture,
models--Qwen--Qwen2.5-3B-Instruct,279,prefill,30,model.layers.30.mlp.down_proj,linear,,B*S,2048,11008,277;278,model.layers.30.mlp.down_proj.weight,"[2048,11008]",config+architecture,SiLU(gate)*up precedes this GEMM
models--Qwen--Qwen2.5-3B-Instruct,280,prefill,31,model.layers.31.self_attn.q_proj,linear,,B*S,2048,2048,279,model.layers.31.self_attn.q_proj.weight,"[2048,2048]",config+architecture,
models--Qwen--Qwen2.5-3B-Instruct,281,prefill,31,model.layers.31.self_attn.k_proj,linear,,B*S,256,2048,279,model.layers.31.self_attn.k_proj.weight,"[256,2048]",config+architecture,
models--Qwen--Qwen2.5-3B-Instruct,282,prefill,31,model.layers.31.self_attn.v_proj,linear,,B*S,256,2048,279,model.layers.31.self_attn.v_proj.weight,"[256,2048]",config+architecture,
models--Qwen--Qwen2.5-3B-Instruct,283,prefill,31,model.layers.31.self_attn.qk,batched_matmul,B*QH,S,S,128,280;281,,,config+architecture,"GQA QH=16, KVH=2; effective KV may be capped by sliding_window=32768"
models--Qwen--Qwen2.5-3B-Instruct,284,prefill,31,model.layers.31.self_attn.pv,batched_matmul,B*QH,S,128,S,283;282,,,config+architecture,softmax/mask is a non-matmul dependency bridge
models--Qwen--Qwen2.5-3B-Instruct,285,prefill,31,model.layers.31.self_attn.o_proj,linear,,B*S,2048,2048,284,model.layers.31.self_attn.o_proj.weight,"[2048,2048]",config+architecture,
models--Qwen--Qwen2.5-3B-Instruct,286,prefill,31,model.layers.31.mlp.gate_proj,linear,,B*S,11008,2048,285,model.layers.31.mlp.gate_proj.weight,"[11008,2048]",config+architecture,
models--Qwen--Qwen2.5-3B-Instruct,287,prefill,31,model.layers.31.mlp.up_proj,linear,,B*S,11008,2048,285,model.layers.31.mlp.up_proj.weight,"[11008,2048]",config+architecture,
models--Qwen--Qwen2.5-3B-Instruct,288,prefill,31,model.layers.31.mlp.down_proj,linear,,B*S,2048,11008,286;287,model.layers.31.mlp.down_proj.weight,"[2048,11008]",config+architecture,SiLU(gate)*up precedes this GEMM
models--Qwen--Qwen2.5-3B-Instruct,289,prefill,32,model.layers.32.self_attn.q_proj,linear,,B*S,2048,2048,288,model.layers.32.self_attn.q_proj.weight,"[2048,2048]",config+architecture,
models--Qwen--Qwen2.5-3B-Instruct,290,prefill,32,model.layers.32.self_attn.k_proj,linear,,B*S,256,2048,288,model.layers.32.self_attn.k_proj.weight,"[256,2048]",config+architecture,
models--Qwen--Qwen2.5-3B-Instruct,291,prefill,32,model.layers.32.self_attn.v_proj,linear,,B*S,256,2048,288,model.layers.32.self_attn.v_proj.weight,"[256,2048]",config+architecture,
models--Qwen--Qwen2.5-3B-Instruct,292,prefill,32,model.layers.32.self_attn.qk,batched_matmul,B*QH,S,S,128,289;290,,,config+architecture,"GQA QH=16, KVH=2; effective KV may be capped by sliding_window=32768"
models--Qwen--Qwen2.5-3B-Instruct,293,prefill,32,model.layers.32.self_attn.pv,batched_matmul,B*QH,S,128,S,292;291,,,config+architecture,softmax/mask is a non-matmul dependency bridge
models--Qwen--Qwen2.5-3B-Instruct,294,prefill,32,model.layers.32.self_attn.o_proj,linear,,B*S,2048,2048,293,model.layers.32.self_attn.o_proj.weight,"[2048,2048]",config+architecture,
models--Qwen--Qwen2.5-3B-Instruct,295,prefill,32,model.layers.32.mlp.gate_proj,linear,,B*S,11008,2048,294,model.layers.32.mlp.gate_proj.weight,"[11008,2048]",config+architecture,
models--Qwen--Qwen2.5-3B-Instruct,296,prefill,32,model.layers.32.mlp.up_proj,linear,,B*S,11008,2048,294,model.layers.32.mlp.up_proj.weight,"[11008,2048]",config+architecture,
models--Qwen--Qwen2.5-3B-Instruct,297,prefill,32,model.layers.32.mlp.down_proj,linear,,B*S,2048,11008,295;296,model.layers.32.mlp.down_proj.weight,"[2048,11008]",config+architecture,SiLU(gate)*up precedes this GEMM
models--Qwen--Qwen2.5-3B-Instruct,298,prefill,33,model.layers.33.self_attn.q_proj,linear,,B*S,2048,2048,297,model.layers.33.self_attn.q_proj.weight,"[2048,2048]",config+architecture,
models--Qwen--Qwen2.5-3B-Instruct,299,prefill,33,model.layers.33.self_attn.k_proj,linear,,B*S,256,2048,297,model.layers.33.self_attn.k_proj.weight,"[256,2048]",config+architecture,
models--Qwen--Qwen2.5-3B-Instruct,300,prefill,33,model.layers.33.self_attn.v_proj,linear,,B*S,256,2048,297,model.layers.33.self_attn.v_proj.weight,"[256,2048]",config+architecture,
models--Qwen--Qwen2.5-3B-Instruct,301,prefill,33,model.layers.33.self_attn.qk,batched_matmul,B*QH,S,S,128,298;299,,,config+architecture,"GQA QH=16, KVH=2; effective KV may be capped by sliding_window=32768"
models--Qwen--Qwen2.5-3B-Instruct,302,prefill,33,model.layers.33.self_attn.pv,batched_matmul,B*QH,S,128,S,301;300,,,config+architecture,softmax/mask is a non-matmul dependency bridge
models--Qwen--Qwen2.5-3B-Instruct,303,prefill,33,model.layers.33.self_attn.o_proj,linear,,B*S,2048,2048,302,model.layers.33.self_attn.o_proj.weight,"[2048,2048]",config+architecture,
models--Qwen--Qwen2.5-3B-Instruct,304,prefill,33,model.layers.33.mlp.gate_proj,linear,,B*S,11008,2048,303,model.layers.33.mlp.gate_proj.weight,"[11008,2048]",config+architecture,
models--Qwen--Qwen2.5-3B-Instruct,305,prefill,33,model.layers.33.mlp.up_proj,linear,,B*S,11008,2048,303,model.layers.33.mlp.up_proj.weight,"[11008,2048]",config+architecture,
models--Qwen--Qwen2.5-3B-Instruct,306,prefill,33,model.layers.33.mlp.down_proj,linear,,B*S,2048,11008,304;305,model.layers.33.mlp.down_proj.weight,"[2048,11008]",config+architecture,SiLU(gate)*up precedes this GEMM
models--Qwen--Qwen2.5-3B-Instruct,307,prefill,34,model.layers.34.self_attn.q_proj,linear,,B*S,2048,2048,306,model.layers.34.self_attn.q_proj.weight,"[2048,2048]",config+architecture,
models--Qwen--Qwen2.5-3B-Instruct,308,prefill,34,model.layers.34.self_attn.k_proj,linear,,B*S,256,2048,306,model.layers.34.self_attn.k_proj.weight,"[256,2048]",config+architecture,
models--Qwen--Qwen2.5-3B-Instruct,309,prefill,34,model.layers.34.self_attn.v_proj,linear,,B*S,256,2048,306,model.layers.34.self_attn.v_proj.weight,"[256,2048]",config+architecture,
models--Qwen--Qwen2.5-3B-Instruct,310,prefill,34,model.layers.34.self_attn.qk,batched_matmul,B*QH,S,S,128,307;308,,,config+architecture,"GQA QH=16, KVH=2; effective KV may be capped by sliding_window=32768"
models--Qwen--Qwen2.5-3B-Instruct,311,prefill,34,model.layers.34.self_attn.pv,batched_matmul,B*QH,S,128,S,310;309,,,config+architecture,softmax/mask is a non-matmul dependency bridge
models--Qwen--Qwen2.5-3B-Instruct,312,prefill,34,model.layers.34.self_attn.o_proj,linear,,B*S,2048,2048,311,model.layers.34.self_attn.o_proj.weight,"[2048,2048]",config+architecture,
models--Qwen--Qwen2.5-3B-Instruct,313,prefill,34,model.layers.34.mlp.gate_proj,linear,,B*S,11008,2048,312,model.layers.34.mlp.gate_proj.weight,"[11008,2048]",config+architecture,
models--Qwen--Qwen2.5-3B-Instruct,314,prefill,34,model.layers.34.mlp.up_proj,linear,,B*S,11008,2048,312,model.layers.34.mlp.up_proj.weight,"[11008,2048]",config+architecture,
models--Qwen--Qwen2.5-3B-Instruct,315,prefill,34,model.layers.34.mlp.down_proj,linear,,B*S,2048,11008,313;314,model.layers.34.mlp.down_proj.weight,"[2048,11008]",config+architecture,SiLU(gate)*up precedes this GEMM
models--Qwen--Qwen2.5-3B-Instruct,316,prefill,35,model.layers.35.self_attn.q_proj,linear,,B*S,2048,2048,315,model.layers.35.self_attn.q_proj.weight,"[2048,2048]",config+architecture,
models--Qwen--Qwen2.5-3B-Instruct,317,prefill,35,model.layers.35.self_attn.k_proj,linear,,B*S,256,2048,315,model.layers.35.self_attn.k_proj.weight,"[256,2048]",config+architecture,
models--Qwen--Qwen2.5-3B-Instruct,318,prefill,35,model.layers.35.self_attn.v_proj,linear,,B*S,256,2048,315,model.layers.35.self_attn.v_proj.weight,"[256,2048]",config+architecture,
models--Qwen--Qwen2.5-3B-Instruct,319,prefill,35,model.layers.35.self_attn.qk,batched_matmul,B*QH,S,S,128,316;317,,,config+architecture,"GQA QH=16, KVH=2; effective KV may be capped by sliding_window=32768"
models--Qwen--Qwen2.5-3B-Instruct,320,prefill,35,model.layers.35.self_attn.pv,batched_matmul,B*QH,S,128,S,319;318,,,config+architecture,softmax/mask is a non-matmul dependency bridge
models--Qwen--Qwen2.5-3B-Instruct,321,prefill,35,model.layers.35.self_attn.o_proj,linear,,B*S,2048,2048,320,model.layers.35.self_attn.o_proj.weight,"[2048,2048]",config+architecture,
models--Qwen--Qwen2.5-3B-Instruct,322,prefill,35,model.layers.35.mlp.gate_proj,linear,,B*S,11008,2048,321,model.layers.35.mlp.gate_proj.weight,"[11008,2048]",config+architecture,
models--Qwen--Qwen2.5-3B-Instruct,323,prefill,35,model.layers.35.mlp.up_proj,linear,,B*S,11008,2048,321,model.layers.35.mlp.up_proj.weight,"[11008,2048]",config+architecture,
models--Qwen--Qwen2.5-3B-Instruct,324,prefill,35,model.layers.35.mlp.down_proj,linear,,B*S,2048,11008,322;323,model.layers.35.mlp.down_proj.weight,"[2048,11008]",config+architecture,SiLU(gate)*up precedes this GEMM
models--Qwen--Qwen2.5-3B-Instruct,325,prefill,output,lm_head,linear,,B*S,151936,2048,324,lm_head.weight or tied embed_tokens.weight,"[151936,2048]",config+architecture,prefill shape follows full Hugging Face forward; serving runtimes may compute only selected logits
models--Qwen--Qwen2.5-3B-Instruct,326,decode_step,0,model.layers.0.self_attn.q_proj,linear,,B,2048,2048,,model.layers.0.self_attn.q_proj.weight,"[2048,2048]",config+architecture,
models--Qwen--Qwen2.5-3B-Instruct,327,decode_step,0,model.layers.0.self_attn.k_proj,linear,,B,256,2048,,model.layers.0.self_attn.k_proj.weight,"[256,2048]",config+architecture,
models--Qwen--Qwen2.5-3B-Instruct,328,decode_step,0,model.layers.0.self_attn.v_proj,linear,,B,256,2048,,model.layers.0.self_attn.v_proj.weight,"[256,2048]",config+architecture,
models--Qwen--Qwen2.5-3B-Instruct,329,decode_step,0,model.layers.0.self_attn.qk,batched_matmul,B*QH,1,KV,128,326;327,,,config+architecture,"GQA QH=16, KVH=2; effective KV may be capped by sliding_window=32768"
models--Qwen--Qwen2.5-3B-Instruct,330,decode_step,0,model.layers.0.self_attn.pv,batched_matmul,B*QH,1,128,KV,329;328,,,config+architecture,softmax/mask is a non-matmul dependency bridge
models--Qwen--Qwen2.5-3B-Instruct,331,decode_step,0,model.layers.0.self_attn.o_proj,linear,,B,2048,2048,330,model.layers.0.self_attn.o_proj.weight,"[2048,2048]",config+architecture,
models--Qwen--Qwen2.5-3B-Instruct,332,decode_step,0,model.layers.0.mlp.gate_proj,linear,,B,11008,2048,331,model.layers.0.mlp.gate_proj.weight,"[11008,2048]",config+architecture,
models--Qwen--Qwen2.5-3B-Instruct,333,decode_step,0,model.layers.0.mlp.up_proj,linear,,B,11008,2048,331,model.layers.0.mlp.up_proj.weight,"[11008,2048]",config+architecture,
models--Qwen--Qwen2.5-3B-Instruct,334,decode_step,0,model.layers.0.mlp.down_proj,linear,,B,2048,11008,332;333,model.layers.0.mlp.down_proj.weight,"[2048,11008]",config+architecture,SiLU(gate)*up precedes this GEMM
models--Qwen--Qwen2.5-3B-Instruct,335,decode_step,1,model.layers.1.self_attn.q_proj,linear,,B,2048,2048,334,model.layers.1.self_attn.q_proj.weight,"[2048,2048]",config+architecture,
models--Qwen--Qwen2.5-3B-Instruct,336,decode_step,1,model.layers.1.self_attn.k_proj,linear,,B,256,2048,334,model.layers.1.self_attn.k_proj.weight,"[256,2048]",config+architecture,
models--Qwen--Qwen2.5-3B-Instruct,337,decode_step,1,model.layers.1.self_attn.v_proj,linear,,B,256,2048,334,model.layers.1.self_attn.v_proj.weight,"[256,2048]",config+architecture,
models--Qwen--Qwen2.5-3B-Instruct,338,decode_step,1,model.layers.1.self_attn.qk,batched_matmul,B*QH,1,KV,128,335;336,,,config+architecture,"GQA QH=16, KVH=2; effective KV may be capped by sliding_window=32768"
models--Qwen--Qwen2.5-3B-Instruct,339,decode_step,1,model.layers.1.self_attn.pv,batched_matmul,B*QH,1,128,KV,338;337,,,config+architecture,softmax/mask is a non-matmul dependency bridge
models--Qwen--Qwen2.5-3B-Instruct,340,decode_step,1,model.layers.1.self_attn.o_proj,linear,,B,2048,2048,339,model.layers.1.self_attn.o_proj.weight,"[2048,2048]",config+architecture,
models--Qwen--Qwen2.5-3B-Instruct,341,decode_step,1,model.layers.1.mlp.gate_proj,linear,,B,11008,2048,340,model.layers.1.mlp.gate_proj.weight,"[11008,2048]",config+architecture,
models--Qwen--Qwen2.5-3B-Instruct,342,decode_step,1,model.layers.1.mlp.up_proj,linear,,B,11008,2048,340,model.layers.1.mlp.up_proj.weight,"[11008,2048]",config+architecture,
models--Qwen--Qwen2.5-3B-Instruct,343,decode_step,1,model.layers.1.mlp.down_proj,linear,,B,2048,11008,341;342,model.layers.1.mlp.down_proj.weight,"[2048,11008]",config+architecture,SiLU(gate)*up precedes this GEMM
models--Qwen--Qwen2.5-3B-Instruct,344,decode_step,2,model.layers.2.self_attn.q_proj,linear,,B,2048,2048,343,model.layers.2.self_attn.q_proj.weight,"[2048,2048]",config+architecture,
models--Qwen--Qwen2.5-3B-Instruct,345,decode_step,2,model.layers.2.self_attn.k_proj,linear,,B,256,2048,343,model.layers.2.self_attn.k_proj.weight,"[256,2048]",config+architecture,
models--Qwen--Qwen2.5-3B-Instruct,346,decode_step,2,model.layers.2.self_attn.v_proj,linear,,B,256,2048,343,model.layers.2.self_attn.v_proj.weight,"[256,2048]",config+architecture,
models--Qwen--Qwen2.5-3B-Instruct,347,decode_step,2,model.layers.2.self_attn.qk,batched_matmul,B*QH,1,KV,128,344;345,,,config+architecture,"GQA QH=16, KVH=2; effective KV may be capped by sliding_window=32768"
models--Qwen--Qwen2.5-3B-Instruct,348,decode_step,2,model.layers.2.self_attn.pv,batched_matmul,B*QH,1,128,KV,347;346,,,config+architecture,softmax/mask is a non-matmul dependency bridge
models--Qwen--Qwen2.5-3B-Instruct,349,decode_step,2,model.layers.2.self_attn.o_proj,linear,,B,2048,2048,348,model.layers.2.self_attn.o_proj.weight,"[2048,2048]",config+architecture,
models--Qwen--Qwen2.5-3B-Instruct,350,decode_step,2,model.layers.2.mlp.gate_proj,linear,,B,11008,2048,349,model.layers.2.mlp.gate_proj.weight,"[11008,2048]",config+architecture,
models--Qwen--Qwen2.5-3B-Instruct,351,decode_step,2,model.layers.2.mlp.up_proj,linear,,B,11008,2048,349,model.layers.2.mlp.up_proj.weight,"[11008,2048]",config+architecture,
models--Qwen--Qwen2.5-3B-Instruct,352,decode_step,2,model.layers.2.mlp.down_proj,linear,,B,2048,11008,350;351,model.layers.2.mlp.down_proj.weight,"[2048,11008]",config+architecture,SiLU(gate)*up precedes this GEMM
models--Qwen--Qwen2.5-3B-Instruct,353,decode_step,3,model.layers.3.self_attn.q_proj,linear,,B,2048,2048,352,model.layers.3.self_attn.q_proj.weight,"[2048,2048]",config+architecture,
models--Qwen--Qwen2.5-3B-Instruct,354,decode_step,3,model.layers.3.self_attn.k_proj,linear,,B,256,2048,352,model.layers.3.self_attn.k_proj.weight,"[256,2048]",config+architecture,
models--Qwen--Qwen2.5-3B-Instruct,355,decode_step,3,model.layers.3.self_attn.v_proj,linear,,B,256,2048,352,model.layers.3.self_attn.v_proj.weight,"[256,2048]",config+architecture,
models--Qwen--Qwen2.5-3B-Instruct,356,decode_step,3,model.layers.3.self_attn.qk,batched_matmul,B*QH,1,KV,128,353;354,,,config+architecture,"GQA QH=16, KVH=2; effective KV may be capped by sliding_window=32768"
models--Qwen--Qwen2.5-3B-Instruct,357,decode_step,3,model.layers.3.self_attn.pv,batched_matmul,B*QH,1,128,KV,356;355,,,config+architecture,softmax/mask is a non-matmul dependency bridge
models--Qwen--Qwen2.5-3B-Instruct,358,decode_step,3,model.layers.3.self_attn.o_proj,linear,,B,2048,2048,357,model.layers.3.self_attn.o_proj.weight,"[2048,2048]",config+architecture,
models--Qwen--Qwen2.5-3B-Instruct,359,decode_step,3,model.layers.3.mlp.gate_proj,linear,,B,11008,2048,358,model.layers.3.mlp.gate_proj.weight,"[11008,2048]",config+architecture,
models--Qwen--Qwen2.5-3B-Instruct,360,decode_step,3,model.layers.3.mlp.up_proj,linear,,B,11008,2048,358,model.layers.3.mlp.up_proj.weight,"[11008,2048]",config+architecture,
models--Qwen--Qwen2.5-3B-Instruct,361,decode_step,3,model.layers.3.mlp.down_proj,linear,,B,2048,11008,359;360,model.layers.3.mlp.down_proj.weight,"[2048,11008]",config+architecture,SiLU(gate)*up precedes this GEMM
models--Qwen--Qwen2.5-3B-Instruct,362,decode_step,4,model.layers.4.self_attn.q_proj,linear,,B,2048,2048,361,model.layers.4.self_attn.q_proj.weight,"[2048,2048]",config+architecture,
models--Qwen--Qwen2.5-3B-Instruct,363,decode_step,4,model.layers.4.self_attn.k_proj,linear,,B,256,2048,361,model.layers.4.self_attn.k_proj.weight,"[256,2048]",config+architecture,
models--Qwen--Qwen2.5-3B-Instruct,364,decode_step,4,model.layers.4.self_attn.v_proj,linear,,B,256,2048,361,model.layers.4.self_attn.v_proj.weight,"[256,2048]",config+architecture,
models--Qwen--Qwen2.5-3B-Instruct,365,decode_step,4,model.layers.4.self_attn.qk,batched_matmul,B*QH,1,KV,128,362;363,,,config+architecture,"GQA QH=16, KVH=2; effective KV may be capped by sliding_window=32768"
models--Qwen--Qwen2.5-3B-Instruct,366,decode_step,4,model.layers.4.self_attn.pv,batched_matmul,B*QH,1,128,KV,365;364,,,config+architecture,softmax/mask is a non-matmul dependency bridge
models--Qwen--Qwen2.5-3B-Instruct,367,decode_step,4,model.layers.4.self_attn.o_proj,linear,,B,2048,2048,366,model.layers.4.self_attn.o_proj.weight,"[2048,2048]",config+architecture,
models--Qwen--Qwen2.5-3B-Instruct,368,decode_step,4,model.layers.4.mlp.gate_proj,linear,,B,11008,2048,367,model.layers.4.mlp.gate_proj.weight,"[11008,2048]",config+architecture,
models--Qwen--Qwen2.5-3B-Instruct,369,decode_step,4,model.layers.4.mlp.up_proj,linear,,B,11008,2048,367,model.layers.4.mlp.up_proj.weight,"[11008,2048]",config+architecture,
models--Qwen--Qwen2.5-3B-Instruct,370,decode_step,4,model.layers.4.mlp.down_proj,linear,,B,2048,11008,368;369,model.layers.4.mlp.down_proj.weight,"[2048,11008]",config+architecture,SiLU(gate)*up precedes this GEMM
models--Qwen--Qwen2.5-3B-Instruct,371,decode_step,5,model.layers.5.self_attn.q_proj,linear,,B,2048,2048,370,model.layers.5.self_attn.q_proj.weight,"[2048,2048]",config+architecture,
models--Qwen--Qwen2.5-3B-Instruct,372,decode_step,5,model.layers.5.self_attn.k_proj,linear,,B,256,2048,370,model.layers.5.self_attn.k_proj.weight,"[256,2048]",config+architecture,
models--Qwen--Qwen2.5-3B-Instruct,373,decode_step,5,model.layers.5.self_attn.v_proj,linear,,B,256,2048,370,model.layers.5.self_attn.v_proj.weight,"[256,2048]",config+architecture,
models--Qwen--Qwen2.5-3B-Instruct,374,decode_step,5,model.layers.5.self_attn.qk,batched_matmul,B*QH,1,KV,128,371;372,,,config+architecture,"GQA QH=16, KVH=2; effective KV may be capped by sliding_window=32768"
models--Qwen--Qwen2.5-3B-Instruct,375,decode_step,5,model.layers.5.self_attn.pv,batched_matmul,B*QH,1,128,KV,374;373,,,config+architecture,softmax/mask is a non-matmul dependency bridge
models--Qwen--Qwen2.5-3B-Instruct,376,decode_step,5,model.layers.5.self_attn.o_proj,linear,,B,2048,2048,375,model.layers.5.self_attn.o_proj.weight,"[2048,2048]",config+architecture,
models--Qwen--Qwen2.5-3B-Instruct,377,decode_step,5,model.layers.5.mlp.gate_proj,linear,,B,11008,2048,376,model.layers.5.mlp.gate_proj.weight,"[11008,2048]",config+architecture,
models--Qwen--Qwen2.5-3B-Instruct,378,decode_step,5,model.layers.5.mlp.up_proj,linear,,B,11008,2048,376,model.layers.5.mlp.up_proj.weight,"[11008,2048]",config+architecture,
models--Qwen--Qwen2.5-3B-Instruct,379,decode_step,5,model.layers.5.mlp.down_proj,linear,,B,2048,11008,377;378,model.layers.5.mlp.down_proj.weight,"[2048,11008]",config+architecture,SiLU(gate)*up precedes this GEMM
models--Qwen--Qwen2.5-3B-Instruct,380,decode_step,6,model.layers.6.self_attn.q_proj,linear,,B,2048,2048,379,model.layers.6.self_attn.q_proj.weight,"[2048,2048]",config+architecture,
models--Qwen--Qwen2.5-3B-Instruct,381,decode_step,6,model.layers.6.self_attn.k_proj,linear,,B,256,2048,379,model.layers.6.self_attn.k_proj.weight,"[256,2048]",config+architecture,
models--Qwen--Qwen2.5-3B-Instruct,382,decode_step,6,model.layers.6.self_attn.v_proj,linear,,B,256,2048,379,model.layers.6.self_attn.v_proj.weight,"[256,2048]",config+architecture,
models--Qwen--Qwen2.5-3B-Instruct,383,decode_step,6,model.layers.6.self_attn.qk,batched_matmul,B*QH,1,KV,128,380;381,,,config+architecture,"GQA QH=16, KVH=2; effective KV may be capped by sliding_window=32768"
models--Qwen--Qwen2.5-3B-Instruct,384,decode_step,6,model.layers.6.self_attn.pv,batched_matmul,B*QH,1,128,KV,383;382,,,config+architecture,softmax/mask is a non-matmul dependency bridge
models--Qwen--Qwen2.5-3B-Instruct,385,decode_step,6,model.layers.6.self_attn.o_proj,linear,,B,2048,2048,384,model.layers.6.self_attn.o_proj.weight,"[2048,2048]",config+architecture,
models--Qwen--Qwen2.5-3B-Instruct,386,decode_step,6,model.layers.6.mlp.gate_proj,linear,,B,11008,2048,385,model.layers.6.mlp.gate_proj.weight,"[11008,2048]",config+architecture,
models--Qwen--Qwen2.5-3B-Instruct,387,decode_step,6,model.layers.6.mlp.up_proj,linear,,B,11008,2048,385,model.layers.6.mlp.up_proj.weight,"[11008,2048]",config+architecture,
models--Qwen--Qwen2.5-3B-Instruct,388,decode_step,6,model.layers.6.mlp.down_proj,linear,,B,2048,11008,386;387,model.layers.6.mlp.down_proj.weight,"[2048,11008]",config+architecture,SiLU(gate)*up precedes this GEMM
models--Qwen--Qwen2.5-3B-Instruct,389,decode_step,7,model.layers.7.self_attn.q_proj,linear,,B,2048,2048,388,model.layers.7.self_attn.q_proj.weight,"[2048,2048]",config+architecture,
models--Qwen--Qwen2.5-3B-Instruct,390,decode_step,7,model.layers.7.self_attn.k_proj,linear,,B,256,2048,388,model.layers.7.self_attn.k_proj.weight,"[256,2048]",config+architecture,
models--Qwen--Qwen2.5-3B-Instruct,391,decode_step,7,model.layers.7.self_attn.v_proj,linear,,B,256,2048,388,model.layers.7.self_attn.v_proj.weight,"[256,2048]",config+architecture,
models--Qwen--Qwen2.5-3B-Instruct,392,decode_step,7,model.layers.7.self_attn.qk,batched_matmul,B*QH,1,KV,128,389;390,,,config+architecture,"GQA QH=16, KVH=2; effective KV may be capped by sliding_window=32768"
models--Qwen--Qwen2.5-3B-Instruct,393,decode_step,7,model.layers.7.self_attn.pv,batched_matmul,B*QH,1,128,KV,392;391,,,config+architecture,softmax/mask is a non-matmul dependency bridge
models--Qwen--Qwen2.5-3B-Instruct,394,decode_step,7,model.layers.7.self_attn.o_proj,linear,,B,2048,2048,393,model.layers.7.self_attn.o_proj.weight,"[2048,2048]",config+architecture,
models--Qwen--Qwen2.5-3B-Instruct,395,decode_step,7,model.layers.7.mlp.gate_proj,linear,,B,11008,2048,394,model.layers.7.mlp.gate_proj.weight,"[11008,2048]",config+architecture,
models--Qwen--Qwen2.5-3B-Instruct,396,decode_step,7,model.layers.7.mlp.up_proj,linear,,B,11008,2048,394,model.layers.7.mlp.up_proj.weight,"[11008,2048]",config+architecture,
models--Qwen--Qwen2.5-3B-Instruct,397,decode_step,7,model.layers.7.mlp.down_proj,linear,,B,2048,11008,395;396,model.layers.7.mlp.down_proj.weight,"[2048,11008]",config+architecture,SiLU(gate)*up precedes this GEMM
models--Qwen--Qwen2.5-3B-Instruct,398,decode_step,8,model.layers.8.self_attn.q_proj,linear,,B,2048,2048,397,model.layers.8.self_attn.q_proj.weight,"[2048,2048]",config+architecture,
models--Qwen--Qwen2.5-3B-Instruct,399,decode_step,8,model.layers.8.self_attn.k_proj,linear,,B,256,2048,397,model.layers.8.self_attn.k_proj.weight,"[256,2048]",config+architecture,
models--Qwen--Qwen2.5-3B-Instruct,400,decode_step,8,model.layers.8.self_attn.v_proj,linear,,B,256,2048,397,model.layers.8.self_attn.v_proj.weight,"[256,2048]",config+architecture,
models--Qwen--Qwen2.5-3B-Instruct,401,decode_step,8,model.layers.8.self_attn.qk,batched_matmul,B*QH,1,KV,128,398;399,,,config+architecture,"GQA QH=16, KVH=2; effective KV may be capped by sliding_window=32768"
models--Qwen--Qwen2.5-3B-Instruct,402,decode_step,8,model.layers.8.self_attn.pv,batched_matmul,B*QH,1,128,KV,401;400,,,config+architecture,softmax/mask is a non-matmul dependency bridge
models--Qwen--Qwen2.5-3B-Instruct,403,decode_step,8,model.layers.8.self_attn.o_proj,linear,,B,2048,2048,402,model.layers.8.self_attn.o_proj.weight,"[2048,2048]",config+architecture,
models--Qwen--Qwen2.5-3B-Instruct,404,decode_step,8,model.layers.8.mlp.gate_proj,linear,,B,11008,2048,403,model.layers.8.mlp.gate_proj.weight,"[11008,2048]",config+architecture,
models--Qwen--Qwen2.5-3B-Instruct,405,decode_step,8,model.layers.8.mlp.up_proj,linear,,B,11008,2048,403,model.layers.8.mlp.up_proj.weight,"[11008,2048]",config+architecture,
models--Qwen--Qwen2.5-3B-Instruct,406,decode_step,8,model.layers.8.mlp.down_proj,linear,,B,2048,11008,404;405,model.layers.8.mlp.down_proj.weight,"[2048,11008]",config+architecture,SiLU(gate)*up precedes this GEMM
models--Qwen--Qwen2.5-3B-Instruct,407,decode_step,9,model.layers.9.self_attn.q_proj,linear,,B,2048,2048,406,model.layers.9.self_attn.q_proj.weight,"[2048,2048]",config+architecture,
models--Qwen--Qwen2.5-3B-Instruct,408,decode_step,9,model.layers.9.self_attn.k_proj,linear,,B,256,2048,406,model.layers.9.self_attn.k_proj.weight,"[256,2048]",config+architecture,
models--Qwen--Qwen2.5-3B-Instruct,409,decode_step,9,model.layers.9.self_attn.v_proj,linear,,B,256,2048,406,model.layers.9.self_attn.v_proj.weight,"[256,2048]",config+architecture,
models--Qwen--Qwen2.5-3B-Instruct,410,decode_step,9,model.layers.9.self_attn.qk,batched_matmul,B*QH,1,KV,128,407;408,,,config+architecture,"GQA QH=16, KVH=2; effective KV may be capped by sliding_window=32768"
models--Qwen--Qwen2.5-3B-Instruct,411,decode_step,9,model.layers.9.self_attn.pv,batched_matmul,B*QH,1,128,KV,410;409,,,config+architecture,softmax/mask is a non-matmul dependency bridge
models--Qwen--Qwen2.5-3B-Instruct,412,decode_step,9,model.layers.9.self_attn.o_proj,linear,,B,2048,2048,411,model.layers.9.self_attn.o_proj.weight,"[2048,2048]",config+architecture,
models--Qwen--Qwen2.5-3B-Instruct,413,decode_step,9,model.layers.9.mlp.gate_proj,linear,,B,11008,2048,412,model.layers.9.mlp.gate_proj.weight,"[11008,2048]",config+architecture,
models--Qwen--Qwen2.5-3B-Instruct,414,decode_step,9,model.layers.9.mlp.up_proj,linear,,B,11008,2048,412,model.layers.9.mlp.up_proj.weight,"[11008,2048]",config+architecture,
models--Qwen--Qwen2.5-3B-Instruct,415,decode_step,9,model.layers.9.mlp.down_proj,linear,,B,2048,11008,413;414,model.layers.9.mlp.down_proj.weight,"[2048,11008]",config+architecture,SiLU(gate)*up precedes this GEMM
models--Qwen--Qwen2.5-3B-Instruct,416,decode_step,10,model.layers.10.self_attn.q_proj,linear,,B,2048,2048,415,model.layers.10.self_attn.q_proj.weight,"[2048,2048]",config+architecture,
models--Qwen--Qwen2.5-3B-Instruct,417,decode_step,10,model.layers.10.self_attn.k_proj,linear,,B,256,2048,415,model.layers.10.self_attn.k_proj.weight,"[256,2048]",config+architecture,
models--Qwen--Qwen2.5-3B-Instruct,418,decode_step,10,model.layers.10.self_attn.v_proj,linear,,B,256,2048,415,model.layers.10.self_attn.v_proj.weight,"[256,2048]",config+architecture,
models--Qwen--Qwen2.5-3B-Instruct,419,decode_step,10,model.layers.10.self_attn.qk,batched_matmul,B*QH,1,KV,128,416;417,,,config+architecture,"GQA QH=16, KVH=2; effective KV may be capped by sliding_window=32768"
models--Qwen--Qwen2.5-3B-Instruct,420,decode_step,10,model.layers.10.self_attn.pv,batched_matmul,B*QH,1,128,KV,419;418,,,config+architecture,softmax/mask is a non-matmul dependency bridge
models--Qwen--Qwen2.5-3B-Instruct,421,decode_step,10,model.layers.10.self_attn.o_proj,linear,,B,2048,2048,420,model.layers.10.self_attn.o_proj.weight,"[2048,2048]",config+architecture,
models--Qwen--Qwen2.5-3B-Instruct,422,decode_step,10,model.layers.10.mlp.gate_proj,linear,,B,11008,2048,421,model.layers.10.mlp.gate_proj.weight,"[11008,2048]",config+architecture,
models--Qwen--Qwen2.5-3B-Instruct,423,decode_step,10,model.layers.10.mlp.up_proj,linear,,B,11008,2048,421,model.layers.10.mlp.up_proj.weight,"[11008,2048]",config+architecture,
models--Qwen--Qwen2.5-3B-Instruct,424,decode_step,10,model.layers.10.mlp.down_proj,linear,,B,2048,11008,422;423,model.layers.10.mlp.down_proj.weight,"[2048,11008]",config+architecture,SiLU(gate)*up precedes this GEMM
models--Qwen--Qwen2.5-3B-Instruct,425,decode_step,11,model.layers.11.self_attn.q_proj,linear,,B,2048,2048,424,model.layers.11.self_attn.q_proj.weight,"[2048,2048]",config+architecture,
models--Qwen--Qwen2.5-3B-Instruct,426,decode_step,11,model.layers.11.self_attn.k_proj,linear,,B,256,2048,424,model.layers.11.self_attn.k_proj.weight,"[256,2048]",config+architecture,
models--Qwen--Qwen2.5-3B-Instruct,427,decode_step,11,model.layers.11.self_attn.v_proj,linear,,B,256,2048,424,model.layers.11.self_attn.v_proj.weight,"[256,2048]",config+architecture,
models--Qwen--Qwen2.5-3B-Instruct,428,decode_step,11,model.layers.11.self_attn.qk,batched_matmul,B*QH,1,KV,128,425;426,,,config+architecture,"GQA QH=16, KVH=2; effective KV may be capped by sliding_window=32768"
models--Qwen--Qwen2.5-3B-Instruct,429,decode_step,11,model.layers.11.self_attn.pv,batched_matmul,B*QH,1,128,KV,428;427,,,config+architecture,softmax/mask is a non-matmul dependency bridge
models--Qwen--Qwen2.5-3B-Instruct,430,decode_step,11,model.layers.11.self_attn.o_proj,linear,,B,2048,2048,429,model.layers.11.self_attn.o_proj.weight,"[2048,2048]",config+architecture,
models--Qwen--Qwen2.5-3B-Instruct,431,decode_step,11,model.layers.11.mlp.gate_proj,linear,,B,11008,2048,430,model.layers.11.mlp.gate_proj.weight,"[11008,2048]",config+architecture,
models--Qwen--Qwen2.5-3B-Instruct,432,decode_step,11,model.layers.11.mlp.up_proj,linear,,B,11008,2048,430,model.layers.11.mlp.up_proj.weight,"[11008,2048]",config+architecture,
models--Qwen--Qwen2.5-3B-Instruct,433,decode_step,11,model.layers.11.mlp.down_proj,linear,,B,2048,11008,431;432,model.layers.11.mlp.down_proj.weight,"[2048,11008]",config+architecture,SiLU(gate)*up precedes this GEMM
models--Qwen--Qwen2.5-3B-Instruct,434,decode_step,12,model.layers.12.self_attn.q_proj,linear,,B,2048,2048,433,model.layers.12.self_attn.q_proj.weight,"[2048,2048]",config+architecture,
models--Qwen--Qwen2.5-3B-Instruct,435,decode_step,12,model.layers.12.self_attn.k_proj,linear,,B,256,2048,433,model.layers.12.self_attn.k_proj.weight,"[256,2048]",config+architecture,
models--Qwen--Qwen2.5-3B-Instruct,436,decode_step,12,model.layers.12.self_attn.v_proj,linear,,B,256,2048,433,model.layers.12.self_attn.v_proj.weight,"[256,2048]",config+architecture,
models--Qwen--Qwen2.5-3B-Instruct,437,decode_step,12,model.layers.12.self_attn.qk,batched_matmul,B*QH,1,KV,128,434;435,,,config+architecture,"GQA QH=16, KVH=2; effective KV may be capped by sliding_window=32768"
models--Qwen--Qwen2.5-3B-Instruct,438,decode_step,12,model.layers.12.self_attn.pv,batched_matmul,B*QH,1,128,KV,437;436,,,config+architecture,softmax/mask is a non-matmul dependency bridge
models--Qwen--Qwen2.5-3B-Instruct,439,decode_step,12,model.layers.12.self_attn.o_proj,linear,,B,2048,2048,438,model.layers.12.self_attn.o_proj.weight,"[2048,2048]",config+architecture,
models--Qwen--Qwen2.5-3B-Instruct,440,decode_step,12,model.layers.12.mlp.gate_proj,linear,,B,11008,2048,439,model.layers.12.mlp.gate_proj.weight,"[11008,2048]",config+architecture,
models--Qwen--Qwen2.5-3B-Instruct,441,decode_step,12,model.layers.12.mlp.up_proj,linear,,B,11008,2048,439,model.layers.12.mlp.up_proj.weight,"[11008,2048]",config+architecture,
models--Qwen--Qwen2.5-3B-Instruct,442,decode_step,12,model.layers.12.mlp.down_proj,linear,,B,2048,11008,440;441,model.layers.12.mlp.down_proj.weight,"[2048,11008]",config+architecture,SiLU(gate)*up precedes this GEMM
models--Qwen--Qwen2.5-3B-Instruct,443,decode_step,13,model.layers.13.self_attn.q_proj,linear,,B,2048,2048,442,model.layers.13.self_attn.q_proj.weight,"[2048,2048]",config+architecture,
models--Qwen--Qwen2.5-3B-Instruct,444,decode_step,13,model.layers.13.self_attn.k_proj,linear,,B,256,2048,442,model.layers.13.self_attn.k_proj.weight,"[256,2048]",config+architecture,
models--Qwen--Qwen2.5-3B-Instruct,445,decode_step,13,model.layers.13.self_attn.v_proj,linear,,B,256,2048,442,model.layers.13.self_attn.v_proj.weight,"[256,2048]",config+architecture,
models--Qwen--Qwen2.5-3B-Instruct,446,decode_step,13,model.layers.13.self_attn.qk,batched_matmul,B*QH,1,KV,128,443;444,,,config+architecture,"GQA QH=16, KVH=2; effective KV may be capped by sliding_window=32768"
models--Qwen--Qwen2.5-3B-Instruct,447,decode_step,13,model.layers.13.self_attn.pv,batched_matmul,B*QH,1,128,KV,446;445,,,config+architecture,softmax/mask is a non-matmul dependency bridge
models--Qwen--Qwen2.5-3B-Instruct,448,decode_step,13,model.layers.13.self_attn.o_proj,linear,,B,2048,2048,447,model.layers.13.self_attn.o_proj.weight,"[2048,2048]",config+architecture,
models--Qwen--Qwen2.5-3B-Instruct,449,decode_step,13,model.layers.13.mlp.gate_proj,linear,,B,11008,2048,448,model.layers.13.mlp.gate_proj.weight,"[11008,2048]",config+architecture,
models--Qwen--Qwen2.5-3B-Instruct,450,decode_step,13,model.layers.13.mlp.up_proj,linear,,B,11008,2048,448,model.layers.13.mlp.up_proj.weight,"[11008,2048]",config+architecture,
models--Qwen--Qwen2.5-3B-Instruct,451,decode_step,13,model.layers.13.mlp.down_proj,linear,,B,2048,11008,449;450,model.layers.13.mlp.down_proj.weight,"[2048,11008]",config+architecture,SiLU(gate)*up precedes this GEMM
models--Qwen--Qwen2.5-3B-Instruct,452,decode_step,14,model.layers.14.self_attn.q_proj,linear,,B,2048,2048,451,model.layers.14.self_attn.q_proj.weight,"[2048,2048]",config+architecture,
models--Qwen--Qwen2.5-3B-Instruct,453,decode_step,14,model.layers.14.self_attn.k_proj,linear,,B,256,2048,451,model.layers.14.self_attn.k_proj.weight,"[256,2048]",config+architecture,
models--Qwen--Qwen2.5-3B-Instruct,454,decode_step,14,model.layers.14.self_attn.v_proj,linear,,B,256,2048,451,model.layers.14.self_attn.v_proj.weight,"[256,2048]",config+architecture,
models--Qwen--Qwen2.5-3B-Instruct,455,decode_step,14,model.layers.14.self_attn.qk,batched_matmul,B*QH,1,KV,128,452;453,,,config+architecture,"GQA QH=16, KVH=2; effective KV may be capped by sliding_window=32768"
models--Qwen--Qwen2.5-3B-Instruct,456,decode_step,14,model.layers.14.self_attn.pv,batched_matmul,B*QH,1,128,KV,455;454,,,config+architecture,softmax/mask is a non-matmul dependency bridge
models--Qwen--Qwen2.5-3B-Instruct,457,decode_step,14,model.layers.14.self_attn.o_proj,linear,,B,2048,2048,456,model.layers.14.self_attn.o_proj.weight,"[2048,2048]",config+architecture,
models--Qwen--Qwen2.5-3B-Instruct,458,decode_step,14,model.layers.14.mlp.gate_proj,linear,,B,11008,2048,457,model.layers.14.mlp.gate_proj.weight,"[11008,2048]",config+architecture,
models--Qwen--Qwen2.5-3B-Instruct,459,decode_step,14,model.layers.14.mlp.up_proj,linear,,B,11008,2048,457,model.layers.14.mlp.up_proj.weight,"[11008,2048]",config+architecture,
models--Qwen--Qwen2.5-3B-Instruct,460,decode_step,14,model.layers.14.mlp.down_proj,linear,,B,2048,11008,458;459,model.layers.14.mlp.down_proj.weight,"[2048,11008]",config+architecture,SiLU(gate)*up precedes this GEMM
models--Qwen--Qwen2.5-3B-Instruct,461,decode_step,15,model.layers.15.self_attn.q_proj,linear,,B,2048,2048,460,model.layers.15.self_attn.q_proj.weight,"[2048,2048]",config+architecture,
models--Qwen--Qwen2.5-3B-Instruct,462,decode_step,15,model.layers.15.self_attn.k_proj,linear,,B,256,2048,460,model.layers.15.self_attn.k_proj.weight,"[256,2048]",config+architecture,
models--Qwen--Qwen2.5-3B-Instruct,463,decode_step,15,model.layers.15.self_attn.v_proj,linear,,B,256,2048,460,model.layers.15.self_attn.v_proj.weight,"[256,2048]",config+architecture,
models--Qwen--Qwen2.5-3B-Instruct,464,decode_step,15,model.layers.15.self_attn.qk,batched_matmul,B*QH,1,KV,128,461;462,,,config+architecture,"GQA QH=16, KVH=2; effective KV may be capped by sliding_window=32768"
models--Qwen--Qwen2.5-3B-Instruct,465,decode_step,15,model.layers.15.self_attn.pv,batched_matmul,B*QH,1,128,KV,464;463,,,config+architecture,softmax/mask is a non-matmul dependency bridge
models--Qwen--Qwen2.5-3B-Instruct,466,decode_step,15,model.layers.15.self_attn.o_proj,linear,,B,2048,2048,465,model.layers.15.self_attn.o_proj.weight,"[2048,2048]",config+architecture,
models--Qwen--Qwen2.5-3B-Instruct,467,decode_step,15,model.layers.15.mlp.gate_proj,linear,,B,11008,2048,466,model.layers.15.mlp.gate_proj.weight,"[11008,2048]",config+architecture,
models--Qwen--Qwen2.5-3B-Instruct,468,decode_step,15,model.layers.15.mlp.up_proj,linear,,B,11008,2048,466,model.layers.15.mlp.up_proj.weight,"[11008,2048]",config+architecture,
models--Qwen--Qwen2.5-3B-Instruct,469,decode_step,15,model.layers.15.mlp.down_proj,linear,,B,2048,11008,467;468,model.layers.15.mlp.down_proj.weight,"[2048,11008]",config+architecture,SiLU(gate)*up precedes this GEMM
models--Qwen--Qwen2.5-3B-Instruct,470,decode_step,16,model.layers.16.self_attn.q_proj,linear,,B,2048,2048,469,model.layers.16.self_attn.q_proj.weight,"[2048,2048]",config+architecture,
models--Qwen--Qwen2.5-3B-Instruct,471,decode_step,16,model.layers.16.self_attn.k_proj,linear,,B,256,2048,469,model.layers.16.self_attn.k_proj.weight,"[256,2048]",config+architecture,
models--Qwen--Qwen2.5-3B-Instruct,472,decode_step,16,model.layers.16.self_attn.v_proj,linear,,B,256,2048,469,model.layers.16.self_attn.v_proj.weight,"[256,2048]",config+architecture,
models--Qwen--Qwen2.5-3B-Instruct,473,decode_step,16,model.layers.16.self_attn.qk,batched_matmul,B*QH,1,KV,128,470;471,,,config+architecture,"GQA QH=16, KVH=2; effective KV may be capped by sliding_window=32768"
models--Qwen--Qwen2.5-3B-Instruct,474,decode_step,16,model.layers.16.self_attn.pv,batched_matmul,B*QH,1,128,KV,473;472,,,config+architecture,softmax/mask is a non-matmul dependency bridge
models--Qwen--Qwen2.5-3B-Instruct,475,decode_step,16,model.layers.16.self_attn.o_proj,linear,,B,2048,2048,474,model.layers.16.self_attn.o_proj.weight,"[2048,2048]",config+architecture,
models--Qwen--Qwen2.5-3B-Instruct,476,decode_step,16,model.layers.16.mlp.gate_proj,linear,,B,11008,2048,475,model.layers.16.mlp.gate_proj.weight,"[11008,2048]",config+architecture,
models--Qwen--Qwen2.5-3B-Instruct,477,decode_step,16,model.layers.16.mlp.up_proj,linear,,B,11008,2048,475,model.layers.16.mlp.up_proj.weight,"[11008,2048]",config+architecture,
models--Qwen--Qwen2.5-3B-Instruct,478,decode_step,16,model.layers.16.mlp.down_proj,linear,,B,2048,11008,476;477,model.layers.16.mlp.down_proj.weight,"[2048,11008]",config+architecture,SiLU(gate)*up precedes this GEMM
models--Qwen--Qwen2.5-3B-Instruct,479,decode_step,17,model.layers.17.self_attn.q_proj,linear,,B,2048,2048,478,model.layers.17.self_attn.q_proj.weight,"[2048,2048]",config+architecture,
models--Qwen--Qwen2.5-3B-Instruct,480,decode_step,17,model.layers.17.self_attn.k_proj,linear,,B,256,2048,478,model.layers.17.self_attn.k_proj.weight,"[256,2048]",config+architecture,
models--Qwen--Qwen2.5-3B-Instruct,481,decode_step,17,model.layers.17.self_attn.v_proj,linear,,B,256,2048,478,model.layers.17.self_attn.v_proj.weight,"[256,2048]",config+architecture,
models--Qwen--Qwen2.5-3B-Instruct,482,decode_step,17,model.layers.17.self_attn.qk,batched_matmul,B*QH,1,KV,128,479;480,,,config+architecture,"GQA QH=16, KVH=2; effective KV may be capped by sliding_window=32768"
models--Qwen--Qwen2.5-3B-Instruct,483,decode_step,17,model.layers.17.self_attn.pv,batched_matmul,B*QH,1,128,KV,482;481,,,config+architecture,softmax/mask is a non-matmul dependency bridge
models--Qwen--Qwen2.5-3B-Instruct,484,decode_step,17,model.layers.17.self_attn.o_proj,linear,,B,2048,2048,483,model.layers.17.self_attn.o_proj.weight,"[2048,2048]",config+architecture,
models--Qwen--Qwen2.5-3B-Instruct,485,decode_step,17,model.layers.17.mlp.gate_proj,linear,,B,11008,2048,484,model.layers.17.mlp.gate_proj.weight,"[11008,2048]",config+architecture,
models--Qwen--Qwen2.5-3B-Instruct,486,decode_step,17,model.layers.17.mlp.up_proj,linear,,B,11008,2048,484,model.layers.17.mlp.up_proj.weight,"[11008,2048]",config+architecture,
models--Qwen--Qwen2.5-3B-Instruct,487,decode_step,17,model.layers.17.mlp.down_proj,linear,,B,2048,11008,485;486,model.layers.17.mlp.down_proj.weight,"[2048,11008]",config+architecture,SiLU(gate)*up precedes this GEMM
models--Qwen--Qwen2.5-3B-Instruct,488,decode_step,18,model.layers.18.self_attn.q_proj,linear,,B,2048,2048,487,model.layers.18.self_attn.q_proj.weight,"[2048,2048]",config+architecture,
models--Qwen--Qwen2.5-3B-Instruct,489,decode_step,18,model.layers.18.self_attn.k_proj,linear,,B,256,2048,487,model.layers.18.self_attn.k_proj.weight,"[256,2048]",config+architecture,
models--Qwen--Qwen2.5-3B-Instruct,490,decode_step,18,model.layers.18.self_attn.v_proj,linear,,B,256,2048,487,model.layers.18.self_attn.v_proj.weight,"[256,2048]",config+architecture,
models--Qwen--Qwen2.5-3B-Instruct,491,decode_step,18,model.layers.18.self_attn.qk,batched_matmul,B*QH,1,KV,128,488;489,,,config+architecture,"GQA QH=16, KVH=2; effective KV may be capped by sliding_window=32768"
models--Qwen--Qwen2.5-3B-Instruct,492,decode_step,18,model.layers.18.self_attn.pv,batched_matmul,B*QH,1,128,KV,491;490,,,config+architecture,softmax/mask is a non-matmul dependency bridge
models--Qwen--Qwen2.5-3B-Instruct,493,decode_step,18,model.layers.18.self_attn.o_proj,linear,,B,2048,2048,492,model.layers.18.self_attn.o_proj.weight,"[2048,2048]",config+architecture,
models--Qwen--Qwen2.5-3B-Instruct,494,decode_step,18,model.layers.18.mlp.gate_proj,linear,,B,11008,2048,493,model.layers.18.mlp.gate_proj.weight,"[11008,2048]",config+architecture,
models--Qwen--Qwen2.5-3B-Instruct,495,decode_step,18,model.layers.18.mlp.up_proj,linear,,B,11008,2048,493,model.layers.18.mlp.up_proj.weight,"[11008,2048]",config+architecture,
models--Qwen--Qwen2.5-3B-Instruct,496,decode_step,18,model.layers.18.mlp.down_proj,linear,,B,2048,11008,494;495,model.layers.18.mlp.down_proj.weight,"[2048,11008]",config+architecture,SiLU(gate)*up precedes this GEMM
models--Qwen--Qwen2.5-3B-Instruct,497,decode_step,19,model.layers.19.self_attn.q_proj,linear,,B,2048,2048,496,model.layers.19.self_attn.q_proj.weight,"[2048,2048]",config+architecture,
models--Qwen--Qwen2.5-3B-Instruct,498,decode_step,19,model.layers.19.self_attn.k_proj,linear,,B,256,2048,496,model.layers.19.self_attn.k_proj.weight,"[256,2048]",config+architecture,
models--Qwen--Qwen2.5-3B-Instruct,499,decode_step,19,model.layers.19.self_attn.v_proj,linear,,B,256,2048,496,model.layers.19.self_attn.v_proj.weight,"[256,2048]",config+architecture,
models--Qwen--Qwen2.5-3B-Instruct,500,decode_step,19,model.layers.19.self_attn.qk,batched_matmul,B*QH,1,KV,128,497;498,,,config+architecture,"GQA QH=16, KVH=2; effective KV may be capped by sliding_window=32768"
models--Qwen--Qwen2.5-3B-Instruct,501,decode_step,19,model.layers.19.self_attn.pv,batched_matmul,B*QH,1,128,KV,500;499,,,config+architecture,softmax/mask is a non-matmul dependency bridge
models--Qwen--Qwen2.5-3B-Instruct,502,decode_step,19,model.layers.19.self_attn.o_proj,linear,,B,2048,2048,501,model.layers.19.self_attn.o_proj.weight,"[2048,2048]",config+architecture,
models--Qwen--Qwen2.5-3B-Instruct,503,decode_step,19,model.layers.19.mlp.gate_proj,linear,,B,11008,2048,502,model.layers.19.mlp.gate_proj.weight,"[11008,2048]",config+architecture,
models--Qwen--Qwen2.5-3B-Instruct,504,decode_step,19,model.layers.19.mlp.up_proj,linear,,B,11008,2048,502,model.layers.19.mlp.up_proj.weight,"[11008,2048]",config+architecture,
models--Qwen--Qwen2.5-3B-Instruct,505,decode_step,19,model.layers.19.mlp.down_proj,linear,,B,2048,11008,503;504,model.layers.19.mlp.down_proj.weight,"[2048,11008]",config+architecture,SiLU(gate)*up precedes this GEMM
models--Qwen--Qwen2.5-3B-Instruct,506,decode_step,20,model.layers.20.self_attn.q_proj,linear,,B,2048,2048,505,model.layers.20.self_attn.q_proj.weight,"[2048,2048]",config+architecture,
models--Qwen--Qwen2.5-3B-Instruct,507,decode_step,20,model.layers.20.self_attn.k_proj,linear,,B,256,2048,505,model.layers.20.self_attn.k_proj.weight,"[256,2048]",config+architecture,
models--Qwen--Qwen2.5-3B-Instruct,508,decode_step,20,model.layers.20.self_attn.v_proj,linear,,B,256,2048,505,model.layers.20.self_attn.v_proj.weight,"[256,2048]",config+architecture,
models--Qwen--Qwen2.5-3B-Instruct,509,decode_step,20,model.layers.20.self_attn.qk,batched_matmul,B*QH,1,KV,128,506;507,,,config+architecture,"GQA QH=16, KVH=2; effective KV may be capped by sliding_window=32768"
models--Qwen--Qwen2.5-3B-Instruct,510,decode_step,20,model.layers.20.self_attn.pv,batched_matmul,B*QH,1,128,KV,509;508,,,config+architecture,softmax/mask is a non-matmul dependency bridge
models--Qwen--Qwen2.5-3B-Instruct,511,decode_step,20,model.layers.20.self_attn.o_proj,linear,,B,2048,2048,510,model.layers.20.self_attn.o_proj.weight,"[2048,2048]",config+architecture,
models--Qwen--Qwen2.5-3B-Instruct,512,decode_step,20,model.layers.20.mlp.gate_proj,linear,,B,11008,2048,511,model.layers.20.mlp.gate_proj.weight,"[11008,2048]",config+architecture,
models--Qwen--Qwen2.5-3B-Instruct,513,decode_step,20,model.layers.20.mlp.up_proj,linear,,B,11008,2048,511,model.layers.20.mlp.up_proj.weight,"[11008,2048]",config+architecture,
models--Qwen--Qwen2.5-3B-Instruct,514,decode_step,20,model.layers.20.mlp.down_proj,linear,,B,2048,11008,512;513,model.layers.20.mlp.down_proj.weight,"[2048,11008]",config+architecture,SiLU(gate)*up precedes this GEMM
models--Qwen--Qwen2.5-3B-Instruct,515,decode_step,21,model.layers.21.self_attn.q_proj,linear,,B,2048,2048,514,model.layers.21.self_attn.q_proj.weight,"[2048,2048]",config+architecture,
models--Qwen--Qwen2.5-3B-Instruct,516,decode_step,21,model.layers.21.self_attn.k_proj,linear,,B,256,2048,514,model.layers.21.self_attn.k_proj.weight,"[256,2048]",config+architecture,
models--Qwen--Qwen2.5-3B-Instruct,517,decode_step,21,model.layers.21.self_attn.v_proj,linear,,B,256,2048,514,model.layers.21.self_attn.v_proj.weight,"[256,2048]",config+architecture,
models--Qwen--Qwen2.5-3B-Instruct,518,decode_step,21,model.layers.21.self_attn.qk,batched_matmul,B*QH,1,KV,128,515;516,,,config+architecture,"GQA QH=16, KVH=2; effective KV may be capped by sliding_window=32768"
models--Qwen--Qwen2.5-3B-Instruct,519,decode_step,21,model.layers.21.self_attn.pv,batched_matmul,B*QH,1,128,KV,518;517,,,config+architecture,softmax/mask is a non-matmul dependency bridge
models--Qwen--Qwen2.5-3B-Instruct,520,decode_step,21,model.layers.21.self_attn.o_proj,linear,,B,2048,2048,519,model.layers.21.self_attn.o_proj.weight,"[2048,2048]",config+architecture,
models--Qwen--Qwen2.5-3B-Instruct,521,decode_step,21,model.layers.21.mlp.gate_proj,linear,,B,11008,2048,520,model.layers.21.mlp.gate_proj.weight,"[11008,2048]",config+architecture,
models--Qwen--Qwen2.5-3B-Instruct,522,decode_step,21,model.layers.21.mlp.up_proj,linear,,B,11008,2048,520,model.layers.21.mlp.up_proj.weight,"[11008,2048]",config+architecture,
models--Qwen--Qwen2.5-3B-Instruct,523,decode_step,21,model.layers.21.mlp.down_proj,linear,,B,2048,11008,521;522,model.layers.21.mlp.down_proj.weight,"[2048,11008]",config+architecture,SiLU(gate)*up precedes this GEMM
models--Qwen--Qwen2.5-3B-Instruct,524,decode_step,22,model.layers.22.self_attn.q_proj,linear,,B,2048,2048,523,model.layers.22.self_attn.q_proj.weight,"[2048,2048]",config+architecture,
models--Qwen--Qwen2.5-3B-Instruct,525,decode_step,22,model.layers.22.self_attn.k_proj,linear,,B,256,2048,523,model.layers.22.self_attn.k_proj.weight,"[256,2048]",config+architecture,
models--Qwen--Qwen2.5-3B-Instruct,526,decode_step,22,model.layers.22.self_attn.v_proj,linear,,B,256,2048,523,model.layers.22.self_attn.v_proj.weight,"[256,2048]",config+architecture,
models--Qwen--Qwen2.5-3B-Instruct,527,decode_step,22,model.layers.22.self_attn.qk,batched_matmul,B*QH,1,KV,128,524;525,,,config+architecture,"GQA QH=16, KVH=2; effective KV may be capped by sliding_window=32768"
models--Qwen--Qwen2.5-3B-Instruct,528,decode_step,22,model.layers.22.self_attn.pv,batched_matmul,B*QH,1,128,KV,527;526,,,config+architecture,softmax/mask is a non-matmul dependency bridge
models--Qwen--Qwen2.5-3B-Instruct,529,decode_step,22,model.layers.22.self_attn.o_proj,linear,,B,2048,2048,528,model.layers.22.self_attn.o_proj.weight,"[2048,2048]",config+architecture,
models--Qwen--Qwen2.5-3B-Instruct,530,decode_step,22,model.layers.22.mlp.gate_proj,linear,,B,11008,2048,529,model.layers.22.mlp.gate_proj.weight,"[11008,2048]",config+architecture,
models--Qwen--Qwen2.5-3B-Instruct,531,decode_step,22,model.layers.22.mlp.up_proj,linear,,B,11008,2048,529,model.layers.22.mlp.up_proj.weight,"[11008,2048]",config+architecture,
models--Qwen--Qwen2.5-3B-Instruct,532,decode_step,22,model.layers.22.mlp.down_proj,linear,,B,2048,11008,530;531,model.layers.22.mlp.down_proj.weight,"[2048,11008]",config+architecture,SiLU(gate)*up precedes this GEMM
models--Qwen--Qwen2.5-3B-Instruct,533,decode_step,23,model.layers.23.self_attn.q_proj,linear,,B,2048,2048,532,model.layers.23.self_attn.q_proj.weight,"[2048,2048]",config+architecture,
models--Qwen--Qwen2.5-3B-Instruct,534,decode_step,23,model.layers.23.self_attn.k_proj,linear,,B,256,2048,532,model.layers.23.self_attn.k_proj.weight,"[256,2048]",config+architecture,
models--Qwen--Qwen2.5-3B-Instruct,535,decode_step,23,model.layers.23.self_attn.v_proj,linear,,B,256,2048,532,model.layers.23.self_attn.v_proj.weight,"[256,2048]",config+architecture,
models--Qwen--Qwen2.5-3B-Instruct,536,decode_step,23,model.layers.23.self_attn.qk,batched_matmul,B*QH,1,KV,128,533;534,,,config+architecture,"GQA QH=16, KVH=2; effective KV may be capped by sliding_window=32768"
models--Qwen--Qwen2.5-3B-Instruct,537,decode_step,23,model.layers.23.self_attn.pv,batched_matmul,B*QH,1,128,KV,536;535,,,config+architecture,softmax/mask is a non-matmul dependency bridge
models--Qwen--Qwen2.5-3B-Instruct,538,decode_step,23,model.layers.23.self_attn.o_proj,linear,,B,2048,2048,537,model.layers.23.self_attn.o_proj.weight,"[2048,2048]",config+architecture,
models--Qwen--Qwen2.5-3B-Instruct,539,decode_step,23,model.layers.23.mlp.gate_proj,linear,,B,11008,2048,538,model.layers.23.mlp.gate_proj.weight,"[11008,2048]",config+architecture,
models--Qwen--Qwen2.5-3B-Instruct,540,decode_step,23,model.layers.23.mlp.up_proj,linear,,B,11008,2048,538,model.layers.23.mlp.up_proj.weight,"[11008,2048]",config+architecture,
models--Qwen--Qwen2.5-3B-Instruct,541,decode_step,23,model.layers.23.mlp.down_proj,linear,,B,2048,11008,539;540,model.layers.23.mlp.down_proj.weight,"[2048,11008]",config+architecture,SiLU(gate)*up precedes this GEMM
models--Qwen--Qwen2.5-3B-Instruct,542,decode_step,24,model.layers.24.self_attn.q_proj,linear,,B,2048,2048,541,model.layers.24.self_attn.q_proj.weight,"[2048,2048]",config+architecture,
models--Qwen--Qwen2.5-3B-Instruct,543,decode_step,24,model.layers.24.self_attn.k_proj,linear,,B,256,2048,541,model.layers.24.self_attn.k_proj.weight,"[256,2048]",config+architecture,
models--Qwen--Qwen2.5-3B-Instruct,544,decode_step,24,model.layers.24.self_attn.v_proj,linear,,B,256,2048,541,model.layers.24.self_attn.v_proj.weight,"[256,2048]",config+architecture,
models--Qwen--Qwen2.5-3B-Instruct,545,decode_step,24,model.layers.24.self_attn.qk,batched_matmul,B*QH,1,KV,128,542;543,,,config+architecture,"GQA QH=16, KVH=2; effective KV may be capped by sliding_window=32768"
models--Qwen--Qwen2.5-3B-Instruct,546,decode_step,24,model.layers.24.self_attn.pv,batched_matmul,B*QH,1,128,KV,545;544,,,config+architecture,softmax/mask is a non-matmul dependency bridge
models--Qwen--Qwen2.5-3B-Instruct,547,decode_step,24,model.layers.24.self_attn.o_proj,linear,,B,2048,2048,546,model.layers.24.self_attn.o_proj.weight,"[2048,2048]",config+architecture,
models--Qwen--Qwen2.5-3B-Instruct,548,decode_step,24,model.layers.24.mlp.gate_proj,linear,,B,11008,2048,547,model.layers.24.mlp.gate_proj.weight,"[11008,2048]",config+architecture,
models--Qwen--Qwen2.5-3B-Instruct,549,decode_step,24,model.layers.24.mlp.up_proj,linear,,B,11008,2048,547,model.layers.24.mlp.up_proj.weight,"[11008,2048]",config+architecture,
models--Qwen--Qwen2.5-3B-Instruct,550,decode_step,24,model.layers.24.mlp.down_proj,linear,,B,2048,11008,548;549,model.layers.24.mlp.down_proj.weight,"[2048,11008]",config+architecture,SiLU(gate)*up precedes this GEMM
models--Qwen--Qwen2.5-3B-Instruct,551,decode_step,25,model.layers.25.self_attn.q_proj,linear,,B,2048,2048,550,model.layers.25.self_attn.q_proj.weight,"[2048,2048]",config+architecture,
models--Qwen--Qwen2.5-3B-Instruct,552,decode_step,25,model.layers.25.self_attn.k_proj,linear,,B,256,2048,550,model.layers.25.self_attn.k_proj.weight,"[256,2048]",config+architecture,
models--Qwen--Qwen2.5-3B-Instruct,553,decode_step,25,model.layers.25.self_attn.v_proj,linear,,B,256,2048,550,model.layers.25.self_attn.v_proj.weight,"[256,2048]",config+architecture,
models--Qwen--Qwen2.5-3B-Instruct,554,decode_step,25,model.layers.25.self_attn.qk,batched_matmul,B*QH,1,KV,128,551;552,,,config+architecture,"GQA QH=16, KVH=2; effective KV may be capped by sliding_window=32768"
models--Qwen--Qwen2.5-3B-Instruct,555,decode_step,25,model.layers.25.self_attn.pv,batched_matmul,B*QH,1,128,KV,554;553,,,config+architecture,softmax/mask is a non-matmul dependency bridge
models--Qwen--Qwen2.5-3B-Instruct,556,decode_step,25,model.layers.25.self_attn.o_proj,linear,,B,2048,2048,555,model.layers.25.self_attn.o_proj.weight,"[2048,2048]",config+architecture,
models--Qwen--Qwen2.5-3B-Instruct,557,decode_step,25,model.layers.25.mlp.gate_proj,linear,,B,11008,2048,556,model.layers.25.mlp.gate_proj.weight,"[11008,2048]",config+architecture,
models--Qwen--Qwen2.5-3B-Instruct,558,decode_step,25,model.layers.25.mlp.up_proj,linear,,B,11008,2048,556,model.layers.25.mlp.up_proj.weight,"[11008,2048]",config+architecture,
models--Qwen--Qwen2.5-3B-Instruct,559,decode_step,25,model.layers.25.mlp.down_proj,linear,,B,2048,11008,557;558,model.layers.25.mlp.down_proj.weight,"[2048,11008]",config+architecture,SiLU(gate)*up precedes this GEMM
models--Qwen--Qwen2.5-3B-Instruct,560,decode_step,26,model.layers.26.self_attn.q_proj,linear,,B,2048,2048,559,model.layers.26.self_attn.q_proj.weight,"[2048,2048]",config+architecture,
models--Qwen--Qwen2.5-3B-Instruct,561,decode_step,26,model.layers.26.self_attn.k_proj,linear,,B,256,2048,559,model.layers.26.self_attn.k_proj.weight,"[256,2048]",config+architecture,
models--Qwen--Qwen2.5-3B-Instruct,562,decode_step,26,model.layers.26.self_attn.v_proj,linear,,B,256,2048,559,model.layers.26.self_attn.v_proj.weight,"[256,2048]",config+architecture,
models--Qwen--Qwen2.5-3B-Instruct,563,decode_step,26,model.layers.26.self_attn.qk,batched_matmul,B*QH,1,KV,128,560;561,,,config+architecture,"GQA QH=16, KVH=2; effective KV may be capped by sliding_window=32768"
models--Qwen--Qwen2.5-3B-Instruct,564,decode_step,26,model.layers.26.self_attn.pv,batched_matmul,B*QH,1,128,KV,563;562,,,config+architecture,softmax/mask is a non-matmul dependency bridge
models--Qwen--Qwen2.5-3B-Instruct,565,decode_step,26,model.layers.26.self_attn.o_proj,linear,,B,2048,2048,564,model.layers.26.self_attn.o_proj.weight,"[2048,2048]",config+architecture,
models--Qwen--Qwen2.5-3B-Instruct,566,decode_step,26,model.layers.26.mlp.gate_proj,linear,,B,11008,2048,565,model.layers.26.mlp.gate_proj.weight,"[11008,2048]",config+architecture,
models--Qwen--Qwen2.5-3B-Instruct,567,decode_step,26,model.layers.26.mlp.up_proj,linear,,B,11008,2048,565,model.layers.26.mlp.up_proj.weight,"[11008,2048]",config+architecture,
models--Qwen--Qwen2.5-3B-Instruct,568,decode_step,26,model.layers.26.mlp.down_proj,linear,,B,2048,11008,566;567,model.layers.26.mlp.down_proj.weight,"[2048,11008]",config+architecture,SiLU(gate)*up precedes this GEMM
models--Qwen--Qwen2.5-3B-Instruct,569,decode_step,27,model.layers.27.self_attn.q_proj,linear,,B,2048,2048,568,model.layers.27.self_attn.q_proj.weight,"[2048,2048]",config+architecture,
models--Qwen--Qwen2.5-3B-Instruct,570,decode_step,27,model.layers.27.self_attn.k_proj,linear,,B,256,2048,568,model.layers.27.self_attn.k_proj.weight,"[256,2048]",config+architecture,
models--Qwen--Qwen2.5-3B-Instruct,571,decode_step,27,model.layers.27.self_attn.v_proj,linear,,B,256,2048,568,model.layers.27.self_attn.v_proj.weight,"[256,2048]",config+architecture,
models--Qwen--Qwen2.5-3B-Instruct,572,decode_step,27,model.layers.27.self_attn.qk,batched_matmul,B*QH,1,KV,128,569;570,,,config+architecture,"GQA QH=16, KVH=2; effective KV may be capped by sliding_window=32768"
models--Qwen--Qwen2.5-3B-Instruct,573,decode_step,27,model.layers.27.self_attn.pv,batched_matmul,B*QH,1,128,KV,572;571,,,config+architecture,softmax/mask is a non-matmul dependency bridge
models--Qwen--Qwen2.5-3B-Instruct,574,decode_step,27,model.layers.27.self_attn.o_proj,linear,,B,2048,2048,573,model.layers.27.self_attn.o_proj.weight,"[2048,2048]",config+architecture,
models--Qwen--Qwen2.5-3B-Instruct,575,decode_step,27,model.layers.27.mlp.gate_proj,linear,,B,11008,2048,574,model.layers.27.mlp.gate_proj.weight,"[11008,2048]",config+architecture,
models--Qwen--Qwen2.5-3B-Instruct,576,decode_step,27,model.layers.27.mlp.up_proj,linear,,B,11008,2048,574,model.layers.27.mlp.up_proj.weight,"[11008,2048]",config+architecture,
models--Qwen--Qwen2.5-3B-Instruct,577,decode_step,27,model.layers.27.mlp.down_proj,linear,,B,2048,11008,575;576,model.layers.27.mlp.down_proj.weight,"[2048,11008]",config+architecture,SiLU(gate)*up precedes this GEMM
models--Qwen--Qwen2.5-3B-Instruct,578,decode_step,28,model.layers.28.self_attn.q_proj,linear,,B,2048,2048,577,model.layers.28.self_attn.q_proj.weight,"[2048,2048]",config+architecture,
models--Qwen--Qwen2.5-3B-Instruct,579,decode_step,28,model.layers.28.self_attn.k_proj,linear,,B,256,2048,577,model.layers.28.self_attn.k_proj.weight,"[256,2048]",config+architecture,
models--Qwen--Qwen2.5-3B-Instruct,580,decode_step,28,model.layers.28.self_attn.v_proj,linear,,B,256,2048,577,model.layers.28.self_attn.v_proj.weight,"[256,2048]",config+architecture,
models--Qwen--Qwen2.5-3B-Instruct,581,decode_step,28,model.layers.28.self_attn.qk,batched_matmul,B*QH,1,KV,128,578;579,,,config+architecture,"GQA QH=16, KVH=2; effective KV may be capped by sliding_window=32768"
models--Qwen--Qwen2.5-3B-Instruct,582,decode_step,28,model.layers.28.self_attn.pv,batched_matmul,B*QH,1,128,KV,581;580,,,config+architecture,softmax/mask is a non-matmul dependency bridge
models--Qwen--Qwen2.5-3B-Instruct,583,decode_step,28,model.layers.28.self_attn.o_proj,linear,,B,2048,2048,582,model.layers.28.self_attn.o_proj.weight,"[2048,2048]",config+architecture,
models--Qwen--Qwen2.5-3B-Instruct,584,decode_step,28,model.layers.28.mlp.gate_proj,linear,,B,11008,2048,583,model.layers.28.mlp.gate_proj.weight,"[11008,2048]",config+architecture,
models--Qwen--Qwen2.5-3B-Instruct,585,decode_step,28,model.layers.28.mlp.up_proj,linear,,B,11008,2048,583,model.layers.28.mlp.up_proj.weight,"[11008,2048]",config+architecture,
models--Qwen--Qwen2.5-3B-Instruct,586,decode_step,28,model.layers.28.mlp.down_proj,linear,,B,2048,11008,584;585,model.layers.28.mlp.down_proj.weight,"[2048,11008]",config+architecture,SiLU(gate)*up precedes this GEMM
models--Qwen--Qwen2.5-3B-Instruct,587,decode_step,29,model.layers.29.self_attn.q_proj,linear,,B,2048,2048,586,model.layers.29.self_attn.q_proj.weight,"[2048,2048]",config+architecture,
models--Qwen--Qwen2.5-3B-Instruct,588,decode_step,29,model.layers.29.self_attn.k_proj,linear,,B,256,2048,586,model.layers.29.self_attn.k_proj.weight,"[256,2048]",config+architecture,
models--Qwen--Qwen2.5-3B-Instruct,589,decode_step,29,model.layers.29.self_attn.v_proj,linear,,B,256,2048,586,model.layers.29.self_attn.v_proj.weight,"[256,2048]",config+architecture,
models--Qwen--Qwen2.5-3B-Instruct,590,decode_step,29,model.layers.29.self_attn.qk,batched_matmul,B*QH,1,KV,128,587;588,,,config+architecture,"GQA QH=16, KVH=2; effective KV may be capped by sliding_window=32768"
models--Qwen--Qwen2.5-3B-Instruct,591,decode_step,29,model.layers.29.self_attn.pv,batched_matmul,B*QH,1,128,KV,590;589,,,config+architecture,softmax/mask is a non-matmul dependency bridge
models--Qwen--Qwen2.5-3B-Instruct,592,decode_step,29,model.layers.29.self_attn.o_proj,linear,,B,2048,2048,591,model.layers.29.self_attn.o_proj.weight,"[2048,2048]",config+architecture,
models--Qwen--Qwen2.5-3B-Instruct,593,decode_step,29,model.layers.29.mlp.gate_proj,linear,,B,11008,2048,592,model.layers.29.mlp.gate_proj.weight,"[11008,2048]",config+architecture,
models--Qwen--Qwen2.5-3B-Instruct,594,decode_step,29,model.layers.29.mlp.up_proj,linear,,B,11008,2048,592,model.layers.29.mlp.up_proj.weight,"[11008,2048]",config+architecture,
models--Qwen--Qwen2.5-3B-Instruct,595,decode_step,29,model.layers.29.mlp.down_proj,linear,,B,2048,11008,593;594,model.layers.29.mlp.down_proj.weight,"[2048,11008]",config+architecture,SiLU(gate)*up precedes this GEMM
models--Qwen--Qwen2.5-3B-Instruct,596,decode_step,30,model.layers.30.self_attn.q_proj,linear,,B,2048,2048,595,model.layers.30.self_attn.q_proj.weight,"[2048,2048]",config+architecture,
models--Qwen--Qwen2.5-3B-Instruct,597,decode_step,30,model.layers.30.self_attn.k_proj,linear,,B,256,2048,595,model.layers.30.self_attn.k_proj.weight,"[256,2048]",config+architecture,
models--Qwen--Qwen2.5-3B-Instruct,598,decode_step,30,model.layers.30.self_attn.v_proj,linear,,B,256,2048,595,model.layers.30.self_attn.v_proj.weight,"[256,2048]",config+architecture,
models--Qwen--Qwen2.5-3B-Instruct,599,decode_step,30,model.layers.30.self_attn.qk,batched_matmul,B*QH,1,KV,128,596;597,,,config+architecture,"GQA QH=16, KVH=2; effective KV may be capped by sliding_window=32768"
models--Qwen--Qwen2.5-3B-Instruct,600,decode_step,30,model.layers.30.self_attn.pv,batched_matmul,B*QH,1,128,KV,599;598,,,config+architecture,softmax/mask is a non-matmul dependency bridge
models--Qwen--Qwen2.5-3B-Instruct,601,decode_step,30,model.layers.30.self_attn.o_proj,linear,,B,2048,2048,600,model.layers.30.self_attn.o_proj.weight,"[2048,2048]",config+architecture,
models--Qwen--Qwen2.5-3B-Instruct,602,decode_step,30,model.layers.30.mlp.gate_proj,linear,,B,11008,2048,601,model.layers.30.mlp.gate_proj.weight,"[11008,2048]",config+architecture,
models--Qwen--Qwen2.5-3B-Instruct,603,decode_step,30,model.layers.30.mlp.up_proj,linear,,B,11008,2048,601,model.layers.30.mlp.up_proj.weight,"[11008,2048]",config+architecture,
models--Qwen--Qwen2.5-3B-Instruct,604,decode_step,30,model.layers.30.mlp.down_proj,linear,,B,2048,11008,602;603,model.layers.30.mlp.down_proj.weight,"[2048,11008]",config+architecture,SiLU(gate)*up precedes this GEMM
models--Qwen--Qwen2.5-3B-Instruct,605,decode_step,31,model.layers.31.self_attn.q_proj,linear,,B,2048,2048,604,model.layers.31.self_attn.q_proj.weight,"[2048,2048]",config+architecture,
models--Qwen--Qwen2.5-3B-Instruct,606,decode_step,31,model.layers.31.self_attn.k_proj,linear,,B,256,2048,604,model.layers.31.self_attn.k_proj.weight,"[256,2048]",config+architecture,
models--Qwen--Qwen2.5-3B-Instruct,607,decode_step,31,model.layers.31.self_attn.v_proj,linear,,B,256,2048,604,model.layers.31.self_attn.v_proj.weight,"[256,2048]",config+architecture,
models--Qwen--Qwen2.5-3B-Instruct,608,decode_step,31,model.layers.31.self_attn.qk,batched_matmul,B*QH,1,KV,128,605;606,,,config+architecture,"GQA QH=16, KVH=2; effective KV may be capped by sliding_window=32768"
models--Qwen--Qwen2.5-3B-Instruct,609,decode_step,31,model.layers.31.self_attn.pv,batched_matmul,B*QH,1,128,KV,608;607,,,config+architecture,softmax/mask is a non-matmul dependency bridge
models--Qwen--Qwen2.5-3B-Instruct,610,decode_step,31,model.layers.31.self_attn.o_proj,linear,,B,2048,2048,609,model.layers.31.self_attn.o_proj.weight,"[2048,2048]",config+architecture,
models--Qwen--Qwen2.5-3B-Instruct,611,decode_step,31,model.layers.31.mlp.gate_proj,linear,,B,11008,2048,610,model.layers.31.mlp.gate_proj.weight,"[11008,2048]",config+architecture,
models--Qwen--Qwen2.5-3B-Instruct,612,decode_step,31,model.layers.31.mlp.up_proj,linear,,B,11008,2048,610,model.layers.31.mlp.up_proj.weight,"[11008,2048]",config+architecture,
models--Qwen--Qwen2.5-3B-Instruct,613,decode_step,31,model.layers.31.mlp.down_proj,linear,,B,2048,11008,611;612,model.layers.31.mlp.down_proj.weight,"[2048,11008]",config+architecture,SiLU(gate)*up precedes this GEMM
models--Qwen--Qwen2.5-3B-Instruct,614,decode_step,32,model.layers.32.self_attn.q_proj,linear,,B,2048,2048,613,model.layers.32.self_attn.q_proj.weight,"[2048,2048]",config+architecture,
models--Qwen--Qwen2.5-3B-Instruct,615,decode_step,32,model.layers.32.self_attn.k_proj,linear,,B,256,2048,613,model.layers.32.self_attn.k_proj.weight,"[256,2048]",config+architecture,
models--Qwen--Qwen2.5-3B-Instruct,616,decode_step,32,model.layers.32.self_attn.v_proj,linear,,B,256,2048,613,model.layers.32.self_attn.v_proj.weight,"[256,2048]",config+architecture,
models--Qwen--Qwen2.5-3B-Instruct,617,decode_step,32,model.layers.32.self_attn.qk,batched_matmul,B*QH,1,KV,128,614;615,,,config+architecture,"GQA QH=16, KVH=2; effective KV may be capped by sliding_window=32768"
models--Qwen--Qwen2.5-3B-Instruct,618,decode_step,32,model.layers.32.self_attn.pv,batched_matmul,B*QH,1,128,KV,617;616,,,config+architecture,softmax/mask is a non-matmul dependency bridge
models--Qwen--Qwen2.5-3B-Instruct,619,decode_step,32,model.layers.32.self_attn.o_proj,linear,,B,2048,2048,618,model.layers.32.self_attn.o_proj.weight,"[2048,2048]",config+architecture,
models--Qwen--Qwen2.5-3B-Instruct,620,decode_step,32,model.layers.32.mlp.gate_proj,linear,,B,11008,2048,619,model.layers.32.mlp.gate_proj.weight,"[11008,2048]",config+architecture,
models--Qwen--Qwen2.5-3B-Instruct,621,decode_step,32,model.layers.32.mlp.up_proj,linear,,B,11008,2048,619,model.layers.32.mlp.up_proj.weight,"[11008,2048]",config+architecture,
models--Qwen--Qwen2.5-3B-Instruct,622,decode_step,32,model.layers.32.mlp.down_proj,linear,,B,2048,11008,620;621,model.layers.32.mlp.down_proj.weight,"[2048,11008]",config+architecture,SiLU(gate)*up precedes this GEMM
models--Qwen--Qwen2.5-3B-Instruct,623,decode_step,33,model.layers.33.self_attn.q_proj,linear,,B,2048,2048,622,model.layers.33.self_attn.q_proj.weight,"[2048,2048]",config+architecture,
models--Qwen--Qwen2.5-3B-Instruct,624,decode_step,33,model.layers.33.self_attn.k_proj,linear,,B,256,2048,622,model.layers.33.self_attn.k_proj.weight,"[256,2048]",config+architecture,
models--Qwen--Qwen2.5-3B-Instruct,625,decode_step,33,model.layers.33.self_attn.v_proj,linear,,B,256,2048,622,model.layers.33.self_attn.v_proj.weight,"[256,2048]",config+architecture,
models--Qwen--Qwen2.5-3B-Instruct,626,decode_step,33,model.layers.33.self_attn.qk,batched_matmul,B*QH,1,KV,128,623;624,,,config+architecture,"GQA QH=16, KVH=2; effective KV may be capped by sliding_window=32768"
models--Qwen--Qwen2.5-3B-Instruct,627,decode_step,33,model.layers.33.self_attn.pv,batched_matmul,B*QH,1,128,KV,626;625,,,config+architecture,softmax/mask is a non-matmul dependency bridge
models--Qwen--Qwen2.5-3B-Instruct,628,decode_step,33,model.layers.33.self_attn.o_proj,linear,,B,2048,2048,627,model.layers.33.self_attn.o_proj.weight,"[2048,2048]",config+architecture,
models--Qwen--Qwen2.5-3B-Instruct,629,decode_step,33,model.layers.33.mlp.gate_proj,linear,,B,11008,2048,628,model.layers.33.mlp.gate_proj.weight,"[11008,2048]",config+architecture,
models--Qwen--Qwen2.5-3B-Instruct,630,decode_step,33,model.layers.33.mlp.up_proj,linear,,B,11008,2048,628,model.layers.33.mlp.up_proj.weight,"[11008,2048]",config+architecture,
models--Qwen--Qwen2.5-3B-Instruct,631,decode_step,33,model.layers.33.mlp.down_proj,linear,,B,2048,11008,629;630,model.layers.33.mlp.down_proj.weight,"[2048,11008]",config+architecture,SiLU(gate)*up precedes this GEMM
models--Qwen--Qwen2.5-3B-Instruct,632,decode_step,34,model.layers.34.self_attn.q_proj,linear,,B,2048,2048,631,model.layers.34.self_attn.q_proj.weight,"[2048,2048]",config+architecture,
models--Qwen--Qwen2.5-3B-Instruct,633,decode_step,34,model.layers.34.self_attn.k_proj,linear,,B,256,2048,631,model.layers.34.self_attn.k_proj.weight,"[256,2048]",config+architecture,
models--Qwen--Qwen2.5-3B-Instruct,634,decode_step,34,model.layers.34.self_attn.v_proj,linear,,B,256,2048,631,model.layers.34.self_attn.v_proj.weight,"[256,2048]",config+architecture,
models--Qwen--Qwen2.5-3B-Instruct,635,decode_step,34,model.layers.34.self_attn.qk,batched_matmul,B*QH,1,KV,128,632;633,,,config+architecture,"GQA QH=16, KVH=2; effective KV may be capped by sliding_window=32768"
models--Qwen--Qwen2.5-3B-Instruct,636,decode_step,34,model.layers.34.self_attn.pv,batched_matmul,B*QH,1,128,KV,635;634,,,config+architecture,softmax/mask is a non-matmul dependency bridge
models--Qwen--Qwen2.5-3B-Instruct,637,decode_step,34,model.layers.34.self_attn.o_proj,linear,,B,2048,2048,636,model.layers.34.self_attn.o_proj.weight,"[2048,2048]",config+architecture,
models--Qwen--Qwen2.5-3B-Instruct,638,decode_step,34,model.layers.34.mlp.gate_proj,linear,,B,11008,2048,637,model.layers.34.mlp.gate_proj.weight,"[11008,2048]",config+architecture,
models--Qwen--Qwen2.5-3B-Instruct,639,decode_step,34,model.layers.34.mlp.up_proj,linear,,B,11008,2048,637,model.layers.34.mlp.up_proj.weight,"[11008,2048]",config+architecture,
models--Qwen--Qwen2.5-3B-Instruct,640,decode_step,34,model.layers.34.mlp.down_proj,linear,,B,2048,11008,638;639,model.layers.34.mlp.down_proj.weight,"[2048,11008]",config+architecture,SiLU(gate)*up precedes this GEMM
models--Qwen--Qwen2.5-3B-Instruct,641,decode_step,35,model.layers.35.self_attn.q_proj,linear,,B,2048,2048,640,model.layers.35.self_attn.q_proj.weight,"[2048,2048]",config+architecture,
models--Qwen--Qwen2.5-3B-Instruct,642,decode_step,35,model.layers.35.self_attn.k_proj,linear,,B,256,2048,640,model.layers.35.self_attn.k_proj.weight,"[256,2048]",config+architecture,
models--Qwen--Qwen2.5-3B-Instruct,643,decode_step,35,model.layers.35.self_attn.v_proj,linear,,B,256,2048,640,model.layers.35.self_attn.v_proj.weight,"[256,2048]",config+architecture,
models--Qwen--Qwen2.5-3B-Instruct,644,decode_step,35,model.layers.35.self_attn.qk,batched_matmul,B*QH,1,KV,128,641;642,,,config+architecture,"GQA QH=16, KVH=2; effective KV may be capped by sliding_window=32768"
models--Qwen--Qwen2.5-3B-Instruct,645,decode_step,35,model.layers.35.self_attn.pv,batched_matmul,B*QH,1,128,KV,644;643,,,config+architecture,softmax/mask is a non-matmul dependency bridge
models--Qwen--Qwen2.5-3B-Instruct,646,decode_step,35,model.layers.35.self_attn.o_proj,linear,,B,2048,2048,645,model.layers.35.self_attn.o_proj.weight,"[2048,2048]",config+architecture,
models--Qwen--Qwen2.5-3B-Instruct,647,decode_step,35,model.layers.35.mlp.gate_proj,linear,,B,11008,2048,646,model.layers.35.mlp.gate_proj.weight,"[11008,2048]",config+architecture,
models--Qwen--Qwen2.5-3B-Instruct,648,decode_step,35,model.layers.35.mlp.up_proj,linear,,B,11008,2048,646,model.layers.35.mlp.up_proj.weight,"[11008,2048]",config+architecture,
models--Qwen--Qwen2.5-3B-Instruct,649,decode_step,35,model.layers.35.mlp.down_proj,linear,,B,2048,11008,647;648,model.layers.35.mlp.down_proj.weight,"[2048,11008]",config+architecture,SiLU(gate)*up precedes this GEMM
models--Qwen--Qwen2.5-3B-Instruct,650,decode_step,output,lm_head,linear,,B,151936,2048,649,lm_head.weight or tied embed_tokens.weight,"[151936,2048]",config+architecture,prefill shape follows full Hugging Face forward; serving runtimes may compute only selected logits
