model,op_id,phase,layer,module,op_kind,batch_dims,M,N,K,deps,weight,weight_shape,provenance,notes
models--Systran--faster-whisper-large-v3,1,encoder,frontend,encoder.conv1,conv1d_im2col_equivalent,,B*T_audio,1280,384,,encoder.conv1.weight,"[1280,128,3]",variant+standard_whisper,"kernel=3,stride=1,padding=1"
models--Systran--faster-whisper-large-v3,2,encoder,frontend,encoder.conv2,conv1d_im2col_equivalent,,B*T_enc,1280,3840,1,encoder.conv2.weight,"[1280,1280,3]",variant+standard_whisper,"kernel=3,stride=2,padding=1; T_enc=ceil(T_audio/2)"
models--Systran--faster-whisper-large-v3,3,encoder,0,encoder.layers.0.self_attn.q_proj,linear,,B*T_enc,1280,1280,2,encoder.layers.0.self_attn.q_proj.weight,"[1280,1280]",config+architecture,
models--Systran--faster-whisper-large-v3,4,encoder,0,encoder.layers.0.self_attn.k_proj,linear,,B*T_enc,1280,1280,2,encoder.layers.0.self_attn.k_proj.weight,"[1280,1280]",config+architecture,
models--Systran--faster-whisper-large-v3,5,encoder,0,encoder.layers.0.self_attn.v_proj,linear,,B*T_enc,1280,1280,2,encoder.layers.0.self_attn.v_proj.weight,"[1280,1280]",config+architecture,
models--Systran--faster-whisper-large-v3,6,encoder,0,encoder.layers.0.self_attn.qk,batched_matmul,B*heads,T_enc,T_enc,64,3;4,,,config+architecture,
models--Systran--faster-whisper-large-v3,7,encoder,0,encoder.layers.0.self_attn.pv,batched_matmul,B*heads,T_enc,64,T_enc,6;5,,,config+architecture,
models--Systran--faster-whisper-large-v3,8,encoder,0,encoder.layers.0.self_attn.out_proj,linear,,B*T_enc,1280,1280,7,encoder.layers.0.self_attn.out_proj.weight,"[1280,1280]",config+architecture,
models--Systran--faster-whisper-large-v3,9,encoder,0,encoder.layers.0.fc1,linear,,B*T_enc,5120,1280,8,encoder.layers.0.fc1.weight,"[5120,1280]",config+architecture,
models--Systran--faster-whisper-large-v3,10,encoder,0,encoder.layers.0.fc2,linear,,B*T_enc,1280,5120,9,encoder.layers.0.fc2.weight,"[1280,5120]",config+architecture,
models--Systran--faster-whisper-large-v3,11,encoder,1,encoder.layers.1.self_attn.q_proj,linear,,B*T_enc,1280,1280,10,encoder.layers.1.self_attn.q_proj.weight,"[1280,1280]",config+architecture,
models--Systran--faster-whisper-large-v3,12,encoder,1,encoder.layers.1.self_attn.k_proj,linear,,B*T_enc,1280,1280,10,encoder.layers.1.self_attn.k_proj.weight,"[1280,1280]",config+architecture,
models--Systran--faster-whisper-large-v3,13,encoder,1,encoder.layers.1.self_attn.v_proj,linear,,B*T_enc,1280,1280,10,encoder.layers.1.self_attn.v_proj.weight,"[1280,1280]",config+architecture,
models--Systran--faster-whisper-large-v3,14,encoder,1,encoder.layers.1.self_attn.qk,batched_matmul,B*heads,T_enc,T_enc,64,11;12,,,config+architecture,
models--Systran--faster-whisper-large-v3,15,encoder,1,encoder.layers.1.self_attn.pv,batched_matmul,B*heads,T_enc,64,T_enc,14;13,,,config+architecture,
models--Systran--faster-whisper-large-v3,16,encoder,1,encoder.layers.1.self_attn.out_proj,linear,,B*T_enc,1280,1280,15,encoder.layers.1.self_attn.out_proj.weight,"[1280,1280]",config+architecture,
models--Systran--faster-whisper-large-v3,17,encoder,1,encoder.layers.1.fc1,linear,,B*T_enc,5120,1280,16,encoder.layers.1.fc1.weight,"[5120,1280]",config+architecture,
models--Systran--faster-whisper-large-v3,18,encoder,1,encoder.layers.1.fc2,linear,,B*T_enc,1280,5120,17,encoder.layers.1.fc2.weight,"[1280,5120]",config+architecture,
models--Systran--faster-whisper-large-v3,19,encoder,2,encoder.layers.2.self_attn.q_proj,linear,,B*T_enc,1280,1280,18,encoder.layers.2.self_attn.q_proj.weight,"[1280,1280]",config+architecture,
models--Systran--faster-whisper-large-v3,20,encoder,2,encoder.layers.2.self_attn.k_proj,linear,,B*T_enc,1280,1280,18,encoder.layers.2.self_attn.k_proj.weight,"[1280,1280]",config+architecture,
models--Systran--faster-whisper-large-v3,21,encoder,2,encoder.layers.2.self_attn.v_proj,linear,,B*T_enc,1280,1280,18,encoder.layers.2.self_attn.v_proj.weight,"[1280,1280]",config+architecture,
models--Systran--faster-whisper-large-v3,22,encoder,2,encoder.layers.2.self_attn.qk,batched_matmul,B*heads,T_enc,T_enc,64,19;20,,,config+architecture,
models--Systran--faster-whisper-large-v3,23,encoder,2,encoder.layers.2.self_attn.pv,batched_matmul,B*heads,T_enc,64,T_enc,22;21,,,config+architecture,
models--Systran--faster-whisper-large-v3,24,encoder,2,encoder.layers.2.self_attn.out_proj,linear,,B*T_enc,1280,1280,23,encoder.layers.2.self_attn.out_proj.weight,"[1280,1280]",config+architecture,
models--Systran--faster-whisper-large-v3,25,encoder,2,encoder.layers.2.fc1,linear,,B*T_enc,5120,1280,24,encoder.layers.2.fc1.weight,"[5120,1280]",config+architecture,
models--Systran--faster-whisper-large-v3,26,encoder,2,encoder.layers.2.fc2,linear,,B*T_enc,1280,5120,25,encoder.layers.2.fc2.weight,"[1280,5120]",config+architecture,
models--Systran--faster-whisper-large-v3,27,encoder,3,encoder.layers.3.self_attn.q_proj,linear,,B*T_enc,1280,1280,26,encoder.layers.3.self_attn.q_proj.weight,"[1280,1280]",config+architecture,
models--Systran--faster-whisper-large-v3,28,encoder,3,encoder.layers.3.self_attn.k_proj,linear,,B*T_enc,1280,1280,26,encoder.layers.3.self_attn.k_proj.weight,"[1280,1280]",config+architecture,
models--Systran--faster-whisper-large-v3,29,encoder,3,encoder.layers.3.self_attn.v_proj,linear,,B*T_enc,1280,1280,26,encoder.layers.3.self_attn.v_proj.weight,"[1280,1280]",config+architecture,
models--Systran--faster-whisper-large-v3,30,encoder,3,encoder.layers.3.self_attn.qk,batched_matmul,B*heads,T_enc,T_enc,64,27;28,,,config+architecture,
models--Systran--faster-whisper-large-v3,31,encoder,3,encoder.layers.3.self_attn.pv,batched_matmul,B*heads,T_enc,64,T_enc,30;29,,,config+architecture,
models--Systran--faster-whisper-large-v3,32,encoder,3,encoder.layers.3.self_attn.out_proj,linear,,B*T_enc,1280,1280,31,encoder.layers.3.self_attn.out_proj.weight,"[1280,1280]",config+architecture,
models--Systran--faster-whisper-large-v3,33,encoder,3,encoder.layers.3.fc1,linear,,B*T_enc,5120,1280,32,encoder.layers.3.fc1.weight,"[5120,1280]",config+architecture,
models--Systran--faster-whisper-large-v3,34,encoder,3,encoder.layers.3.fc2,linear,,B*T_enc,1280,5120,33,encoder.layers.3.fc2.weight,"[1280,5120]",config+architecture,
models--Systran--faster-whisper-large-v3,35,encoder,4,encoder.layers.4.self_attn.q_proj,linear,,B*T_enc,1280,1280,34,encoder.layers.4.self_attn.q_proj.weight,"[1280,1280]",config+architecture,
models--Systran--faster-whisper-large-v3,36,encoder,4,encoder.layers.4.self_attn.k_proj,linear,,B*T_enc,1280,1280,34,encoder.layers.4.self_attn.k_proj.weight,"[1280,1280]",config+architecture,
models--Systran--faster-whisper-large-v3,37,encoder,4,encoder.layers.4.self_attn.v_proj,linear,,B*T_enc,1280,1280,34,encoder.layers.4.self_attn.v_proj.weight,"[1280,1280]",config+architecture,
models--Systran--faster-whisper-large-v3,38,encoder,4,encoder.layers.4.self_attn.qk,batched_matmul,B*heads,T_enc,T_enc,64,35;36,,,config+architecture,
models--Systran--faster-whisper-large-v3,39,encoder,4,encoder.layers.4.self_attn.pv,batched_matmul,B*heads,T_enc,64,T_enc,38;37,,,config+architecture,
models--Systran--faster-whisper-large-v3,40,encoder,4,encoder.layers.4.self_attn.out_proj,linear,,B*T_enc,1280,1280,39,encoder.layers.4.self_attn.out_proj.weight,"[1280,1280]",config+architecture,
models--Systran--faster-whisper-large-v3,41,encoder,4,encoder.layers.4.fc1,linear,,B*T_enc,5120,1280,40,encoder.layers.4.fc1.weight,"[5120,1280]",config+architecture,
models--Systran--faster-whisper-large-v3,42,encoder,4,encoder.layers.4.fc2,linear,,B*T_enc,1280,5120,41,encoder.layers.4.fc2.weight,"[1280,5120]",config+architecture,
models--Systran--faster-whisper-large-v3,43,encoder,5,encoder.layers.5.self_attn.q_proj,linear,,B*T_enc,1280,1280,42,encoder.layers.5.self_attn.q_proj.weight,"[1280,1280]",config+architecture,
models--Systran--faster-whisper-large-v3,44,encoder,5,encoder.layers.5.self_attn.k_proj,linear,,B*T_enc,1280,1280,42,encoder.layers.5.self_attn.k_proj.weight,"[1280,1280]",config+architecture,
models--Systran--faster-whisper-large-v3,45,encoder,5,encoder.layers.5.self_attn.v_proj,linear,,B*T_enc,1280,1280,42,encoder.layers.5.self_attn.v_proj.weight,"[1280,1280]",config+architecture,
models--Systran--faster-whisper-large-v3,46,encoder,5,encoder.layers.5.self_attn.qk,batched_matmul,B*heads,T_enc,T_enc,64,43;44,,,config+architecture,
models--Systran--faster-whisper-large-v3,47,encoder,5,encoder.layers.5.self_attn.pv,batched_matmul,B*heads,T_enc,64,T_enc,46;45,,,config+architecture,
models--Systran--faster-whisper-large-v3,48,encoder,5,encoder.layers.5.self_attn.out_proj,linear,,B*T_enc,1280,1280,47,encoder.layers.5.self_attn.out_proj.weight,"[1280,1280]",config+architecture,
models--Systran--faster-whisper-large-v3,49,encoder,5,encoder.layers.5.fc1,linear,,B*T_enc,5120,1280,48,encoder.layers.5.fc1.weight,"[5120,1280]",config+architecture,
models--Systran--faster-whisper-large-v3,50,encoder,5,encoder.layers.5.fc2,linear,,B*T_enc,1280,5120,49,encoder.layers.5.fc2.weight,"[1280,5120]",config+architecture,
models--Systran--faster-whisper-large-v3,51,encoder,6,encoder.layers.6.self_attn.q_proj,linear,,B*T_enc,1280,1280,50,encoder.layers.6.self_attn.q_proj.weight,"[1280,1280]",config+architecture,
models--Systran--faster-whisper-large-v3,52,encoder,6,encoder.layers.6.self_attn.k_proj,linear,,B*T_enc,1280,1280,50,encoder.layers.6.self_attn.k_proj.weight,"[1280,1280]",config+architecture,
models--Systran--faster-whisper-large-v3,53,encoder,6,encoder.layers.6.self_attn.v_proj,linear,,B*T_enc,1280,1280,50,encoder.layers.6.self_attn.v_proj.weight,"[1280,1280]",config+architecture,
models--Systran--faster-whisper-large-v3,54,encoder,6,encoder.layers.6.self_attn.qk,batched_matmul,B*heads,T_enc,T_enc,64,51;52,,,config+architecture,
models--Systran--faster-whisper-large-v3,55,encoder,6,encoder.layers.6.self_attn.pv,batched_matmul,B*heads,T_enc,64,T_enc,54;53,,,config+architecture,
models--Systran--faster-whisper-large-v3,56,encoder,6,encoder.layers.6.self_attn.out_proj,linear,,B*T_enc,1280,1280,55,encoder.layers.6.self_attn.out_proj.weight,"[1280,1280]",config+architecture,
models--Systran--faster-whisper-large-v3,57,encoder,6,encoder.layers.6.fc1,linear,,B*T_enc,5120,1280,56,encoder.layers.6.fc1.weight,"[5120,1280]",config+architecture,
models--Systran--faster-whisper-large-v3,58,encoder,6,encoder.layers.6.fc2,linear,,B*T_enc,1280,5120,57,encoder.layers.6.fc2.weight,"[1280,5120]",config+architecture,
models--Systran--faster-whisper-large-v3,59,encoder,7,encoder.layers.7.self_attn.q_proj,linear,,B*T_enc,1280,1280,58,encoder.layers.7.self_attn.q_proj.weight,"[1280,1280]",config+architecture,
models--Systran--faster-whisper-large-v3,60,encoder,7,encoder.layers.7.self_attn.k_proj,linear,,B*T_enc,1280,1280,58,encoder.layers.7.self_attn.k_proj.weight,"[1280,1280]",config+architecture,
models--Systran--faster-whisper-large-v3,61,encoder,7,encoder.layers.7.self_attn.v_proj,linear,,B*T_enc,1280,1280,58,encoder.layers.7.self_attn.v_proj.weight,"[1280,1280]",config+architecture,
models--Systran--faster-whisper-large-v3,62,encoder,7,encoder.layers.7.self_attn.qk,batched_matmul,B*heads,T_enc,T_enc,64,59;60,,,config+architecture,
models--Systran--faster-whisper-large-v3,63,encoder,7,encoder.layers.7.self_attn.pv,batched_matmul,B*heads,T_enc,64,T_enc,62;61,,,config+architecture,
models--Systran--faster-whisper-large-v3,64,encoder,7,encoder.layers.7.self_attn.out_proj,linear,,B*T_enc,1280,1280,63,encoder.layers.7.self_attn.out_proj.weight,"[1280,1280]",config+architecture,
models--Systran--faster-whisper-large-v3,65,encoder,7,encoder.layers.7.fc1,linear,,B*T_enc,5120,1280,64,encoder.layers.7.fc1.weight,"[5120,1280]",config+architecture,
models--Systran--faster-whisper-large-v3,66,encoder,7,encoder.layers.7.fc2,linear,,B*T_enc,1280,5120,65,encoder.layers.7.fc2.weight,"[1280,5120]",config+architecture,
models--Systran--faster-whisper-large-v3,67,encoder,8,encoder.layers.8.self_attn.q_proj,linear,,B*T_enc,1280,1280,66,encoder.layers.8.self_attn.q_proj.weight,"[1280,1280]",config+architecture,
models--Systran--faster-whisper-large-v3,68,encoder,8,encoder.layers.8.self_attn.k_proj,linear,,B*T_enc,1280,1280,66,encoder.layers.8.self_attn.k_proj.weight,"[1280,1280]",config+architecture,
models--Systran--faster-whisper-large-v3,69,encoder,8,encoder.layers.8.self_attn.v_proj,linear,,B*T_enc,1280,1280,66,encoder.layers.8.self_attn.v_proj.weight,"[1280,1280]",config+architecture,
models--Systran--faster-whisper-large-v3,70,encoder,8,encoder.layers.8.self_attn.qk,batched_matmul,B*heads,T_enc,T_enc,64,67;68,,,config+architecture,
models--Systran--faster-whisper-large-v3,71,encoder,8,encoder.layers.8.self_attn.pv,batched_matmul,B*heads,T_enc,64,T_enc,70;69,,,config+architecture,
models--Systran--faster-whisper-large-v3,72,encoder,8,encoder.layers.8.self_attn.out_proj,linear,,B*T_enc,1280,1280,71,encoder.layers.8.self_attn.out_proj.weight,"[1280,1280]",config+architecture,
models--Systran--faster-whisper-large-v3,73,encoder,8,encoder.layers.8.fc1,linear,,B*T_enc,5120,1280,72,encoder.layers.8.fc1.weight,"[5120,1280]",config+architecture,
models--Systran--faster-whisper-large-v3,74,encoder,8,encoder.layers.8.fc2,linear,,B*T_enc,1280,5120,73,encoder.layers.8.fc2.weight,"[1280,5120]",config+architecture,
models--Systran--faster-whisper-large-v3,75,encoder,9,encoder.layers.9.self_attn.q_proj,linear,,B*T_enc,1280,1280,74,encoder.layers.9.self_attn.q_proj.weight,"[1280,1280]",config+architecture,
models--Systran--faster-whisper-large-v3,76,encoder,9,encoder.layers.9.self_attn.k_proj,linear,,B*T_enc,1280,1280,74,encoder.layers.9.self_attn.k_proj.weight,"[1280,1280]",config+architecture,
models--Systran--faster-whisper-large-v3,77,encoder,9,encoder.layers.9.self_attn.v_proj,linear,,B*T_enc,1280,1280,74,encoder.layers.9.self_attn.v_proj.weight,"[1280,1280]",config+architecture,
models--Systran--faster-whisper-large-v3,78,encoder,9,encoder.layers.9.self_attn.qk,batched_matmul,B*heads,T_enc,T_enc,64,75;76,,,config+architecture,
models--Systran--faster-whisper-large-v3,79,encoder,9,encoder.layers.9.self_attn.pv,batched_matmul,B*heads,T_enc,64,T_enc,78;77,,,config+architecture,
models--Systran--faster-whisper-large-v3,80,encoder,9,encoder.layers.9.self_attn.out_proj,linear,,B*T_enc,1280,1280,79,encoder.layers.9.self_attn.out_proj.weight,"[1280,1280]",config+architecture,
models--Systran--faster-whisper-large-v3,81,encoder,9,encoder.layers.9.fc1,linear,,B*T_enc,5120,1280,80,encoder.layers.9.fc1.weight,"[5120,1280]",config+architecture,
models--Systran--faster-whisper-large-v3,82,encoder,9,encoder.layers.9.fc2,linear,,B*T_enc,1280,5120,81,encoder.layers.9.fc2.weight,"[1280,5120]",config+architecture,
models--Systran--faster-whisper-large-v3,83,encoder,10,encoder.layers.10.self_attn.q_proj,linear,,B*T_enc,1280,1280,82,encoder.layers.10.self_attn.q_proj.weight,"[1280,1280]",config+architecture,
models--Systran--faster-whisper-large-v3,84,encoder,10,encoder.layers.10.self_attn.k_proj,linear,,B*T_enc,1280,1280,82,encoder.layers.10.self_attn.k_proj.weight,"[1280,1280]",config+architecture,
models--Systran--faster-whisper-large-v3,85,encoder,10,encoder.layers.10.self_attn.v_proj,linear,,B*T_enc,1280,1280,82,encoder.layers.10.self_attn.v_proj.weight,"[1280,1280]",config+architecture,
models--Systran--faster-whisper-large-v3,86,encoder,10,encoder.layers.10.self_attn.qk,batched_matmul,B*heads,T_enc,T_enc,64,83;84,,,config+architecture,
models--Systran--faster-whisper-large-v3,87,encoder,10,encoder.layers.10.self_attn.pv,batched_matmul,B*heads,T_enc,64,T_enc,86;85,,,config+architecture,
models--Systran--faster-whisper-large-v3,88,encoder,10,encoder.layers.10.self_attn.out_proj,linear,,B*T_enc,1280,1280,87,encoder.layers.10.self_attn.out_proj.weight,"[1280,1280]",config+architecture,
models--Systran--faster-whisper-large-v3,89,encoder,10,encoder.layers.10.fc1,linear,,B*T_enc,5120,1280,88,encoder.layers.10.fc1.weight,"[5120,1280]",config+architecture,
models--Systran--faster-whisper-large-v3,90,encoder,10,encoder.layers.10.fc2,linear,,B*T_enc,1280,5120,89,encoder.layers.10.fc2.weight,"[1280,5120]",config+architecture,
models--Systran--faster-whisper-large-v3,91,encoder,11,encoder.layers.11.self_attn.q_proj,linear,,B*T_enc,1280,1280,90,encoder.layers.11.self_attn.q_proj.weight,"[1280,1280]",config+architecture,
models--Systran--faster-whisper-large-v3,92,encoder,11,encoder.layers.11.self_attn.k_proj,linear,,B*T_enc,1280,1280,90,encoder.layers.11.self_attn.k_proj.weight,"[1280,1280]",config+architecture,
models--Systran--faster-whisper-large-v3,93,encoder,11,encoder.layers.11.self_attn.v_proj,linear,,B*T_enc,1280,1280,90,encoder.layers.11.self_attn.v_proj.weight,"[1280,1280]",config+architecture,
models--Systran--faster-whisper-large-v3,94,encoder,11,encoder.layers.11.self_attn.qk,batched_matmul,B*heads,T_enc,T_enc,64,91;92,,,config+architecture,
models--Systran--faster-whisper-large-v3,95,encoder,11,encoder.layers.11.self_attn.pv,batched_matmul,B*heads,T_enc,64,T_enc,94;93,,,config+architecture,
models--Systran--faster-whisper-large-v3,96,encoder,11,encoder.layers.11.self_attn.out_proj,linear,,B*T_enc,1280,1280,95,encoder.layers.11.self_attn.out_proj.weight,"[1280,1280]",config+architecture,
models--Systran--faster-whisper-large-v3,97,encoder,11,encoder.layers.11.fc1,linear,,B*T_enc,5120,1280,96,encoder.layers.11.fc1.weight,"[5120,1280]",config+architecture,
models--Systran--faster-whisper-large-v3,98,encoder,11,encoder.layers.11.fc2,linear,,B*T_enc,1280,5120,97,encoder.layers.11.fc2.weight,"[1280,5120]",config+architecture,
models--Systran--faster-whisper-large-v3,99,encoder,12,encoder.layers.12.self_attn.q_proj,linear,,B*T_enc,1280,1280,98,encoder.layers.12.self_attn.q_proj.weight,"[1280,1280]",config+architecture,
models--Systran--faster-whisper-large-v3,100,encoder,12,encoder.layers.12.self_attn.k_proj,linear,,B*T_enc,1280,1280,98,encoder.layers.12.self_attn.k_proj.weight,"[1280,1280]",config+architecture,
models--Systran--faster-whisper-large-v3,101,encoder,12,encoder.layers.12.self_attn.v_proj,linear,,B*T_enc,1280,1280,98,encoder.layers.12.self_attn.v_proj.weight,"[1280,1280]",config+architecture,
models--Systran--faster-whisper-large-v3,102,encoder,12,encoder.layers.12.self_attn.qk,batched_matmul,B*heads,T_enc,T_enc,64,99;100,,,config+architecture,
models--Systran--faster-whisper-large-v3,103,encoder,12,encoder.layers.12.self_attn.pv,batched_matmul,B*heads,T_enc,64,T_enc,102;101,,,config+architecture,
models--Systran--faster-whisper-large-v3,104,encoder,12,encoder.layers.12.self_attn.out_proj,linear,,B*T_enc,1280,1280,103,encoder.layers.12.self_attn.out_proj.weight,"[1280,1280]",config+architecture,
models--Systran--faster-whisper-large-v3,105,encoder,12,encoder.layers.12.fc1,linear,,B*T_enc,5120,1280,104,encoder.layers.12.fc1.weight,"[5120,1280]",config+architecture,
models--Systran--faster-whisper-large-v3,106,encoder,12,encoder.layers.12.fc2,linear,,B*T_enc,1280,5120,105,encoder.layers.12.fc2.weight,"[1280,5120]",config+architecture,
models--Systran--faster-whisper-large-v3,107,encoder,13,encoder.layers.13.self_attn.q_proj,linear,,B*T_enc,1280,1280,106,encoder.layers.13.self_attn.q_proj.weight,"[1280,1280]",config+architecture,
models--Systran--faster-whisper-large-v3,108,encoder,13,encoder.layers.13.self_attn.k_proj,linear,,B*T_enc,1280,1280,106,encoder.layers.13.self_attn.k_proj.weight,"[1280,1280]",config+architecture,
models--Systran--faster-whisper-large-v3,109,encoder,13,encoder.layers.13.self_attn.v_proj,linear,,B*T_enc,1280,1280,106,encoder.layers.13.self_attn.v_proj.weight,"[1280,1280]",config+architecture,
models--Systran--faster-whisper-large-v3,110,encoder,13,encoder.layers.13.self_attn.qk,batched_matmul,B*heads,T_enc,T_enc,64,107;108,,,config+architecture,
models--Systran--faster-whisper-large-v3,111,encoder,13,encoder.layers.13.self_attn.pv,batched_matmul,B*heads,T_enc,64,T_enc,110;109,,,config+architecture,
models--Systran--faster-whisper-large-v3,112,encoder,13,encoder.layers.13.self_attn.out_proj,linear,,B*T_enc,1280,1280,111,encoder.layers.13.self_attn.out_proj.weight,"[1280,1280]",config+architecture,
models--Systran--faster-whisper-large-v3,113,encoder,13,encoder.layers.13.fc1,linear,,B*T_enc,5120,1280,112,encoder.layers.13.fc1.weight,"[5120,1280]",config+architecture,
models--Systran--faster-whisper-large-v3,114,encoder,13,encoder.layers.13.fc2,linear,,B*T_enc,1280,5120,113,encoder.layers.13.fc2.weight,"[1280,5120]",config+architecture,
models--Systran--faster-whisper-large-v3,115,encoder,14,encoder.layers.14.self_attn.q_proj,linear,,B*T_enc,1280,1280,114,encoder.layers.14.self_attn.q_proj.weight,"[1280,1280]",config+architecture,
models--Systran--faster-whisper-large-v3,116,encoder,14,encoder.layers.14.self_attn.k_proj,linear,,B*T_enc,1280,1280,114,encoder.layers.14.self_attn.k_proj.weight,"[1280,1280]",config+architecture,
models--Systran--faster-whisper-large-v3,117,encoder,14,encoder.layers.14.self_attn.v_proj,linear,,B*T_enc,1280,1280,114,encoder.layers.14.self_attn.v_proj.weight,"[1280,1280]",config+architecture,
models--Systran--faster-whisper-large-v3,118,encoder,14,encoder.layers.14.self_attn.qk,batched_matmul,B*heads,T_enc,T_enc,64,115;116,,,config+architecture,
models--Systran--faster-whisper-large-v3,119,encoder,14,encoder.layers.14.self_attn.pv,batched_matmul,B*heads,T_enc,64,T_enc,118;117,,,config+architecture,
models--Systran--faster-whisper-large-v3,120,encoder,14,encoder.layers.14.self_attn.out_proj,linear,,B*T_enc,1280,1280,119,encoder.layers.14.self_attn.out_proj.weight,"[1280,1280]",config+architecture,
models--Systran--faster-whisper-large-v3,121,encoder,14,encoder.layers.14.fc1,linear,,B*T_enc,5120,1280,120,encoder.layers.14.fc1.weight,"[5120,1280]",config+architecture,
models--Systran--faster-whisper-large-v3,122,encoder,14,encoder.layers.14.fc2,linear,,B*T_enc,1280,5120,121,encoder.layers.14.fc2.weight,"[1280,5120]",config+architecture,
models--Systran--faster-whisper-large-v3,123,encoder,15,encoder.layers.15.self_attn.q_proj,linear,,B*T_enc,1280,1280,122,encoder.layers.15.self_attn.q_proj.weight,"[1280,1280]",config+architecture,
models--Systran--faster-whisper-large-v3,124,encoder,15,encoder.layers.15.self_attn.k_proj,linear,,B*T_enc,1280,1280,122,encoder.layers.15.self_attn.k_proj.weight,"[1280,1280]",config+architecture,
models--Systran--faster-whisper-large-v3,125,encoder,15,encoder.layers.15.self_attn.v_proj,linear,,B*T_enc,1280,1280,122,encoder.layers.15.self_attn.v_proj.weight,"[1280,1280]",config+architecture,
models--Systran--faster-whisper-large-v3,126,encoder,15,encoder.layers.15.self_attn.qk,batched_matmul,B*heads,T_enc,T_enc,64,123;124,,,config+architecture,
models--Systran--faster-whisper-large-v3,127,encoder,15,encoder.layers.15.self_attn.pv,batched_matmul,B*heads,T_enc,64,T_enc,126;125,,,config+architecture,
models--Systran--faster-whisper-large-v3,128,encoder,15,encoder.layers.15.self_attn.out_proj,linear,,B*T_enc,1280,1280,127,encoder.layers.15.self_attn.out_proj.weight,"[1280,1280]",config+architecture,
models--Systran--faster-whisper-large-v3,129,encoder,15,encoder.layers.15.fc1,linear,,B*T_enc,5120,1280,128,encoder.layers.15.fc1.weight,"[5120,1280]",config+architecture,
models--Systran--faster-whisper-large-v3,130,encoder,15,encoder.layers.15.fc2,linear,,B*T_enc,1280,5120,129,encoder.layers.15.fc2.weight,"[1280,5120]",config+architecture,
models--Systran--faster-whisper-large-v3,131,encoder,16,encoder.layers.16.self_attn.q_proj,linear,,B*T_enc,1280,1280,130,encoder.layers.16.self_attn.q_proj.weight,"[1280,1280]",config+architecture,
models--Systran--faster-whisper-large-v3,132,encoder,16,encoder.layers.16.self_attn.k_proj,linear,,B*T_enc,1280,1280,130,encoder.layers.16.self_attn.k_proj.weight,"[1280,1280]",config+architecture,
models--Systran--faster-whisper-large-v3,133,encoder,16,encoder.layers.16.self_attn.v_proj,linear,,B*T_enc,1280,1280,130,encoder.layers.16.self_attn.v_proj.weight,"[1280,1280]",config+architecture,
models--Systran--faster-whisper-large-v3,134,encoder,16,encoder.layers.16.self_attn.qk,batched_matmul,B*heads,T_enc,T_enc,64,131;132,,,config+architecture,
models--Systran--faster-whisper-large-v3,135,encoder,16,encoder.layers.16.self_attn.pv,batched_matmul,B*heads,T_enc,64,T_enc,134;133,,,config+architecture,
models--Systran--faster-whisper-large-v3,136,encoder,16,encoder.layers.16.self_attn.out_proj,linear,,B*T_enc,1280,1280,135,encoder.layers.16.self_attn.out_proj.weight,"[1280,1280]",config+architecture,
models--Systran--faster-whisper-large-v3,137,encoder,16,encoder.layers.16.fc1,linear,,B*T_enc,5120,1280,136,encoder.layers.16.fc1.weight,"[5120,1280]",config+architecture,
models--Systran--faster-whisper-large-v3,138,encoder,16,encoder.layers.16.fc2,linear,,B*T_enc,1280,5120,137,encoder.layers.16.fc2.weight,"[1280,5120]",config+architecture,
models--Systran--faster-whisper-large-v3,139,encoder,17,encoder.layers.17.self_attn.q_proj,linear,,B*T_enc,1280,1280,138,encoder.layers.17.self_attn.q_proj.weight,"[1280,1280]",config+architecture,
models--Systran--faster-whisper-large-v3,140,encoder,17,encoder.layers.17.self_attn.k_proj,linear,,B*T_enc,1280,1280,138,encoder.layers.17.self_attn.k_proj.weight,"[1280,1280]",config+architecture,
models--Systran--faster-whisper-large-v3,141,encoder,17,encoder.layers.17.self_attn.v_proj,linear,,B*T_enc,1280,1280,138,encoder.layers.17.self_attn.v_proj.weight,"[1280,1280]",config+architecture,
models--Systran--faster-whisper-large-v3,142,encoder,17,encoder.layers.17.self_attn.qk,batched_matmul,B*heads,T_enc,T_enc,64,139;140,,,config+architecture,
models--Systran--faster-whisper-large-v3,143,encoder,17,encoder.layers.17.self_attn.pv,batched_matmul,B*heads,T_enc,64,T_enc,142;141,,,config+architecture,
models--Systran--faster-whisper-large-v3,144,encoder,17,encoder.layers.17.self_attn.out_proj,linear,,B*T_enc,1280,1280,143,encoder.layers.17.self_attn.out_proj.weight,"[1280,1280]",config+architecture,
models--Systran--faster-whisper-large-v3,145,encoder,17,encoder.layers.17.fc1,linear,,B*T_enc,5120,1280,144,encoder.layers.17.fc1.weight,"[5120,1280]",config+architecture,
models--Systran--faster-whisper-large-v3,146,encoder,17,encoder.layers.17.fc2,linear,,B*T_enc,1280,5120,145,encoder.layers.17.fc2.weight,"[1280,5120]",config+architecture,
models--Systran--faster-whisper-large-v3,147,encoder,18,encoder.layers.18.self_attn.q_proj,linear,,B*T_enc,1280,1280,146,encoder.layers.18.self_attn.q_proj.weight,"[1280,1280]",config+architecture,
models--Systran--faster-whisper-large-v3,148,encoder,18,encoder.layers.18.self_attn.k_proj,linear,,B*T_enc,1280,1280,146,encoder.layers.18.self_attn.k_proj.weight,"[1280,1280]",config+architecture,
models--Systran--faster-whisper-large-v3,149,encoder,18,encoder.layers.18.self_attn.v_proj,linear,,B*T_enc,1280,1280,146,encoder.layers.18.self_attn.v_proj.weight,"[1280,1280]",config+architecture,
models--Systran--faster-whisper-large-v3,150,encoder,18,encoder.layers.18.self_attn.qk,batched_matmul,B*heads,T_enc,T_enc,64,147;148,,,config+architecture,
models--Systran--faster-whisper-large-v3,151,encoder,18,encoder.layers.18.self_attn.pv,batched_matmul,B*heads,T_enc,64,T_enc,150;149,,,config+architecture,
models--Systran--faster-whisper-large-v3,152,encoder,18,encoder.layers.18.self_attn.out_proj,linear,,B*T_enc,1280,1280,151,encoder.layers.18.self_attn.out_proj.weight,"[1280,1280]",config+architecture,
models--Systran--faster-whisper-large-v3,153,encoder,18,encoder.layers.18.fc1,linear,,B*T_enc,5120,1280,152,encoder.layers.18.fc1.weight,"[5120,1280]",config+architecture,
models--Systran--faster-whisper-large-v3,154,encoder,18,encoder.layers.18.fc2,linear,,B*T_enc,1280,5120,153,encoder.layers.18.fc2.weight,"[1280,5120]",config+architecture,
models--Systran--faster-whisper-large-v3,155,encoder,19,encoder.layers.19.self_attn.q_proj,linear,,B*T_enc,1280,1280,154,encoder.layers.19.self_attn.q_proj.weight,"[1280,1280]",config+architecture,
models--Systran--faster-whisper-large-v3,156,encoder,19,encoder.layers.19.self_attn.k_proj,linear,,B*T_enc,1280,1280,154,encoder.layers.19.self_attn.k_proj.weight,"[1280,1280]",config+architecture,
models--Systran--faster-whisper-large-v3,157,encoder,19,encoder.layers.19.self_attn.v_proj,linear,,B*T_enc,1280,1280,154,encoder.layers.19.self_attn.v_proj.weight,"[1280,1280]",config+architecture,
models--Systran--faster-whisper-large-v3,158,encoder,19,encoder.layers.19.self_attn.qk,batched_matmul,B*heads,T_enc,T_enc,64,155;156,,,config+architecture,
models--Systran--faster-whisper-large-v3,159,encoder,19,encoder.layers.19.self_attn.pv,batched_matmul,B*heads,T_enc,64,T_enc,158;157,,,config+architecture,
models--Systran--faster-whisper-large-v3,160,encoder,19,encoder.layers.19.self_attn.out_proj,linear,,B*T_enc,1280,1280,159,encoder.layers.19.self_attn.out_proj.weight,"[1280,1280]",config+architecture,
models--Systran--faster-whisper-large-v3,161,encoder,19,encoder.layers.19.fc1,linear,,B*T_enc,5120,1280,160,encoder.layers.19.fc1.weight,"[5120,1280]",config+architecture,
models--Systran--faster-whisper-large-v3,162,encoder,19,encoder.layers.19.fc2,linear,,B*T_enc,1280,5120,161,encoder.layers.19.fc2.weight,"[1280,5120]",config+architecture,
models--Systran--faster-whisper-large-v3,163,encoder,20,encoder.layers.20.self_attn.q_proj,linear,,B*T_enc,1280,1280,162,encoder.layers.20.self_attn.q_proj.weight,"[1280,1280]",config+architecture,
models--Systran--faster-whisper-large-v3,164,encoder,20,encoder.layers.20.self_attn.k_proj,linear,,B*T_enc,1280,1280,162,encoder.layers.20.self_attn.k_proj.weight,"[1280,1280]",config+architecture,
models--Systran--faster-whisper-large-v3,165,encoder,20,encoder.layers.20.self_attn.v_proj,linear,,B*T_enc,1280,1280,162,encoder.layers.20.self_attn.v_proj.weight,"[1280,1280]",config+architecture,
models--Systran--faster-whisper-large-v3,166,encoder,20,encoder.layers.20.self_attn.qk,batched_matmul,B*heads,T_enc,T_enc,64,163;164,,,config+architecture,
models--Systran--faster-whisper-large-v3,167,encoder,20,encoder.layers.20.self_attn.pv,batched_matmul,B*heads,T_enc,64,T_enc,166;165,,,config+architecture,
models--Systran--faster-whisper-large-v3,168,encoder,20,encoder.layers.20.self_attn.out_proj,linear,,B*T_enc,1280,1280,167,encoder.layers.20.self_attn.out_proj.weight,"[1280,1280]",config+architecture,
models--Systran--faster-whisper-large-v3,169,encoder,20,encoder.layers.20.fc1,linear,,B*T_enc,5120,1280,168,encoder.layers.20.fc1.weight,"[5120,1280]",config+architecture,
models--Systran--faster-whisper-large-v3,170,encoder,20,encoder.layers.20.fc2,linear,,B*T_enc,1280,5120,169,encoder.layers.20.fc2.weight,"[1280,5120]",config+architecture,
models--Systran--faster-whisper-large-v3,171,encoder,21,encoder.layers.21.self_attn.q_proj,linear,,B*T_enc,1280,1280,170,encoder.layers.21.self_attn.q_proj.weight,"[1280,1280]",config+architecture,
models--Systran--faster-whisper-large-v3,172,encoder,21,encoder.layers.21.self_attn.k_proj,linear,,B*T_enc,1280,1280,170,encoder.layers.21.self_attn.k_proj.weight,"[1280,1280]",config+architecture,
models--Systran--faster-whisper-large-v3,173,encoder,21,encoder.layers.21.self_attn.v_proj,linear,,B*T_enc,1280,1280,170,encoder.layers.21.self_attn.v_proj.weight,"[1280,1280]",config+architecture,
models--Systran--faster-whisper-large-v3,174,encoder,21,encoder.layers.21.self_attn.qk,batched_matmul,B*heads,T_enc,T_enc,64,171;172,,,config+architecture,
models--Systran--faster-whisper-large-v3,175,encoder,21,encoder.layers.21.self_attn.pv,batched_matmul,B*heads,T_enc,64,T_enc,174;173,,,config+architecture,
models--Systran--faster-whisper-large-v3,176,encoder,21,encoder.layers.21.self_attn.out_proj,linear,,B*T_enc,1280,1280,175,encoder.layers.21.self_attn.out_proj.weight,"[1280,1280]",config+architecture,
models--Systran--faster-whisper-large-v3,177,encoder,21,encoder.layers.21.fc1,linear,,B*T_enc,5120,1280,176,encoder.layers.21.fc1.weight,"[5120,1280]",config+architecture,
models--Systran--faster-whisper-large-v3,178,encoder,21,encoder.layers.21.fc2,linear,,B*T_enc,1280,5120,177,encoder.layers.21.fc2.weight,"[1280,5120]",config+architecture,
models--Systran--faster-whisper-large-v3,179,encoder,22,encoder.layers.22.self_attn.q_proj,linear,,B*T_enc,1280,1280,178,encoder.layers.22.self_attn.q_proj.weight,"[1280,1280]",config+architecture,
models--Systran--faster-whisper-large-v3,180,encoder,22,encoder.layers.22.self_attn.k_proj,linear,,B*T_enc,1280,1280,178,encoder.layers.22.self_attn.k_proj.weight,"[1280,1280]",config+architecture,
models--Systran--faster-whisper-large-v3,181,encoder,22,encoder.layers.22.self_attn.v_proj,linear,,B*T_enc,1280,1280,178,encoder.layers.22.self_attn.v_proj.weight,"[1280,1280]",config+architecture,
models--Systran--faster-whisper-large-v3,182,encoder,22,encoder.layers.22.self_attn.qk,batched_matmul,B*heads,T_enc,T_enc,64,179;180,,,config+architecture,
models--Systran--faster-whisper-large-v3,183,encoder,22,encoder.layers.22.self_attn.pv,batched_matmul,B*heads,T_enc,64,T_enc,182;181,,,config+architecture,
models--Systran--faster-whisper-large-v3,184,encoder,22,encoder.layers.22.self_attn.out_proj,linear,,B*T_enc,1280,1280,183,encoder.layers.22.self_attn.out_proj.weight,"[1280,1280]",config+architecture,
models--Systran--faster-whisper-large-v3,185,encoder,22,encoder.layers.22.fc1,linear,,B*T_enc,5120,1280,184,encoder.layers.22.fc1.weight,"[5120,1280]",config+architecture,
models--Systran--faster-whisper-large-v3,186,encoder,22,encoder.layers.22.fc2,linear,,B*T_enc,1280,5120,185,encoder.layers.22.fc2.weight,"[1280,5120]",config+architecture,
models--Systran--faster-whisper-large-v3,187,encoder,23,encoder.layers.23.self_attn.q_proj,linear,,B*T_enc,1280,1280,186,encoder.layers.23.self_attn.q_proj.weight,"[1280,1280]",config+architecture,
models--Systran--faster-whisper-large-v3,188,encoder,23,encoder.layers.23.self_attn.k_proj,linear,,B*T_enc,1280,1280,186,encoder.layers.23.self_attn.k_proj.weight,"[1280,1280]",config+architecture,
models--Systran--faster-whisper-large-v3,189,encoder,23,encoder.layers.23.self_attn.v_proj,linear,,B*T_enc,1280,1280,186,encoder.layers.23.self_attn.v_proj.weight,"[1280,1280]",config+architecture,
models--Systran--faster-whisper-large-v3,190,encoder,23,encoder.layers.23.self_attn.qk,batched_matmul,B*heads,T_enc,T_enc,64,187;188,,,config+architecture,
models--Systran--faster-whisper-large-v3,191,encoder,23,encoder.layers.23.self_attn.pv,batched_matmul,B*heads,T_enc,64,T_enc,190;189,,,config+architecture,
models--Systran--faster-whisper-large-v3,192,encoder,23,encoder.layers.23.self_attn.out_proj,linear,,B*T_enc,1280,1280,191,encoder.layers.23.self_attn.out_proj.weight,"[1280,1280]",config+architecture,
models--Systran--faster-whisper-large-v3,193,encoder,23,encoder.layers.23.fc1,linear,,B*T_enc,5120,1280,192,encoder.layers.23.fc1.weight,"[5120,1280]",config+architecture,
models--Systran--faster-whisper-large-v3,194,encoder,23,encoder.layers.23.fc2,linear,,B*T_enc,1280,5120,193,encoder.layers.23.fc2.weight,"[1280,5120]",config+architecture,
models--Systran--faster-whisper-large-v3,195,encoder,24,encoder.layers.24.self_attn.q_proj,linear,,B*T_enc,1280,1280,194,encoder.layers.24.self_attn.q_proj.weight,"[1280,1280]",config+architecture,
models--Systran--faster-whisper-large-v3,196,encoder,24,encoder.layers.24.self_attn.k_proj,linear,,B*T_enc,1280,1280,194,encoder.layers.24.self_attn.k_proj.weight,"[1280,1280]",config+architecture,
models--Systran--faster-whisper-large-v3,197,encoder,24,encoder.layers.24.self_attn.v_proj,linear,,B*T_enc,1280,1280,194,encoder.layers.24.self_attn.v_proj.weight,"[1280,1280]",config+architecture,
models--Systran--faster-whisper-large-v3,198,encoder,24,encoder.layers.24.self_attn.qk,batched_matmul,B*heads,T_enc,T_enc,64,195;196,,,config+architecture,
models--Systran--faster-whisper-large-v3,199,encoder,24,encoder.layers.24.self_attn.pv,batched_matmul,B*heads,T_enc,64,T_enc,198;197,,,config+architecture,
models--Systran--faster-whisper-large-v3,200,encoder,24,encoder.layers.24.self_attn.out_proj,linear,,B*T_enc,1280,1280,199,encoder.layers.24.self_attn.out_proj.weight,"[1280,1280]",config+architecture,
models--Systran--faster-whisper-large-v3,201,encoder,24,encoder.layers.24.fc1,linear,,B*T_enc,5120,1280,200,encoder.layers.24.fc1.weight,"[5120,1280]",config+architecture,
models--Systran--faster-whisper-large-v3,202,encoder,24,encoder.layers.24.fc2,linear,,B*T_enc,1280,5120,201,encoder.layers.24.fc2.weight,"[1280,5120]",config+architecture,
models--Systran--faster-whisper-large-v3,203,encoder,25,encoder.layers.25.self_attn.q_proj,linear,,B*T_enc,1280,1280,202,encoder.layers.25.self_attn.q_proj.weight,"[1280,1280]",config+architecture,
models--Systran--faster-whisper-large-v3,204,encoder,25,encoder.layers.25.self_attn.k_proj,linear,,B*T_enc,1280,1280,202,encoder.layers.25.self_attn.k_proj.weight,"[1280,1280]",config+architecture,
models--Systran--faster-whisper-large-v3,205,encoder,25,encoder.layers.25.self_attn.v_proj,linear,,B*T_enc,1280,1280,202,encoder.layers.25.self_attn.v_proj.weight,"[1280,1280]",config+architecture,
models--Systran--faster-whisper-large-v3,206,encoder,25,encoder.layers.25.self_attn.qk,batched_matmul,B*heads,T_enc,T_enc,64,203;204,,,config+architecture,
models--Systran--faster-whisper-large-v3,207,encoder,25,encoder.layers.25.self_attn.pv,batched_matmul,B*heads,T_enc,64,T_enc,206;205,,,config+architecture,
models--Systran--faster-whisper-large-v3,208,encoder,25,encoder.layers.25.self_attn.out_proj,linear,,B*T_enc,1280,1280,207,encoder.layers.25.self_attn.out_proj.weight,"[1280,1280]",config+architecture,
models--Systran--faster-whisper-large-v3,209,encoder,25,encoder.layers.25.fc1,linear,,B*T_enc,5120,1280,208,encoder.layers.25.fc1.weight,"[5120,1280]",config+architecture,
models--Systran--faster-whisper-large-v3,210,encoder,25,encoder.layers.25.fc2,linear,,B*T_enc,1280,5120,209,encoder.layers.25.fc2.weight,"[1280,5120]",config+architecture,
models--Systran--faster-whisper-large-v3,211,encoder,26,encoder.layers.26.self_attn.q_proj,linear,,B*T_enc,1280,1280,210,encoder.layers.26.self_attn.q_proj.weight,"[1280,1280]",config+architecture,
models--Systran--faster-whisper-large-v3,212,encoder,26,encoder.layers.26.self_attn.k_proj,linear,,B*T_enc,1280,1280,210,encoder.layers.26.self_attn.k_proj.weight,"[1280,1280]",config+architecture,
models--Systran--faster-whisper-large-v3,213,encoder,26,encoder.layers.26.self_attn.v_proj,linear,,B*T_enc,1280,1280,210,encoder.layers.26.self_attn.v_proj.weight,"[1280,1280]",config+architecture,
models--Systran--faster-whisper-large-v3,214,encoder,26,encoder.layers.26.self_attn.qk,batched_matmul,B*heads,T_enc,T_enc,64,211;212,,,config+architecture,
models--Systran--faster-whisper-large-v3,215,encoder,26,encoder.layers.26.self_attn.pv,batched_matmul,B*heads,T_enc,64,T_enc,214;213,,,config+architecture,
models--Systran--faster-whisper-large-v3,216,encoder,26,encoder.layers.26.self_attn.out_proj,linear,,B*T_enc,1280,1280,215,encoder.layers.26.self_attn.out_proj.weight,"[1280,1280]",config+architecture,
models--Systran--faster-whisper-large-v3,217,encoder,26,encoder.layers.26.fc1,linear,,B*T_enc,5120,1280,216,encoder.layers.26.fc1.weight,"[5120,1280]",config+architecture,
models--Systran--faster-whisper-large-v3,218,encoder,26,encoder.layers.26.fc2,linear,,B*T_enc,1280,5120,217,encoder.layers.26.fc2.weight,"[1280,5120]",config+architecture,
models--Systran--faster-whisper-large-v3,219,encoder,27,encoder.layers.27.self_attn.q_proj,linear,,B*T_enc,1280,1280,218,encoder.layers.27.self_attn.q_proj.weight,"[1280,1280]",config+architecture,
models--Systran--faster-whisper-large-v3,220,encoder,27,encoder.layers.27.self_attn.k_proj,linear,,B*T_enc,1280,1280,218,encoder.layers.27.self_attn.k_proj.weight,"[1280,1280]",config+architecture,
models--Systran--faster-whisper-large-v3,221,encoder,27,encoder.layers.27.self_attn.v_proj,linear,,B*T_enc,1280,1280,218,encoder.layers.27.self_attn.v_proj.weight,"[1280,1280]",config+architecture,
models--Systran--faster-whisper-large-v3,222,encoder,27,encoder.layers.27.self_attn.qk,batched_matmul,B*heads,T_enc,T_enc,64,219;220,,,config+architecture,
models--Systran--faster-whisper-large-v3,223,encoder,27,encoder.layers.27.self_attn.pv,batched_matmul,B*heads,T_enc,64,T_enc,222;221,,,config+architecture,
models--Systran--faster-whisper-large-v3,224,encoder,27,encoder.layers.27.self_attn.out_proj,linear,,B*T_enc,1280,1280,223,encoder.layers.27.self_attn.out_proj.weight,"[1280,1280]",config+architecture,
models--Systran--faster-whisper-large-v3,225,encoder,27,encoder.layers.27.fc1,linear,,B*T_enc,5120,1280,224,encoder.layers.27.fc1.weight,"[5120,1280]",config+architecture,
models--Systran--faster-whisper-large-v3,226,encoder,27,encoder.layers.27.fc2,linear,,B*T_enc,1280,5120,225,encoder.layers.27.fc2.weight,"[1280,5120]",config+architecture,
models--Systran--faster-whisper-large-v3,227,encoder,28,encoder.layers.28.self_attn.q_proj,linear,,B*T_enc,1280,1280,226,encoder.layers.28.self_attn.q_proj.weight,"[1280,1280]",config+architecture,
models--Systran--faster-whisper-large-v3,228,encoder,28,encoder.layers.28.self_attn.k_proj,linear,,B*T_enc,1280,1280,226,encoder.layers.28.self_attn.k_proj.weight,"[1280,1280]",config+architecture,
models--Systran--faster-whisper-large-v3,229,encoder,28,encoder.layers.28.self_attn.v_proj,linear,,B*T_enc,1280,1280,226,encoder.layers.28.self_attn.v_proj.weight,"[1280,1280]",config+architecture,
models--Systran--faster-whisper-large-v3,230,encoder,28,encoder.layers.28.self_attn.qk,batched_matmul,B*heads,T_enc,T_enc,64,227;228,,,config+architecture,
models--Systran--faster-whisper-large-v3,231,encoder,28,encoder.layers.28.self_attn.pv,batched_matmul,B*heads,T_enc,64,T_enc,230;229,,,config+architecture,
models--Systran--faster-whisper-large-v3,232,encoder,28,encoder.layers.28.self_attn.out_proj,linear,,B*T_enc,1280,1280,231,encoder.layers.28.self_attn.out_proj.weight,"[1280,1280]",config+architecture,
models--Systran--faster-whisper-large-v3,233,encoder,28,encoder.layers.28.fc1,linear,,B*T_enc,5120,1280,232,encoder.layers.28.fc1.weight,"[5120,1280]",config+architecture,
models--Systran--faster-whisper-large-v3,234,encoder,28,encoder.layers.28.fc2,linear,,B*T_enc,1280,5120,233,encoder.layers.28.fc2.weight,"[1280,5120]",config+architecture,
models--Systran--faster-whisper-large-v3,235,encoder,29,encoder.layers.29.self_attn.q_proj,linear,,B*T_enc,1280,1280,234,encoder.layers.29.self_attn.q_proj.weight,"[1280,1280]",config+architecture,
models--Systran--faster-whisper-large-v3,236,encoder,29,encoder.layers.29.self_attn.k_proj,linear,,B*T_enc,1280,1280,234,encoder.layers.29.self_attn.k_proj.weight,"[1280,1280]",config+architecture,
models--Systran--faster-whisper-large-v3,237,encoder,29,encoder.layers.29.self_attn.v_proj,linear,,B*T_enc,1280,1280,234,encoder.layers.29.self_attn.v_proj.weight,"[1280,1280]",config+architecture,
models--Systran--faster-whisper-large-v3,238,encoder,29,encoder.layers.29.self_attn.qk,batched_matmul,B*heads,T_enc,T_enc,64,235;236,,,config+architecture,
models--Systran--faster-whisper-large-v3,239,encoder,29,encoder.layers.29.self_attn.pv,batched_matmul,B*heads,T_enc,64,T_enc,238;237,,,config+architecture,
models--Systran--faster-whisper-large-v3,240,encoder,29,encoder.layers.29.self_attn.out_proj,linear,,B*T_enc,1280,1280,239,encoder.layers.29.self_attn.out_proj.weight,"[1280,1280]",config+architecture,
models--Systran--faster-whisper-large-v3,241,encoder,29,encoder.layers.29.fc1,linear,,B*T_enc,5120,1280,240,encoder.layers.29.fc1.weight,"[5120,1280]",config+architecture,
models--Systran--faster-whisper-large-v3,242,encoder,29,encoder.layers.29.fc2,linear,,B*T_enc,1280,5120,241,encoder.layers.29.fc2.weight,"[1280,5120]",config+architecture,
models--Systran--faster-whisper-large-v3,243,encoder,30,encoder.layers.30.self_attn.q_proj,linear,,B*T_enc,1280,1280,242,encoder.layers.30.self_attn.q_proj.weight,"[1280,1280]",config+architecture,
models--Systran--faster-whisper-large-v3,244,encoder,30,encoder.layers.30.self_attn.k_proj,linear,,B*T_enc,1280,1280,242,encoder.layers.30.self_attn.k_proj.weight,"[1280,1280]",config+architecture,
models--Systran--faster-whisper-large-v3,245,encoder,30,encoder.layers.30.self_attn.v_proj,linear,,B*T_enc,1280,1280,242,encoder.layers.30.self_attn.v_proj.weight,"[1280,1280]",config+architecture,
models--Systran--faster-whisper-large-v3,246,encoder,30,encoder.layers.30.self_attn.qk,batched_matmul,B*heads,T_enc,T_enc,64,243;244,,,config+architecture,
models--Systran--faster-whisper-large-v3,247,encoder,30,encoder.layers.30.self_attn.pv,batched_matmul,B*heads,T_enc,64,T_enc,246;245,,,config+architecture,
models--Systran--faster-whisper-large-v3,248,encoder,30,encoder.layers.30.self_attn.out_proj,linear,,B*T_enc,1280,1280,247,encoder.layers.30.self_attn.out_proj.weight,"[1280,1280]",config+architecture,
models--Systran--faster-whisper-large-v3,249,encoder,30,encoder.layers.30.fc1,linear,,B*T_enc,5120,1280,248,encoder.layers.30.fc1.weight,"[5120,1280]",config+architecture,
models--Systran--faster-whisper-large-v3,250,encoder,30,encoder.layers.30.fc2,linear,,B*T_enc,1280,5120,249,encoder.layers.30.fc2.weight,"[1280,5120]",config+architecture,
models--Systran--faster-whisper-large-v3,251,encoder,31,encoder.layers.31.self_attn.q_proj,linear,,B*T_enc,1280,1280,250,encoder.layers.31.self_attn.q_proj.weight,"[1280,1280]",config+architecture,
models--Systran--faster-whisper-large-v3,252,encoder,31,encoder.layers.31.self_attn.k_proj,linear,,B*T_enc,1280,1280,250,encoder.layers.31.self_attn.k_proj.weight,"[1280,1280]",config+architecture,
models--Systran--faster-whisper-large-v3,253,encoder,31,encoder.layers.31.self_attn.v_proj,linear,,B*T_enc,1280,1280,250,encoder.layers.31.self_attn.v_proj.weight,"[1280,1280]",config+architecture,
models--Systran--faster-whisper-large-v3,254,encoder,31,encoder.layers.31.self_attn.qk,batched_matmul,B*heads,T_enc,T_enc,64,251;252,,,config+architecture,
models--Systran--faster-whisper-large-v3,255,encoder,31,encoder.layers.31.self_attn.pv,batched_matmul,B*heads,T_enc,64,T_enc,254;253,,,config+architecture,
models--Systran--faster-whisper-large-v3,256,encoder,31,encoder.layers.31.self_attn.out_proj,linear,,B*T_enc,1280,1280,255,encoder.layers.31.self_attn.out_proj.weight,"[1280,1280]",config+architecture,
models--Systran--faster-whisper-large-v3,257,encoder,31,encoder.layers.31.fc1,linear,,B*T_enc,5120,1280,256,encoder.layers.31.fc1.weight,"[5120,1280]",config+architecture,
models--Systran--faster-whisper-large-v3,258,encoder,31,encoder.layers.31.fc2,linear,,B*T_enc,1280,5120,257,encoder.layers.31.fc2.weight,"[1280,5120]",config+architecture,
models--Systran--faster-whisper-large-v3,259,decoder_prefill,0,decoder.layers.0.self_attn.q_proj,linear,,B*T_dec,1280,1280,,decoder.layers.0.self_attn.q_proj.weight,"[1280,1280]",config+architecture,
models--Systran--faster-whisper-large-v3,260,decoder_prefill,0,decoder.layers.0.self_attn.k_proj,linear,,B*T_dec,1280,1280,,decoder.layers.0.self_attn.k_proj.weight,"[1280,1280]",config+architecture,
models--Systran--faster-whisper-large-v3,261,decoder_prefill,0,decoder.layers.0.self_attn.v_proj,linear,,B*T_dec,1280,1280,,decoder.layers.0.self_attn.v_proj.weight,"[1280,1280]",config+architecture,
models--Systran--faster-whisper-large-v3,262,decoder_prefill,0,decoder.layers.0.self_attn.qk,batched_matmul,B*heads,T_dec,T_dec,64,259;260,,,config+architecture,decode uses existing self-attention KV cache
models--Systran--faster-whisper-large-v3,263,decoder_prefill,0,decoder.layers.0.self_attn.pv,batched_matmul,B*heads,T_dec,64,T_dec,262;261,,,config+architecture,
models--Systran--faster-whisper-large-v3,264,decoder_prefill,0,decoder.layers.0.self_attn.out_proj,linear,,B*T_dec,1280,1280,263,decoder.layers.0.self_attn.out_proj.weight,"[1280,1280]",config+architecture,
models--Systran--faster-whisper-large-v3,265,decoder_prefill,0,decoder.layers.0.encoder_attn.q_proj,linear,,B*T_dec,1280,1280,264,decoder.layers.0.encoder_attn.q_proj.weight,"[1280,1280]",config+architecture,
models--Systran--faster-whisper-large-v3,266,decoder_prefill,0,decoder.layers.0.encoder_attn.k_proj,linear,,B*T_enc,1280,1280,258,decoder.layers.0.encoder_attn.k_proj.weight,"[1280,1280]",config+architecture,
models--Systran--faster-whisper-large-v3,267,decoder_prefill,0,decoder.layers.0.encoder_attn.v_proj,linear,,B*T_enc,1280,1280,258,decoder.layers.0.encoder_attn.v_proj.weight,"[1280,1280]",config+architecture,
models--Systran--faster-whisper-large-v3,268,decoder_prefill,0,decoder.layers.0.encoder_attn.qk,batched_matmul,B*heads,T_dec,T_enc,64,265;266,,,config+architecture,cross-attention K is cached during decode step
models--Systran--faster-whisper-large-v3,269,decoder_prefill,0,decoder.layers.0.encoder_attn.pv,batched_matmul,B*heads,T_dec,64,T_enc,268;267,,,config+architecture,cross-attention V is cached during decode step
models--Systran--faster-whisper-large-v3,270,decoder_prefill,0,decoder.layers.0.encoder_attn.out_proj,linear,,B*T_dec,1280,1280,269,decoder.layers.0.encoder_attn.out_proj.weight,"[1280,1280]",config+architecture,
models--Systran--faster-whisper-large-v3,271,decoder_prefill,0,decoder.layers.0.fc1,linear,,B*T_dec,5120,1280,270,decoder.layers.0.fc1.weight,"[5120,1280]",config+architecture,
models--Systran--faster-whisper-large-v3,272,decoder_prefill,0,decoder.layers.0.fc2,linear,,B*T_dec,1280,5120,271,decoder.layers.0.fc2.weight,"[1280,5120]",config+architecture,
models--Systran--faster-whisper-large-v3,273,decoder_prefill,1,decoder.layers.1.self_attn.q_proj,linear,,B*T_dec,1280,1280,272,decoder.layers.1.self_attn.q_proj.weight,"[1280,1280]",config+architecture,
models--Systran--faster-whisper-large-v3,274,decoder_prefill,1,decoder.layers.1.self_attn.k_proj,linear,,B*T_dec,1280,1280,272,decoder.layers.1.self_attn.k_proj.weight,"[1280,1280]",config+architecture,
models--Systran--faster-whisper-large-v3,275,decoder_prefill,1,decoder.layers.1.self_attn.v_proj,linear,,B*T_dec,1280,1280,272,decoder.layers.1.self_attn.v_proj.weight,"[1280,1280]",config+architecture,
models--Systran--faster-whisper-large-v3,276,decoder_prefill,1,decoder.layers.1.self_attn.qk,batched_matmul,B*heads,T_dec,T_dec,64,273;274,,,config+architecture,decode uses existing self-attention KV cache
models--Systran--faster-whisper-large-v3,277,decoder_prefill,1,decoder.layers.1.self_attn.pv,batched_matmul,B*heads,T_dec,64,T_dec,276;275,,,config+architecture,
models--Systran--faster-whisper-large-v3,278,decoder_prefill,1,decoder.layers.1.self_attn.out_proj,linear,,B*T_dec,1280,1280,277,decoder.layers.1.self_attn.out_proj.weight,"[1280,1280]",config+architecture,
models--Systran--faster-whisper-large-v3,279,decoder_prefill,1,decoder.layers.1.encoder_attn.q_proj,linear,,B*T_dec,1280,1280,278,decoder.layers.1.encoder_attn.q_proj.weight,"[1280,1280]",config+architecture,
models--Systran--faster-whisper-large-v3,280,decoder_prefill,1,decoder.layers.1.encoder_attn.k_proj,linear,,B*T_enc,1280,1280,258,decoder.layers.1.encoder_attn.k_proj.weight,"[1280,1280]",config+architecture,
models--Systran--faster-whisper-large-v3,281,decoder_prefill,1,decoder.layers.1.encoder_attn.v_proj,linear,,B*T_enc,1280,1280,258,decoder.layers.1.encoder_attn.v_proj.weight,"[1280,1280]",config+architecture,
models--Systran--faster-whisper-large-v3,282,decoder_prefill,1,decoder.layers.1.encoder_attn.qk,batched_matmul,B*heads,T_dec,T_enc,64,279;280,,,config+architecture,cross-attention K is cached during decode step
models--Systran--faster-whisper-large-v3,283,decoder_prefill,1,decoder.layers.1.encoder_attn.pv,batched_matmul,B*heads,T_dec,64,T_enc,282;281,,,config+architecture,cross-attention V is cached during decode step
models--Systran--faster-whisper-large-v3,284,decoder_prefill,1,decoder.layers.1.encoder_attn.out_proj,linear,,B*T_dec,1280,1280,283,decoder.layers.1.encoder_attn.out_proj.weight,"[1280,1280]",config+architecture,
models--Systran--faster-whisper-large-v3,285,decoder_prefill,1,decoder.layers.1.fc1,linear,,B*T_dec,5120,1280,284,decoder.layers.1.fc1.weight,"[5120,1280]",config+architecture,
models--Systran--faster-whisper-large-v3,286,decoder_prefill,1,decoder.layers.1.fc2,linear,,B*T_dec,1280,5120,285,decoder.layers.1.fc2.weight,"[1280,5120]",config+architecture,
models--Systran--faster-whisper-large-v3,287,decoder_prefill,2,decoder.layers.2.self_attn.q_proj,linear,,B*T_dec,1280,1280,286,decoder.layers.2.self_attn.q_proj.weight,"[1280,1280]",config+architecture,
models--Systran--faster-whisper-large-v3,288,decoder_prefill,2,decoder.layers.2.self_attn.k_proj,linear,,B*T_dec,1280,1280,286,decoder.layers.2.self_attn.k_proj.weight,"[1280,1280]",config+architecture,
models--Systran--faster-whisper-large-v3,289,decoder_prefill,2,decoder.layers.2.self_attn.v_proj,linear,,B*T_dec,1280,1280,286,decoder.layers.2.self_attn.v_proj.weight,"[1280,1280]",config+architecture,
models--Systran--faster-whisper-large-v3,290,decoder_prefill,2,decoder.layers.2.self_attn.qk,batched_matmul,B*heads,T_dec,T_dec,64,287;288,,,config+architecture,decode uses existing self-attention KV cache
models--Systran--faster-whisper-large-v3,291,decoder_prefill,2,decoder.layers.2.self_attn.pv,batched_matmul,B*heads,T_dec,64,T_dec,290;289,,,config+architecture,
models--Systran--faster-whisper-large-v3,292,decoder_prefill,2,decoder.layers.2.self_attn.out_proj,linear,,B*T_dec,1280,1280,291,decoder.layers.2.self_attn.out_proj.weight,"[1280,1280]",config+architecture,
models--Systran--faster-whisper-large-v3,293,decoder_prefill,2,decoder.layers.2.encoder_attn.q_proj,linear,,B*T_dec,1280,1280,292,decoder.layers.2.encoder_attn.q_proj.weight,"[1280,1280]",config+architecture,
models--Systran--faster-whisper-large-v3,294,decoder_prefill,2,decoder.layers.2.encoder_attn.k_proj,linear,,B*T_enc,1280,1280,258,decoder.layers.2.encoder_attn.k_proj.weight,"[1280,1280]",config+architecture,
models--Systran--faster-whisper-large-v3,295,decoder_prefill,2,decoder.layers.2.encoder_attn.v_proj,linear,,B*T_enc,1280,1280,258,decoder.layers.2.encoder_attn.v_proj.weight,"[1280,1280]",config+architecture,
models--Systran--faster-whisper-large-v3,296,decoder_prefill,2,decoder.layers.2.encoder_attn.qk,batched_matmul,B*heads,T_dec,T_enc,64,293;294,,,config+architecture,cross-attention K is cached during decode step
models--Systran--faster-whisper-large-v3,297,decoder_prefill,2,decoder.layers.2.encoder_attn.pv,batched_matmul,B*heads,T_dec,64,T_enc,296;295,,,config+architecture,cross-attention V is cached during decode step
models--Systran--faster-whisper-large-v3,298,decoder_prefill,2,decoder.layers.2.encoder_attn.out_proj,linear,,B*T_dec,1280,1280,297,decoder.layers.2.encoder_attn.out_proj.weight,"[1280,1280]",config+architecture,
models--Systran--faster-whisper-large-v3,299,decoder_prefill,2,decoder.layers.2.fc1,linear,,B*T_dec,5120,1280,298,decoder.layers.2.fc1.weight,"[5120,1280]",config+architecture,
models--Systran--faster-whisper-large-v3,300,decoder_prefill,2,decoder.layers.2.fc2,linear,,B*T_dec,1280,5120,299,decoder.layers.2.fc2.weight,"[1280,5120]",config+architecture,
models--Systran--faster-whisper-large-v3,301,decoder_prefill,3,decoder.layers.3.self_attn.q_proj,linear,,B*T_dec,1280,1280,300,decoder.layers.3.self_attn.q_proj.weight,"[1280,1280]",config+architecture,
models--Systran--faster-whisper-large-v3,302,decoder_prefill,3,decoder.layers.3.self_attn.k_proj,linear,,B*T_dec,1280,1280,300,decoder.layers.3.self_attn.k_proj.weight,"[1280,1280]",config+architecture,
models--Systran--faster-whisper-large-v3,303,decoder_prefill,3,decoder.layers.3.self_attn.v_proj,linear,,B*T_dec,1280,1280,300,decoder.layers.3.self_attn.v_proj.weight,"[1280,1280]",config+architecture,
models--Systran--faster-whisper-large-v3,304,decoder_prefill,3,decoder.layers.3.self_attn.qk,batched_matmul,B*heads,T_dec,T_dec,64,301;302,,,config+architecture,decode uses existing self-attention KV cache
models--Systran--faster-whisper-large-v3,305,decoder_prefill,3,decoder.layers.3.self_attn.pv,batched_matmul,B*heads,T_dec,64,T_dec,304;303,,,config+architecture,
models--Systran--faster-whisper-large-v3,306,decoder_prefill,3,decoder.layers.3.self_attn.out_proj,linear,,B*T_dec,1280,1280,305,decoder.layers.3.self_attn.out_proj.weight,"[1280,1280]",config+architecture,
models--Systran--faster-whisper-large-v3,307,decoder_prefill,3,decoder.layers.3.encoder_attn.q_proj,linear,,B*T_dec,1280,1280,306,decoder.layers.3.encoder_attn.q_proj.weight,"[1280,1280]",config+architecture,
models--Systran--faster-whisper-large-v3,308,decoder_prefill,3,decoder.layers.3.encoder_attn.k_proj,linear,,B*T_enc,1280,1280,258,decoder.layers.3.encoder_attn.k_proj.weight,"[1280,1280]",config+architecture,
models--Systran--faster-whisper-large-v3,309,decoder_prefill,3,decoder.layers.3.encoder_attn.v_proj,linear,,B*T_enc,1280,1280,258,decoder.layers.3.encoder_attn.v_proj.weight,"[1280,1280]",config+architecture,
models--Systran--faster-whisper-large-v3,310,decoder_prefill,3,decoder.layers.3.encoder_attn.qk,batched_matmul,B*heads,T_dec,T_enc,64,307;308,,,config+architecture,cross-attention K is cached during decode step
models--Systran--faster-whisper-large-v3,311,decoder_prefill,3,decoder.layers.3.encoder_attn.pv,batched_matmul,B*heads,T_dec,64,T_enc,310;309,,,config+architecture,cross-attention V is cached during decode step
models--Systran--faster-whisper-large-v3,312,decoder_prefill,3,decoder.layers.3.encoder_attn.out_proj,linear,,B*T_dec,1280,1280,311,decoder.layers.3.encoder_attn.out_proj.weight,"[1280,1280]",config+architecture,
models--Systran--faster-whisper-large-v3,313,decoder_prefill,3,decoder.layers.3.fc1,linear,,B*T_dec,5120,1280,312,decoder.layers.3.fc1.weight,"[5120,1280]",config+architecture,
models--Systran--faster-whisper-large-v3,314,decoder_prefill,3,decoder.layers.3.fc2,linear,,B*T_dec,1280,5120,313,decoder.layers.3.fc2.weight,"[1280,5120]",config+architecture,
models--Systran--faster-whisper-large-v3,315,decoder_prefill,4,decoder.layers.4.self_attn.q_proj,linear,,B*T_dec,1280,1280,314,decoder.layers.4.self_attn.q_proj.weight,"[1280,1280]",config+architecture,
models--Systran--faster-whisper-large-v3,316,decoder_prefill,4,decoder.layers.4.self_attn.k_proj,linear,,B*T_dec,1280,1280,314,decoder.layers.4.self_attn.k_proj.weight,"[1280,1280]",config+architecture,
models--Systran--faster-whisper-large-v3,317,decoder_prefill,4,decoder.layers.4.self_attn.v_proj,linear,,B*T_dec,1280,1280,314,decoder.layers.4.self_attn.v_proj.weight,"[1280,1280]",config+architecture,
models--Systran--faster-whisper-large-v3,318,decoder_prefill,4,decoder.layers.4.self_attn.qk,batched_matmul,B*heads,T_dec,T_dec,64,315;316,,,config+architecture,decode uses existing self-attention KV cache
models--Systran--faster-whisper-large-v3,319,decoder_prefill,4,decoder.layers.4.self_attn.pv,batched_matmul,B*heads,T_dec,64,T_dec,318;317,,,config+architecture,
models--Systran--faster-whisper-large-v3,320,decoder_prefill,4,decoder.layers.4.self_attn.out_proj,linear,,B*T_dec,1280,1280,319,decoder.layers.4.self_attn.out_proj.weight,"[1280,1280]",config+architecture,
models--Systran--faster-whisper-large-v3,321,decoder_prefill,4,decoder.layers.4.encoder_attn.q_proj,linear,,B*T_dec,1280,1280,320,decoder.layers.4.encoder_attn.q_proj.weight,"[1280,1280]",config+architecture,
models--Systran--faster-whisper-large-v3,322,decoder_prefill,4,decoder.layers.4.encoder_attn.k_proj,linear,,B*T_enc,1280,1280,258,decoder.layers.4.encoder_attn.k_proj.weight,"[1280,1280]",config+architecture,
models--Systran--faster-whisper-large-v3,323,decoder_prefill,4,decoder.layers.4.encoder_attn.v_proj,linear,,B*T_enc,1280,1280,258,decoder.layers.4.encoder_attn.v_proj.weight,"[1280,1280]",config+architecture,
models--Systran--faster-whisper-large-v3,324,decoder_prefill,4,decoder.layers.4.encoder_attn.qk,batched_matmul,B*heads,T_dec,T_enc,64,321;322,,,config+architecture,cross-attention K is cached during decode step
models--Systran--faster-whisper-large-v3,325,decoder_prefill,4,decoder.layers.4.encoder_attn.pv,batched_matmul,B*heads,T_dec,64,T_enc,324;323,,,config+architecture,cross-attention V is cached during decode step
models--Systran--faster-whisper-large-v3,326,decoder_prefill,4,decoder.layers.4.encoder_attn.out_proj,linear,,B*T_dec,1280,1280,325,decoder.layers.4.encoder_attn.out_proj.weight,"[1280,1280]",config+architecture,
models--Systran--faster-whisper-large-v3,327,decoder_prefill,4,decoder.layers.4.fc1,linear,,B*T_dec,5120,1280,326,decoder.layers.4.fc1.weight,"[5120,1280]",config+architecture,
models--Systran--faster-whisper-large-v3,328,decoder_prefill,4,decoder.layers.4.fc2,linear,,B*T_dec,1280,5120,327,decoder.layers.4.fc2.weight,"[1280,5120]",config+architecture,
models--Systran--faster-whisper-large-v3,329,decoder_prefill,5,decoder.layers.5.self_attn.q_proj,linear,,B*T_dec,1280,1280,328,decoder.layers.5.self_attn.q_proj.weight,"[1280,1280]",config+architecture,
models--Systran--faster-whisper-large-v3,330,decoder_prefill,5,decoder.layers.5.self_attn.k_proj,linear,,B*T_dec,1280,1280,328,decoder.layers.5.self_attn.k_proj.weight,"[1280,1280]",config+architecture,
models--Systran--faster-whisper-large-v3,331,decoder_prefill,5,decoder.layers.5.self_attn.v_proj,linear,,B*T_dec,1280,1280,328,decoder.layers.5.self_attn.v_proj.weight,"[1280,1280]",config+architecture,
models--Systran--faster-whisper-large-v3,332,decoder_prefill,5,decoder.layers.5.self_attn.qk,batched_matmul,B*heads,T_dec,T_dec,64,329;330,,,config+architecture,decode uses existing self-attention KV cache
models--Systran--faster-whisper-large-v3,333,decoder_prefill,5,decoder.layers.5.self_attn.pv,batched_matmul,B*heads,T_dec,64,T_dec,332;331,,,config+architecture,
models--Systran--faster-whisper-large-v3,334,decoder_prefill,5,decoder.layers.5.self_attn.out_proj,linear,,B*T_dec,1280,1280,333,decoder.layers.5.self_attn.out_proj.weight,"[1280,1280]",config+architecture,
models--Systran--faster-whisper-large-v3,335,decoder_prefill,5,decoder.layers.5.encoder_attn.q_proj,linear,,B*T_dec,1280,1280,334,decoder.layers.5.encoder_attn.q_proj.weight,"[1280,1280]",config+architecture,
models--Systran--faster-whisper-large-v3,336,decoder_prefill,5,decoder.layers.5.encoder_attn.k_proj,linear,,B*T_enc,1280,1280,258,decoder.layers.5.encoder_attn.k_proj.weight,"[1280,1280]",config+architecture,
models--Systran--faster-whisper-large-v3,337,decoder_prefill,5,decoder.layers.5.encoder_attn.v_proj,linear,,B*T_enc,1280,1280,258,decoder.layers.5.encoder_attn.v_proj.weight,"[1280,1280]",config+architecture,
models--Systran--faster-whisper-large-v3,338,decoder_prefill,5,decoder.layers.5.encoder_attn.qk,batched_matmul,B*heads,T_dec,T_enc,64,335;336,,,config+architecture,cross-attention K is cached during decode step
models--Systran--faster-whisper-large-v3,339,decoder_prefill,5,decoder.layers.5.encoder_attn.pv,batched_matmul,B*heads,T_dec,64,T_enc,338;337,,,config+architecture,cross-attention V is cached during decode step
models--Systran--faster-whisper-large-v3,340,decoder_prefill,5,decoder.layers.5.encoder_attn.out_proj,linear,,B*T_dec,1280,1280,339,decoder.layers.5.encoder_attn.out_proj.weight,"[1280,1280]",config+architecture,
models--Systran--faster-whisper-large-v3,341,decoder_prefill,5,decoder.layers.5.fc1,linear,,B*T_dec,5120,1280,340,decoder.layers.5.fc1.weight,"[5120,1280]",config+architecture,
models--Systran--faster-whisper-large-v3,342,decoder_prefill,5,decoder.layers.5.fc2,linear,,B*T_dec,1280,5120,341,decoder.layers.5.fc2.weight,"[1280,5120]",config+architecture,
models--Systran--faster-whisper-large-v3,343,decoder_prefill,6,decoder.layers.6.self_attn.q_proj,linear,,B*T_dec,1280,1280,342,decoder.layers.6.self_attn.q_proj.weight,"[1280,1280]",config+architecture,
models--Systran--faster-whisper-large-v3,344,decoder_prefill,6,decoder.layers.6.self_attn.k_proj,linear,,B*T_dec,1280,1280,342,decoder.layers.6.self_attn.k_proj.weight,"[1280,1280]",config+architecture,
models--Systran--faster-whisper-large-v3,345,decoder_prefill,6,decoder.layers.6.self_attn.v_proj,linear,,B*T_dec,1280,1280,342,decoder.layers.6.self_attn.v_proj.weight,"[1280,1280]",config+architecture,
models--Systran--faster-whisper-large-v3,346,decoder_prefill,6,decoder.layers.6.self_attn.qk,batched_matmul,B*heads,T_dec,T_dec,64,343;344,,,config+architecture,decode uses existing self-attention KV cache
models--Systran--faster-whisper-large-v3,347,decoder_prefill,6,decoder.layers.6.self_attn.pv,batched_matmul,B*heads,T_dec,64,T_dec,346;345,,,config+architecture,
models--Systran--faster-whisper-large-v3,348,decoder_prefill,6,decoder.layers.6.self_attn.out_proj,linear,,B*T_dec,1280,1280,347,decoder.layers.6.self_attn.out_proj.weight,"[1280,1280]",config+architecture,
models--Systran--faster-whisper-large-v3,349,decoder_prefill,6,decoder.layers.6.encoder_attn.q_proj,linear,,B*T_dec,1280,1280,348,decoder.layers.6.encoder_attn.q_proj.weight,"[1280,1280]",config+architecture,
models--Systran--faster-whisper-large-v3,350,decoder_prefill,6,decoder.layers.6.encoder_attn.k_proj,linear,,B*T_enc,1280,1280,258,decoder.layers.6.encoder_attn.k_proj.weight,"[1280,1280]",config+architecture,
models--Systran--faster-whisper-large-v3,351,decoder_prefill,6,decoder.layers.6.encoder_attn.v_proj,linear,,B*T_enc,1280,1280,258,decoder.layers.6.encoder_attn.v_proj.weight,"[1280,1280]",config+architecture,
models--Systran--faster-whisper-large-v3,352,decoder_prefill,6,decoder.layers.6.encoder_attn.qk,batched_matmul,B*heads,T_dec,T_enc,64,349;350,,,config+architecture,cross-attention K is cached during decode step
models--Systran--faster-whisper-large-v3,353,decoder_prefill,6,decoder.layers.6.encoder_attn.pv,batched_matmul,B*heads,T_dec,64,T_enc,352;351,,,config+architecture,cross-attention V is cached during decode step
models--Systran--faster-whisper-large-v3,354,decoder_prefill,6,decoder.layers.6.encoder_attn.out_proj,linear,,B*T_dec,1280,1280,353,decoder.layers.6.encoder_attn.out_proj.weight,"[1280,1280]",config+architecture,
models--Systran--faster-whisper-large-v3,355,decoder_prefill,6,decoder.layers.6.fc1,linear,,B*T_dec,5120,1280,354,decoder.layers.6.fc1.weight,"[5120,1280]",config+architecture,
models--Systran--faster-whisper-large-v3,356,decoder_prefill,6,decoder.layers.6.fc2,linear,,B*T_dec,1280,5120,355,decoder.layers.6.fc2.weight,"[1280,5120]",config+architecture,
models--Systran--faster-whisper-large-v3,357,decoder_prefill,7,decoder.layers.7.self_attn.q_proj,linear,,B*T_dec,1280,1280,356,decoder.layers.7.self_attn.q_proj.weight,"[1280,1280]",config+architecture,
models--Systran--faster-whisper-large-v3,358,decoder_prefill,7,decoder.layers.7.self_attn.k_proj,linear,,B*T_dec,1280,1280,356,decoder.layers.7.self_attn.k_proj.weight,"[1280,1280]",config+architecture,
models--Systran--faster-whisper-large-v3,359,decoder_prefill,7,decoder.layers.7.self_attn.v_proj,linear,,B*T_dec,1280,1280,356,decoder.layers.7.self_attn.v_proj.weight,"[1280,1280]",config+architecture,
models--Systran--faster-whisper-large-v3,360,decoder_prefill,7,decoder.layers.7.self_attn.qk,batched_matmul,B*heads,T_dec,T_dec,64,357;358,,,config+architecture,decode uses existing self-attention KV cache
models--Systran--faster-whisper-large-v3,361,decoder_prefill,7,decoder.layers.7.self_attn.pv,batched_matmul,B*heads,T_dec,64,T_dec,360;359,,,config+architecture,
models--Systran--faster-whisper-large-v3,362,decoder_prefill,7,decoder.layers.7.self_attn.out_proj,linear,,B*T_dec,1280,1280,361,decoder.layers.7.self_attn.out_proj.weight,"[1280,1280]",config+architecture,
models--Systran--faster-whisper-large-v3,363,decoder_prefill,7,decoder.layers.7.encoder_attn.q_proj,linear,,B*T_dec,1280,1280,362,decoder.layers.7.encoder_attn.q_proj.weight,"[1280,1280]",config+architecture,
models--Systran--faster-whisper-large-v3,364,decoder_prefill,7,decoder.layers.7.encoder_attn.k_proj,linear,,B*T_enc,1280,1280,258,decoder.layers.7.encoder_attn.k_proj.weight,"[1280,1280]",config+architecture,
models--Systran--faster-whisper-large-v3,365,decoder_prefill,7,decoder.layers.7.encoder_attn.v_proj,linear,,B*T_enc,1280,1280,258,decoder.layers.7.encoder_attn.v_proj.weight,"[1280,1280]",config+architecture,
models--Systran--faster-whisper-large-v3,366,decoder_prefill,7,decoder.layers.7.encoder_attn.qk,batched_matmul,B*heads,T_dec,T_enc,64,363;364,,,config+architecture,cross-attention K is cached during decode step
models--Systran--faster-whisper-large-v3,367,decoder_prefill,7,decoder.layers.7.encoder_attn.pv,batched_matmul,B*heads,T_dec,64,T_enc,366;365,,,config+architecture,cross-attention V is cached during decode step
models--Systran--faster-whisper-large-v3,368,decoder_prefill,7,decoder.layers.7.encoder_attn.out_proj,linear,,B*T_dec,1280,1280,367,decoder.layers.7.encoder_attn.out_proj.weight,"[1280,1280]",config+architecture,
models--Systran--faster-whisper-large-v3,369,decoder_prefill,7,decoder.layers.7.fc1,linear,,B*T_dec,5120,1280,368,decoder.layers.7.fc1.weight,"[5120,1280]",config+architecture,
models--Systran--faster-whisper-large-v3,370,decoder_prefill,7,decoder.layers.7.fc2,linear,,B*T_dec,1280,5120,369,decoder.layers.7.fc2.weight,"[1280,5120]",config+architecture,
models--Systran--faster-whisper-large-v3,371,decoder_prefill,8,decoder.layers.8.self_attn.q_proj,linear,,B*T_dec,1280,1280,370,decoder.layers.8.self_attn.q_proj.weight,"[1280,1280]",config+architecture,
models--Systran--faster-whisper-large-v3,372,decoder_prefill,8,decoder.layers.8.self_attn.k_proj,linear,,B*T_dec,1280,1280,370,decoder.layers.8.self_attn.k_proj.weight,"[1280,1280]",config+architecture,
models--Systran--faster-whisper-large-v3,373,decoder_prefill,8,decoder.layers.8.self_attn.v_proj,linear,,B*T_dec,1280,1280,370,decoder.layers.8.self_attn.v_proj.weight,"[1280,1280]",config+architecture,
models--Systran--faster-whisper-large-v3,374,decoder_prefill,8,decoder.layers.8.self_attn.qk,batched_matmul,B*heads,T_dec,T_dec,64,371;372,,,config+architecture,decode uses existing self-attention KV cache
models--Systran--faster-whisper-large-v3,375,decoder_prefill,8,decoder.layers.8.self_attn.pv,batched_matmul,B*heads,T_dec,64,T_dec,374;373,,,config+architecture,
models--Systran--faster-whisper-large-v3,376,decoder_prefill,8,decoder.layers.8.self_attn.out_proj,linear,,B*T_dec,1280,1280,375,decoder.layers.8.self_attn.out_proj.weight,"[1280,1280]",config+architecture,
models--Systran--faster-whisper-large-v3,377,decoder_prefill,8,decoder.layers.8.encoder_attn.q_proj,linear,,B*T_dec,1280,1280,376,decoder.layers.8.encoder_attn.q_proj.weight,"[1280,1280]",config+architecture,
models--Systran--faster-whisper-large-v3,378,decoder_prefill,8,decoder.layers.8.encoder_attn.k_proj,linear,,B*T_enc,1280,1280,258,decoder.layers.8.encoder_attn.k_proj.weight,"[1280,1280]",config+architecture,
models--Systran--faster-whisper-large-v3,379,decoder_prefill,8,decoder.layers.8.encoder_attn.v_proj,linear,,B*T_enc,1280,1280,258,decoder.layers.8.encoder_attn.v_proj.weight,"[1280,1280]",config+architecture,
models--Systran--faster-whisper-large-v3,380,decoder_prefill,8,decoder.layers.8.encoder_attn.qk,batched_matmul,B*heads,T_dec,T_enc,64,377;378,,,config+architecture,cross-attention K is cached during decode step
models--Systran--faster-whisper-large-v3,381,decoder_prefill,8,decoder.layers.8.encoder_attn.pv,batched_matmul,B*heads,T_dec,64,T_enc,380;379,,,config+architecture,cross-attention V is cached during decode step
models--Systran--faster-whisper-large-v3,382,decoder_prefill,8,decoder.layers.8.encoder_attn.out_proj,linear,,B*T_dec,1280,1280,381,decoder.layers.8.encoder_attn.out_proj.weight,"[1280,1280]",config+architecture,
models--Systran--faster-whisper-large-v3,383,decoder_prefill,8,decoder.layers.8.fc1,linear,,B*T_dec,5120,1280,382,decoder.layers.8.fc1.weight,"[5120,1280]",config+architecture,
models--Systran--faster-whisper-large-v3,384,decoder_prefill,8,decoder.layers.8.fc2,linear,,B*T_dec,1280,5120,383,decoder.layers.8.fc2.weight,"[1280,5120]",config+architecture,
models--Systran--faster-whisper-large-v3,385,decoder_prefill,9,decoder.layers.9.self_attn.q_proj,linear,,B*T_dec,1280,1280,384,decoder.layers.9.self_attn.q_proj.weight,"[1280,1280]",config+architecture,
models--Systran--faster-whisper-large-v3,386,decoder_prefill,9,decoder.layers.9.self_attn.k_proj,linear,,B*T_dec,1280,1280,384,decoder.layers.9.self_attn.k_proj.weight,"[1280,1280]",config+architecture,
models--Systran--faster-whisper-large-v3,387,decoder_prefill,9,decoder.layers.9.self_attn.v_proj,linear,,B*T_dec,1280,1280,384,decoder.layers.9.self_attn.v_proj.weight,"[1280,1280]",config+architecture,
models--Systran--faster-whisper-large-v3,388,decoder_prefill,9,decoder.layers.9.self_attn.qk,batched_matmul,B*heads,T_dec,T_dec,64,385;386,,,config+architecture,decode uses existing self-attention KV cache
models--Systran--faster-whisper-large-v3,389,decoder_prefill,9,decoder.layers.9.self_attn.pv,batched_matmul,B*heads,T_dec,64,T_dec,388;387,,,config+architecture,
models--Systran--faster-whisper-large-v3,390,decoder_prefill,9,decoder.layers.9.self_attn.out_proj,linear,,B*T_dec,1280,1280,389,decoder.layers.9.self_attn.out_proj.weight,"[1280,1280]",config+architecture,
models--Systran--faster-whisper-large-v3,391,decoder_prefill,9,decoder.layers.9.encoder_attn.q_proj,linear,,B*T_dec,1280,1280,390,decoder.layers.9.encoder_attn.q_proj.weight,"[1280,1280]",config+architecture,
models--Systran--faster-whisper-large-v3,392,decoder_prefill,9,decoder.layers.9.encoder_attn.k_proj,linear,,B*T_enc,1280,1280,258,decoder.layers.9.encoder_attn.k_proj.weight,"[1280,1280]",config+architecture,
models--Systran--faster-whisper-large-v3,393,decoder_prefill,9,decoder.layers.9.encoder_attn.v_proj,linear,,B*T_enc,1280,1280,258,decoder.layers.9.encoder_attn.v_proj.weight,"[1280,1280]",config+architecture,
models--Systran--faster-whisper-large-v3,394,decoder_prefill,9,decoder.layers.9.encoder_attn.qk,batched_matmul,B*heads,T_dec,T_enc,64,391;392,,,config+architecture,cross-attention K is cached during decode step
models--Systran--faster-whisper-large-v3,395,decoder_prefill,9,decoder.layers.9.encoder_attn.pv,batched_matmul,B*heads,T_dec,64,T_enc,394;393,,,config+architecture,cross-attention V is cached during decode step
models--Systran--faster-whisper-large-v3,396,decoder_prefill,9,decoder.layers.9.encoder_attn.out_proj,linear,,B*T_dec,1280,1280,395,decoder.layers.9.encoder_attn.out_proj.weight,"[1280,1280]",config+architecture,
models--Systran--faster-whisper-large-v3,397,decoder_prefill,9,decoder.layers.9.fc1,linear,,B*T_dec,5120,1280,396,decoder.layers.9.fc1.weight,"[5120,1280]",config+architecture,
models--Systran--faster-whisper-large-v3,398,decoder_prefill,9,decoder.layers.9.fc2,linear,,B*T_dec,1280,5120,397,decoder.layers.9.fc2.weight,"[1280,5120]",config+architecture,
models--Systran--faster-whisper-large-v3,399,decoder_prefill,10,decoder.layers.10.self_attn.q_proj,linear,,B*T_dec,1280,1280,398,decoder.layers.10.self_attn.q_proj.weight,"[1280,1280]",config+architecture,
models--Systran--faster-whisper-large-v3,400,decoder_prefill,10,decoder.layers.10.self_attn.k_proj,linear,,B*T_dec,1280,1280,398,decoder.layers.10.self_attn.k_proj.weight,"[1280,1280]",config+architecture,
models--Systran--faster-whisper-large-v3,401,decoder_prefill,10,decoder.layers.10.self_attn.v_proj,linear,,B*T_dec,1280,1280,398,decoder.layers.10.self_attn.v_proj.weight,"[1280,1280]",config+architecture,
models--Systran--faster-whisper-large-v3,402,decoder_prefill,10,decoder.layers.10.self_attn.qk,batched_matmul,B*heads,T_dec,T_dec,64,399;400,,,config+architecture,decode uses existing self-attention KV cache
models--Systran--faster-whisper-large-v3,403,decoder_prefill,10,decoder.layers.10.self_attn.pv,batched_matmul,B*heads,T_dec,64,T_dec,402;401,,,config+architecture,
models--Systran--faster-whisper-large-v3,404,decoder_prefill,10,decoder.layers.10.self_attn.out_proj,linear,,B*T_dec,1280,1280,403,decoder.layers.10.self_attn.out_proj.weight,"[1280,1280]",config+architecture,
models--Systran--faster-whisper-large-v3,405,decoder_prefill,10,decoder.layers.10.encoder_attn.q_proj,linear,,B*T_dec,1280,1280,404,decoder.layers.10.encoder_attn.q_proj.weight,"[1280,1280]",config+architecture,
models--Systran--faster-whisper-large-v3,406,decoder_prefill,10,decoder.layers.10.encoder_attn.k_proj,linear,,B*T_enc,1280,1280,258,decoder.layers.10.encoder_attn.k_proj.weight,"[1280,1280]",config+architecture,
models--Systran--faster-whisper-large-v3,407,decoder_prefill,10,decoder.layers.10.encoder_attn.v_proj,linear,,B*T_enc,1280,1280,258,decoder.layers.10.encoder_attn.v_proj.weight,"[1280,1280]",config+architecture,
models--Systran--faster-whisper-large-v3,408,decoder_prefill,10,decoder.layers.10.encoder_attn.qk,batched_matmul,B*heads,T_dec,T_enc,64,405;406,,,config+architecture,cross-attention K is cached during decode step
models--Systran--faster-whisper-large-v3,409,decoder_prefill,10,decoder.layers.10.encoder_attn.pv,batched_matmul,B*heads,T_dec,64,T_enc,408;407,,,config+architecture,cross-attention V is cached during decode step
models--Systran--faster-whisper-large-v3,410,decoder_prefill,10,decoder.layers.10.encoder_attn.out_proj,linear,,B*T_dec,1280,1280,409,decoder.layers.10.encoder_attn.out_proj.weight,"[1280,1280]",config+architecture,
models--Systran--faster-whisper-large-v3,411,decoder_prefill,10,decoder.layers.10.fc1,linear,,B*T_dec,5120,1280,410,decoder.layers.10.fc1.weight,"[5120,1280]",config+architecture,
models--Systran--faster-whisper-large-v3,412,decoder_prefill,10,decoder.layers.10.fc2,linear,,B*T_dec,1280,5120,411,decoder.layers.10.fc2.weight,"[1280,5120]",config+architecture,
models--Systran--faster-whisper-large-v3,413,decoder_prefill,11,decoder.layers.11.self_attn.q_proj,linear,,B*T_dec,1280,1280,412,decoder.layers.11.self_attn.q_proj.weight,"[1280,1280]",config+architecture,
models--Systran--faster-whisper-large-v3,414,decoder_prefill,11,decoder.layers.11.self_attn.k_proj,linear,,B*T_dec,1280,1280,412,decoder.layers.11.self_attn.k_proj.weight,"[1280,1280]",config+architecture,
models--Systran--faster-whisper-large-v3,415,decoder_prefill,11,decoder.layers.11.self_attn.v_proj,linear,,B*T_dec,1280,1280,412,decoder.layers.11.self_attn.v_proj.weight,"[1280,1280]",config+architecture,
models--Systran--faster-whisper-large-v3,416,decoder_prefill,11,decoder.layers.11.self_attn.qk,batched_matmul,B*heads,T_dec,T_dec,64,413;414,,,config+architecture,decode uses existing self-attention KV cache
models--Systran--faster-whisper-large-v3,417,decoder_prefill,11,decoder.layers.11.self_attn.pv,batched_matmul,B*heads,T_dec,64,T_dec,416;415,,,config+architecture,
models--Systran--faster-whisper-large-v3,418,decoder_prefill,11,decoder.layers.11.self_attn.out_proj,linear,,B*T_dec,1280,1280,417,decoder.layers.11.self_attn.out_proj.weight,"[1280,1280]",config+architecture,
models--Systran--faster-whisper-large-v3,419,decoder_prefill,11,decoder.layers.11.encoder_attn.q_proj,linear,,B*T_dec,1280,1280,418,decoder.layers.11.encoder_attn.q_proj.weight,"[1280,1280]",config+architecture,
models--Systran--faster-whisper-large-v3,420,decoder_prefill,11,decoder.layers.11.encoder_attn.k_proj,linear,,B*T_enc,1280,1280,258,decoder.layers.11.encoder_attn.k_proj.weight,"[1280,1280]",config+architecture,
models--Systran--faster-whisper-large-v3,421,decoder_prefill,11,decoder.layers.11.encoder_attn.v_proj,linear,,B*T_enc,1280,1280,258,decoder.layers.11.encoder_attn.v_proj.weight,"[1280,1280]",config+architecture,
models--Systran--faster-whisper-large-v3,422,decoder_prefill,11,decoder.layers.11.encoder_attn.qk,batched_matmul,B*heads,T_dec,T_enc,64,419;420,,,config+architecture,cross-attention K is cached during decode step
models--Systran--faster-whisper-large-v3,423,decoder_prefill,11,decoder.layers.11.encoder_attn.pv,batched_matmul,B*heads,T_dec,64,T_enc,422;421,,,config+architecture,cross-attention V is cached during decode step
models--Systran--faster-whisper-large-v3,424,decoder_prefill,11,decoder.layers.11.encoder_attn.out_proj,linear,,B*T_dec,1280,1280,423,decoder.layers.11.encoder_attn.out_proj.weight,"[1280,1280]",config+architecture,
models--Systran--faster-whisper-large-v3,425,decoder_prefill,11,decoder.layers.11.fc1,linear,,B*T_dec,5120,1280,424,decoder.layers.11.fc1.weight,"[5120,1280]",config+architecture,
models--Systran--faster-whisper-large-v3,426,decoder_prefill,11,decoder.layers.11.fc2,linear,,B*T_dec,1280,5120,425,decoder.layers.11.fc2.weight,"[1280,5120]",config+architecture,
models--Systran--faster-whisper-large-v3,427,decoder_prefill,12,decoder.layers.12.self_attn.q_proj,linear,,B*T_dec,1280,1280,426,decoder.layers.12.self_attn.q_proj.weight,"[1280,1280]",config+architecture,
models--Systran--faster-whisper-large-v3,428,decoder_prefill,12,decoder.layers.12.self_attn.k_proj,linear,,B*T_dec,1280,1280,426,decoder.layers.12.self_attn.k_proj.weight,"[1280,1280]",config+architecture,
models--Systran--faster-whisper-large-v3,429,decoder_prefill,12,decoder.layers.12.self_attn.v_proj,linear,,B*T_dec,1280,1280,426,decoder.layers.12.self_attn.v_proj.weight,"[1280,1280]",config+architecture,
models--Systran--faster-whisper-large-v3,430,decoder_prefill,12,decoder.layers.12.self_attn.qk,batched_matmul,B*heads,T_dec,T_dec,64,427;428,,,config+architecture,decode uses existing self-attention KV cache
models--Systran--faster-whisper-large-v3,431,decoder_prefill,12,decoder.layers.12.self_attn.pv,batched_matmul,B*heads,T_dec,64,T_dec,430;429,,,config+architecture,
models--Systran--faster-whisper-large-v3,432,decoder_prefill,12,decoder.layers.12.self_attn.out_proj,linear,,B*T_dec,1280,1280,431,decoder.layers.12.self_attn.out_proj.weight,"[1280,1280]",config+architecture,
models--Systran--faster-whisper-large-v3,433,decoder_prefill,12,decoder.layers.12.encoder_attn.q_proj,linear,,B*T_dec,1280,1280,432,decoder.layers.12.encoder_attn.q_proj.weight,"[1280,1280]",config+architecture,
models--Systran--faster-whisper-large-v3,434,decoder_prefill,12,decoder.layers.12.encoder_attn.k_proj,linear,,B*T_enc,1280,1280,258,decoder.layers.12.encoder_attn.k_proj.weight,"[1280,1280]",config+architecture,
models--Systran--faster-whisper-large-v3,435,decoder_prefill,12,decoder.layers.12.encoder_attn.v_proj,linear,,B*T_enc,1280,1280,258,decoder.layers.12.encoder_attn.v_proj.weight,"[1280,1280]",config+architecture,
models--Systran--faster-whisper-large-v3,436,decoder_prefill,12,decoder.layers.12.encoder_attn.qk,batched_matmul,B*heads,T_dec,T_enc,64,433;434,,,config+architecture,cross-attention K is cached during decode step
models--Systran--faster-whisper-large-v3,437,decoder_prefill,12,decoder.layers.12.encoder_attn.pv,batched_matmul,B*heads,T_dec,64,T_enc,436;435,,,config+architecture,cross-attention V is cached during decode step
models--Systran--faster-whisper-large-v3,438,decoder_prefill,12,decoder.layers.12.encoder_attn.out_proj,linear,,B*T_dec,1280,1280,437,decoder.layers.12.encoder_attn.out_proj.weight,"[1280,1280]",config+architecture,
models--Systran--faster-whisper-large-v3,439,decoder_prefill,12,decoder.layers.12.fc1,linear,,B*T_dec,5120,1280,438,decoder.layers.12.fc1.weight,"[5120,1280]",config+architecture,
models--Systran--faster-whisper-large-v3,440,decoder_prefill,12,decoder.layers.12.fc2,linear,,B*T_dec,1280,5120,439,decoder.layers.12.fc2.weight,"[1280,5120]",config+architecture,
models--Systran--faster-whisper-large-v3,441,decoder_prefill,13,decoder.layers.13.self_attn.q_proj,linear,,B*T_dec,1280,1280,440,decoder.layers.13.self_attn.q_proj.weight,"[1280,1280]",config+architecture,
models--Systran--faster-whisper-large-v3,442,decoder_prefill,13,decoder.layers.13.self_attn.k_proj,linear,,B*T_dec,1280,1280,440,decoder.layers.13.self_attn.k_proj.weight,"[1280,1280]",config+architecture,
models--Systran--faster-whisper-large-v3,443,decoder_prefill,13,decoder.layers.13.self_attn.v_proj,linear,,B*T_dec,1280,1280,440,decoder.layers.13.self_attn.v_proj.weight,"[1280,1280]",config+architecture,
models--Systran--faster-whisper-large-v3,444,decoder_prefill,13,decoder.layers.13.self_attn.qk,batched_matmul,B*heads,T_dec,T_dec,64,441;442,,,config+architecture,decode uses existing self-attention KV cache
models--Systran--faster-whisper-large-v3,445,decoder_prefill,13,decoder.layers.13.self_attn.pv,batched_matmul,B*heads,T_dec,64,T_dec,444;443,,,config+architecture,
models--Systran--faster-whisper-large-v3,446,decoder_prefill,13,decoder.layers.13.self_attn.out_proj,linear,,B*T_dec,1280,1280,445,decoder.layers.13.self_attn.out_proj.weight,"[1280,1280]",config+architecture,
models--Systran--faster-whisper-large-v3,447,decoder_prefill,13,decoder.layers.13.encoder_attn.q_proj,linear,,B*T_dec,1280,1280,446,decoder.layers.13.encoder_attn.q_proj.weight,"[1280,1280]",config+architecture,
models--Systran--faster-whisper-large-v3,448,decoder_prefill,13,decoder.layers.13.encoder_attn.k_proj,linear,,B*T_enc,1280,1280,258,decoder.layers.13.encoder_attn.k_proj.weight,"[1280,1280]",config+architecture,
models--Systran--faster-whisper-large-v3,449,decoder_prefill,13,decoder.layers.13.encoder_attn.v_proj,linear,,B*T_enc,1280,1280,258,decoder.layers.13.encoder_attn.v_proj.weight,"[1280,1280]",config+architecture,
models--Systran--faster-whisper-large-v3,450,decoder_prefill,13,decoder.layers.13.encoder_attn.qk,batched_matmul,B*heads,T_dec,T_enc,64,447;448,,,config+architecture,cross-attention K is cached during decode step
models--Systran--faster-whisper-large-v3,451,decoder_prefill,13,decoder.layers.13.encoder_attn.pv,batched_matmul,B*heads,T_dec,64,T_enc,450;449,,,config+architecture,cross-attention V is cached during decode step
models--Systran--faster-whisper-large-v3,452,decoder_prefill,13,decoder.layers.13.encoder_attn.out_proj,linear,,B*T_dec,1280,1280,451,decoder.layers.13.encoder_attn.out_proj.weight,"[1280,1280]",config+architecture,
models--Systran--faster-whisper-large-v3,453,decoder_prefill,13,decoder.layers.13.fc1,linear,,B*T_dec,5120,1280,452,decoder.layers.13.fc1.weight,"[5120,1280]",config+architecture,
models--Systran--faster-whisper-large-v3,454,decoder_prefill,13,decoder.layers.13.fc2,linear,,B*T_dec,1280,5120,453,decoder.layers.13.fc2.weight,"[1280,5120]",config+architecture,
models--Systran--faster-whisper-large-v3,455,decoder_prefill,14,decoder.layers.14.self_attn.q_proj,linear,,B*T_dec,1280,1280,454,decoder.layers.14.self_attn.q_proj.weight,"[1280,1280]",config+architecture,
models--Systran--faster-whisper-large-v3,456,decoder_prefill,14,decoder.layers.14.self_attn.k_proj,linear,,B*T_dec,1280,1280,454,decoder.layers.14.self_attn.k_proj.weight,"[1280,1280]",config+architecture,
models--Systran--faster-whisper-large-v3,457,decoder_prefill,14,decoder.layers.14.self_attn.v_proj,linear,,B*T_dec,1280,1280,454,decoder.layers.14.self_attn.v_proj.weight,"[1280,1280]",config+architecture,
models--Systran--faster-whisper-large-v3,458,decoder_prefill,14,decoder.layers.14.self_attn.qk,batched_matmul,B*heads,T_dec,T_dec,64,455;456,,,config+architecture,decode uses existing self-attention KV cache
models--Systran--faster-whisper-large-v3,459,decoder_prefill,14,decoder.layers.14.self_attn.pv,batched_matmul,B*heads,T_dec,64,T_dec,458;457,,,config+architecture,
models--Systran--faster-whisper-large-v3,460,decoder_prefill,14,decoder.layers.14.self_attn.out_proj,linear,,B*T_dec,1280,1280,459,decoder.layers.14.self_attn.out_proj.weight,"[1280,1280]",config+architecture,
models--Systran--faster-whisper-large-v3,461,decoder_prefill,14,decoder.layers.14.encoder_attn.q_proj,linear,,B*T_dec,1280,1280,460,decoder.layers.14.encoder_attn.q_proj.weight,"[1280,1280]",config+architecture,
models--Systran--faster-whisper-large-v3,462,decoder_prefill,14,decoder.layers.14.encoder_attn.k_proj,linear,,B*T_enc,1280,1280,258,decoder.layers.14.encoder_attn.k_proj.weight,"[1280,1280]",config+architecture,
models--Systran--faster-whisper-large-v3,463,decoder_prefill,14,decoder.layers.14.encoder_attn.v_proj,linear,,B*T_enc,1280,1280,258,decoder.layers.14.encoder_attn.v_proj.weight,"[1280,1280]",config+architecture,
models--Systran--faster-whisper-large-v3,464,decoder_prefill,14,decoder.layers.14.encoder_attn.qk,batched_matmul,B*heads,T_dec,T_enc,64,461;462,,,config+architecture,cross-attention K is cached during decode step
models--Systran--faster-whisper-large-v3,465,decoder_prefill,14,decoder.layers.14.encoder_attn.pv,batched_matmul,B*heads,T_dec,64,T_enc,464;463,,,config+architecture,cross-attention V is cached during decode step
models--Systran--faster-whisper-large-v3,466,decoder_prefill,14,decoder.layers.14.encoder_attn.out_proj,linear,,B*T_dec,1280,1280,465,decoder.layers.14.encoder_attn.out_proj.weight,"[1280,1280]",config+architecture,
models--Systran--faster-whisper-large-v3,467,decoder_prefill,14,decoder.layers.14.fc1,linear,,B*T_dec,5120,1280,466,decoder.layers.14.fc1.weight,"[5120,1280]",config+architecture,
models--Systran--faster-whisper-large-v3,468,decoder_prefill,14,decoder.layers.14.fc2,linear,,B*T_dec,1280,5120,467,decoder.layers.14.fc2.weight,"[1280,5120]",config+architecture,
models--Systran--faster-whisper-large-v3,469,decoder_prefill,15,decoder.layers.15.self_attn.q_proj,linear,,B*T_dec,1280,1280,468,decoder.layers.15.self_attn.q_proj.weight,"[1280,1280]",config+architecture,
models--Systran--faster-whisper-large-v3,470,decoder_prefill,15,decoder.layers.15.self_attn.k_proj,linear,,B*T_dec,1280,1280,468,decoder.layers.15.self_attn.k_proj.weight,"[1280,1280]",config+architecture,
models--Systran--faster-whisper-large-v3,471,decoder_prefill,15,decoder.layers.15.self_attn.v_proj,linear,,B*T_dec,1280,1280,468,decoder.layers.15.self_attn.v_proj.weight,"[1280,1280]",config+architecture,
models--Systran--faster-whisper-large-v3,472,decoder_prefill,15,decoder.layers.15.self_attn.qk,batched_matmul,B*heads,T_dec,T_dec,64,469;470,,,config+architecture,decode uses existing self-attention KV cache
models--Systran--faster-whisper-large-v3,473,decoder_prefill,15,decoder.layers.15.self_attn.pv,batched_matmul,B*heads,T_dec,64,T_dec,472;471,,,config+architecture,
models--Systran--faster-whisper-large-v3,474,decoder_prefill,15,decoder.layers.15.self_attn.out_proj,linear,,B*T_dec,1280,1280,473,decoder.layers.15.self_attn.out_proj.weight,"[1280,1280]",config+architecture,
models--Systran--faster-whisper-large-v3,475,decoder_prefill,15,decoder.layers.15.encoder_attn.q_proj,linear,,B*T_dec,1280,1280,474,decoder.layers.15.encoder_attn.q_proj.weight,"[1280,1280]",config+architecture,
models--Systran--faster-whisper-large-v3,476,decoder_prefill,15,decoder.layers.15.encoder_attn.k_proj,linear,,B*T_enc,1280,1280,258,decoder.layers.15.encoder_attn.k_proj.weight,"[1280,1280]",config+architecture,
models--Systran--faster-whisper-large-v3,477,decoder_prefill,15,decoder.layers.15.encoder_attn.v_proj,linear,,B*T_enc,1280,1280,258,decoder.layers.15.encoder_attn.v_proj.weight,"[1280,1280]",config+architecture,
models--Systran--faster-whisper-large-v3,478,decoder_prefill,15,decoder.layers.15.encoder_attn.qk,batched_matmul,B*heads,T_dec,T_enc,64,475;476,,,config+architecture,cross-attention K is cached during decode step
models--Systran--faster-whisper-large-v3,479,decoder_prefill,15,decoder.layers.15.encoder_attn.pv,batched_matmul,B*heads,T_dec,64,T_enc,478;477,,,config+architecture,cross-attention V is cached during decode step
models--Systran--faster-whisper-large-v3,480,decoder_prefill,15,decoder.layers.15.encoder_attn.out_proj,linear,,B*T_dec,1280,1280,479,decoder.layers.15.encoder_attn.out_proj.weight,"[1280,1280]",config+architecture,
models--Systran--faster-whisper-large-v3,481,decoder_prefill,15,decoder.layers.15.fc1,linear,,B*T_dec,5120,1280,480,decoder.layers.15.fc1.weight,"[5120,1280]",config+architecture,
models--Systran--faster-whisper-large-v3,482,decoder_prefill,15,decoder.layers.15.fc2,linear,,B*T_dec,1280,5120,481,decoder.layers.15.fc2.weight,"[1280,5120]",config+architecture,
models--Systran--faster-whisper-large-v3,483,decoder_prefill,16,decoder.layers.16.self_attn.q_proj,linear,,B*T_dec,1280,1280,482,decoder.layers.16.self_attn.q_proj.weight,"[1280,1280]",config+architecture,
models--Systran--faster-whisper-large-v3,484,decoder_prefill,16,decoder.layers.16.self_attn.k_proj,linear,,B*T_dec,1280,1280,482,decoder.layers.16.self_attn.k_proj.weight,"[1280,1280]",config+architecture,
models--Systran--faster-whisper-large-v3,485,decoder_prefill,16,decoder.layers.16.self_attn.v_proj,linear,,B*T_dec,1280,1280,482,decoder.layers.16.self_attn.v_proj.weight,"[1280,1280]",config+architecture,
models--Systran--faster-whisper-large-v3,486,decoder_prefill,16,decoder.layers.16.self_attn.qk,batched_matmul,B*heads,T_dec,T_dec,64,483;484,,,config+architecture,decode uses existing self-attention KV cache
models--Systran--faster-whisper-large-v3,487,decoder_prefill,16,decoder.layers.16.self_attn.pv,batched_matmul,B*heads,T_dec,64,T_dec,486;485,,,config+architecture,
models--Systran--faster-whisper-large-v3,488,decoder_prefill,16,decoder.layers.16.self_attn.out_proj,linear,,B*T_dec,1280,1280,487,decoder.layers.16.self_attn.out_proj.weight,"[1280,1280]",config+architecture,
models--Systran--faster-whisper-large-v3,489,decoder_prefill,16,decoder.layers.16.encoder_attn.q_proj,linear,,B*T_dec,1280,1280,488,decoder.layers.16.encoder_attn.q_proj.weight,"[1280,1280]",config+architecture,
models--Systran--faster-whisper-large-v3,490,decoder_prefill,16,decoder.layers.16.encoder_attn.k_proj,linear,,B*T_enc,1280,1280,258,decoder.layers.16.encoder_attn.k_proj.weight,"[1280,1280]",config+architecture,
models--Systran--faster-whisper-large-v3,491,decoder_prefill,16,decoder.layers.16.encoder_attn.v_proj,linear,,B*T_enc,1280,1280,258,decoder.layers.16.encoder_attn.v_proj.weight,"[1280,1280]",config+architecture,
models--Systran--faster-whisper-large-v3,492,decoder_prefill,16,decoder.layers.16.encoder_attn.qk,batched_matmul,B*heads,T_dec,T_enc,64,489;490,,,config+architecture,cross-attention K is cached during decode step
models--Systran--faster-whisper-large-v3,493,decoder_prefill,16,decoder.layers.16.encoder_attn.pv,batched_matmul,B*heads,T_dec,64,T_enc,492;491,,,config+architecture,cross-attention V is cached during decode step
models--Systran--faster-whisper-large-v3,494,decoder_prefill,16,decoder.layers.16.encoder_attn.out_proj,linear,,B*T_dec,1280,1280,493,decoder.layers.16.encoder_attn.out_proj.weight,"[1280,1280]",config+architecture,
models--Systran--faster-whisper-large-v3,495,decoder_prefill,16,decoder.layers.16.fc1,linear,,B*T_dec,5120,1280,494,decoder.layers.16.fc1.weight,"[5120,1280]",config+architecture,
models--Systran--faster-whisper-large-v3,496,decoder_prefill,16,decoder.layers.16.fc2,linear,,B*T_dec,1280,5120,495,decoder.layers.16.fc2.weight,"[1280,5120]",config+architecture,
models--Systran--faster-whisper-large-v3,497,decoder_prefill,17,decoder.layers.17.self_attn.q_proj,linear,,B*T_dec,1280,1280,496,decoder.layers.17.self_attn.q_proj.weight,"[1280,1280]",config+architecture,
models--Systran--faster-whisper-large-v3,498,decoder_prefill,17,decoder.layers.17.self_attn.k_proj,linear,,B*T_dec,1280,1280,496,decoder.layers.17.self_attn.k_proj.weight,"[1280,1280]",config+architecture,
models--Systran--faster-whisper-large-v3,499,decoder_prefill,17,decoder.layers.17.self_attn.v_proj,linear,,B*T_dec,1280,1280,496,decoder.layers.17.self_attn.v_proj.weight,"[1280,1280]",config+architecture,
models--Systran--faster-whisper-large-v3,500,decoder_prefill,17,decoder.layers.17.self_attn.qk,batched_matmul,B*heads,T_dec,T_dec,64,497;498,,,config+architecture,decode uses existing self-attention KV cache
models--Systran--faster-whisper-large-v3,501,decoder_prefill,17,decoder.layers.17.self_attn.pv,batched_matmul,B*heads,T_dec,64,T_dec,500;499,,,config+architecture,
models--Systran--faster-whisper-large-v3,502,decoder_prefill,17,decoder.layers.17.self_attn.out_proj,linear,,B*T_dec,1280,1280,501,decoder.layers.17.self_attn.out_proj.weight,"[1280,1280]",config+architecture,
models--Systran--faster-whisper-large-v3,503,decoder_prefill,17,decoder.layers.17.encoder_attn.q_proj,linear,,B*T_dec,1280,1280,502,decoder.layers.17.encoder_attn.q_proj.weight,"[1280,1280]",config+architecture,
models--Systran--faster-whisper-large-v3,504,decoder_prefill,17,decoder.layers.17.encoder_attn.k_proj,linear,,B*T_enc,1280,1280,258,decoder.layers.17.encoder_attn.k_proj.weight,"[1280,1280]",config+architecture,
models--Systran--faster-whisper-large-v3,505,decoder_prefill,17,decoder.layers.17.encoder_attn.v_proj,linear,,B*T_enc,1280,1280,258,decoder.layers.17.encoder_attn.v_proj.weight,"[1280,1280]",config+architecture,
models--Systran--faster-whisper-large-v3,506,decoder_prefill,17,decoder.layers.17.encoder_attn.qk,batched_matmul,B*heads,T_dec,T_enc,64,503;504,,,config+architecture,cross-attention K is cached during decode step
models--Systran--faster-whisper-large-v3,507,decoder_prefill,17,decoder.layers.17.encoder_attn.pv,batched_matmul,B*heads,T_dec,64,T_enc,506;505,,,config+architecture,cross-attention V is cached during decode step
models--Systran--faster-whisper-large-v3,508,decoder_prefill,17,decoder.layers.17.encoder_attn.out_proj,linear,,B*T_dec,1280,1280,507,decoder.layers.17.encoder_attn.out_proj.weight,"[1280,1280]",config+architecture,
models--Systran--faster-whisper-large-v3,509,decoder_prefill,17,decoder.layers.17.fc1,linear,,B*T_dec,5120,1280,508,decoder.layers.17.fc1.weight,"[5120,1280]",config+architecture,
models--Systran--faster-whisper-large-v3,510,decoder_prefill,17,decoder.layers.17.fc2,linear,,B*T_dec,1280,5120,509,decoder.layers.17.fc2.weight,"[1280,5120]",config+architecture,
models--Systran--faster-whisper-large-v3,511,decoder_prefill,18,decoder.layers.18.self_attn.q_proj,linear,,B*T_dec,1280,1280,510,decoder.layers.18.self_attn.q_proj.weight,"[1280,1280]",config+architecture,
models--Systran--faster-whisper-large-v3,512,decoder_prefill,18,decoder.layers.18.self_attn.k_proj,linear,,B*T_dec,1280,1280,510,decoder.layers.18.self_attn.k_proj.weight,"[1280,1280]",config+architecture,
models--Systran--faster-whisper-large-v3,513,decoder_prefill,18,decoder.layers.18.self_attn.v_proj,linear,,B*T_dec,1280,1280,510,decoder.layers.18.self_attn.v_proj.weight,"[1280,1280]",config+architecture,
models--Systran--faster-whisper-large-v3,514,decoder_prefill,18,decoder.layers.18.self_attn.qk,batched_matmul,B*heads,T_dec,T_dec,64,511;512,,,config+architecture,decode uses existing self-attention KV cache
models--Systran--faster-whisper-large-v3,515,decoder_prefill,18,decoder.layers.18.self_attn.pv,batched_matmul,B*heads,T_dec,64,T_dec,514;513,,,config+architecture,
models--Systran--faster-whisper-large-v3,516,decoder_prefill,18,decoder.layers.18.self_attn.out_proj,linear,,B*T_dec,1280,1280,515,decoder.layers.18.self_attn.out_proj.weight,"[1280,1280]",config+architecture,
models--Systran--faster-whisper-large-v3,517,decoder_prefill,18,decoder.layers.18.encoder_attn.q_proj,linear,,B*T_dec,1280,1280,516,decoder.layers.18.encoder_attn.q_proj.weight,"[1280,1280]",config+architecture,
models--Systran--faster-whisper-large-v3,518,decoder_prefill,18,decoder.layers.18.encoder_attn.k_proj,linear,,B*T_enc,1280,1280,258,decoder.layers.18.encoder_attn.k_proj.weight,"[1280,1280]",config+architecture,
models--Systran--faster-whisper-large-v3,519,decoder_prefill,18,decoder.layers.18.encoder_attn.v_proj,linear,,B*T_enc,1280,1280,258,decoder.layers.18.encoder_attn.v_proj.weight,"[1280,1280]",config+architecture,
models--Systran--faster-whisper-large-v3,520,decoder_prefill,18,decoder.layers.18.encoder_attn.qk,batched_matmul,B*heads,T_dec,T_enc,64,517;518,,,config+architecture,cross-attention K is cached during decode step
models--Systran--faster-whisper-large-v3,521,decoder_prefill,18,decoder.layers.18.encoder_attn.pv,batched_matmul,B*heads,T_dec,64,T_enc,520;519,,,config+architecture,cross-attention V is cached during decode step
models--Systran--faster-whisper-large-v3,522,decoder_prefill,18,decoder.layers.18.encoder_attn.out_proj,linear,,B*T_dec,1280,1280,521,decoder.layers.18.encoder_attn.out_proj.weight,"[1280,1280]",config+architecture,
models--Systran--faster-whisper-large-v3,523,decoder_prefill,18,decoder.layers.18.fc1,linear,,B*T_dec,5120,1280,522,decoder.layers.18.fc1.weight,"[5120,1280]",config+architecture,
models--Systran--faster-whisper-large-v3,524,decoder_prefill,18,decoder.layers.18.fc2,linear,,B*T_dec,1280,5120,523,decoder.layers.18.fc2.weight,"[1280,5120]",config+architecture,
models--Systran--faster-whisper-large-v3,525,decoder_prefill,19,decoder.layers.19.self_attn.q_proj,linear,,B*T_dec,1280,1280,524,decoder.layers.19.self_attn.q_proj.weight,"[1280,1280]",config+architecture,
models--Systran--faster-whisper-large-v3,526,decoder_prefill,19,decoder.layers.19.self_attn.k_proj,linear,,B*T_dec,1280,1280,524,decoder.layers.19.self_attn.k_proj.weight,"[1280,1280]",config+architecture,
models--Systran--faster-whisper-large-v3,527,decoder_prefill,19,decoder.layers.19.self_attn.v_proj,linear,,B*T_dec,1280,1280,524,decoder.layers.19.self_attn.v_proj.weight,"[1280,1280]",config+architecture,
models--Systran--faster-whisper-large-v3,528,decoder_prefill,19,decoder.layers.19.self_attn.qk,batched_matmul,B*heads,T_dec,T_dec,64,525;526,,,config+architecture,decode uses existing self-attention KV cache
models--Systran--faster-whisper-large-v3,529,decoder_prefill,19,decoder.layers.19.self_attn.pv,batched_matmul,B*heads,T_dec,64,T_dec,528;527,,,config+architecture,
models--Systran--faster-whisper-large-v3,530,decoder_prefill,19,decoder.layers.19.self_attn.out_proj,linear,,B*T_dec,1280,1280,529,decoder.layers.19.self_attn.out_proj.weight,"[1280,1280]",config+architecture,
models--Systran--faster-whisper-large-v3,531,decoder_prefill,19,decoder.layers.19.encoder_attn.q_proj,linear,,B*T_dec,1280,1280,530,decoder.layers.19.encoder_attn.q_proj.weight,"[1280,1280]",config+architecture,
models--Systran--faster-whisper-large-v3,532,decoder_prefill,19,decoder.layers.19.encoder_attn.k_proj,linear,,B*T_enc,1280,1280,258,decoder.layers.19.encoder_attn.k_proj.weight,"[1280,1280]",config+architecture,
models--Systran--faster-whisper-large-v3,533,decoder_prefill,19,decoder.layers.19.encoder_attn.v_proj,linear,,B*T_enc,1280,1280,258,decoder.layers.19.encoder_attn.v_proj.weight,"[1280,1280]",config+architecture,
models--Systran--faster-whisper-large-v3,534,decoder_prefill,19,decoder.layers.19.encoder_attn.qk,batched_matmul,B*heads,T_dec,T_enc,64,531;532,,,config+architecture,cross-attention K is cached during decode step
models--Systran--faster-whisper-large-v3,535,decoder_prefill,19,decoder.layers.19.encoder_attn.pv,batched_matmul,B*heads,T_dec,64,T_enc,534;533,,,config+architecture,cross-attention V is cached during decode step
models--Systran--faster-whisper-large-v3,536,decoder_prefill,19,decoder.layers.19.encoder_attn.out_proj,linear,,B*T_dec,1280,1280,535,decoder.layers.19.encoder_attn.out_proj.weight,"[1280,1280]",config+architecture,
models--Systran--faster-whisper-large-v3,537,decoder_prefill,19,decoder.layers.19.fc1,linear,,B*T_dec,5120,1280,536,decoder.layers.19.fc1.weight,"[5120,1280]",config+architecture,
models--Systran--faster-whisper-large-v3,538,decoder_prefill,19,decoder.layers.19.fc2,linear,,B*T_dec,1280,5120,537,decoder.layers.19.fc2.weight,"[1280,5120]",config+architecture,
models--Systran--faster-whisper-large-v3,539,decoder_prefill,20,decoder.layers.20.self_attn.q_proj,linear,,B*T_dec,1280,1280,538,decoder.layers.20.self_attn.q_proj.weight,"[1280,1280]",config+architecture,
models--Systran--faster-whisper-large-v3,540,decoder_prefill,20,decoder.layers.20.self_attn.k_proj,linear,,B*T_dec,1280,1280,538,decoder.layers.20.self_attn.k_proj.weight,"[1280,1280]",config+architecture,
models--Systran--faster-whisper-large-v3,541,decoder_prefill,20,decoder.layers.20.self_attn.v_proj,linear,,B*T_dec,1280,1280,538,decoder.layers.20.self_attn.v_proj.weight,"[1280,1280]",config+architecture,
models--Systran--faster-whisper-large-v3,542,decoder_prefill,20,decoder.layers.20.self_attn.qk,batched_matmul,B*heads,T_dec,T_dec,64,539;540,,,config+architecture,decode uses existing self-attention KV cache
models--Systran--faster-whisper-large-v3,543,decoder_prefill,20,decoder.layers.20.self_attn.pv,batched_matmul,B*heads,T_dec,64,T_dec,542;541,,,config+architecture,
models--Systran--faster-whisper-large-v3,544,decoder_prefill,20,decoder.layers.20.self_attn.out_proj,linear,,B*T_dec,1280,1280,543,decoder.layers.20.self_attn.out_proj.weight,"[1280,1280]",config+architecture,
models--Systran--faster-whisper-large-v3,545,decoder_prefill,20,decoder.layers.20.encoder_attn.q_proj,linear,,B*T_dec,1280,1280,544,decoder.layers.20.encoder_attn.q_proj.weight,"[1280,1280]",config+architecture,
models--Systran--faster-whisper-large-v3,546,decoder_prefill,20,decoder.layers.20.encoder_attn.k_proj,linear,,B*T_enc,1280,1280,258,decoder.layers.20.encoder_attn.k_proj.weight,"[1280,1280]",config+architecture,
models--Systran--faster-whisper-large-v3,547,decoder_prefill,20,decoder.layers.20.encoder_attn.v_proj,linear,,B*T_enc,1280,1280,258,decoder.layers.20.encoder_attn.v_proj.weight,"[1280,1280]",config+architecture,
models--Systran--faster-whisper-large-v3,548,decoder_prefill,20,decoder.layers.20.encoder_attn.qk,batched_matmul,B*heads,T_dec,T_enc,64,545;546,,,config+architecture,cross-attention K is cached during decode step
models--Systran--faster-whisper-large-v3,549,decoder_prefill,20,decoder.layers.20.encoder_attn.pv,batched_matmul,B*heads,T_dec,64,T_enc,548;547,,,config+architecture,cross-attention V is cached during decode step
models--Systran--faster-whisper-large-v3,550,decoder_prefill,20,decoder.layers.20.encoder_attn.out_proj,linear,,B*T_dec,1280,1280,549,decoder.layers.20.encoder_attn.out_proj.weight,"[1280,1280]",config+architecture,
models--Systran--faster-whisper-large-v3,551,decoder_prefill,20,decoder.layers.20.fc1,linear,,B*T_dec,5120,1280,550,decoder.layers.20.fc1.weight,"[5120,1280]",config+architecture,
models--Systran--faster-whisper-large-v3,552,decoder_prefill,20,decoder.layers.20.fc2,linear,,B*T_dec,1280,5120,551,decoder.layers.20.fc2.weight,"[1280,5120]",config+architecture,
models--Systran--faster-whisper-large-v3,553,decoder_prefill,21,decoder.layers.21.self_attn.q_proj,linear,,B*T_dec,1280,1280,552,decoder.layers.21.self_attn.q_proj.weight,"[1280,1280]",config+architecture,
models--Systran--faster-whisper-large-v3,554,decoder_prefill,21,decoder.layers.21.self_attn.k_proj,linear,,B*T_dec,1280,1280,552,decoder.layers.21.self_attn.k_proj.weight,"[1280,1280]",config+architecture,
models--Systran--faster-whisper-large-v3,555,decoder_prefill,21,decoder.layers.21.self_attn.v_proj,linear,,B*T_dec,1280,1280,552,decoder.layers.21.self_attn.v_proj.weight,"[1280,1280]",config+architecture,
models--Systran--faster-whisper-large-v3,556,decoder_prefill,21,decoder.layers.21.self_attn.qk,batched_matmul,B*heads,T_dec,T_dec,64,553;554,,,config+architecture,decode uses existing self-attention KV cache
models--Systran--faster-whisper-large-v3,557,decoder_prefill,21,decoder.layers.21.self_attn.pv,batched_matmul,B*heads,T_dec,64,T_dec,556;555,,,config+architecture,
models--Systran--faster-whisper-large-v3,558,decoder_prefill,21,decoder.layers.21.self_attn.out_proj,linear,,B*T_dec,1280,1280,557,decoder.layers.21.self_attn.out_proj.weight,"[1280,1280]",config+architecture,
models--Systran--faster-whisper-large-v3,559,decoder_prefill,21,decoder.layers.21.encoder_attn.q_proj,linear,,B*T_dec,1280,1280,558,decoder.layers.21.encoder_attn.q_proj.weight,"[1280,1280]",config+architecture,
models--Systran--faster-whisper-large-v3,560,decoder_prefill,21,decoder.layers.21.encoder_attn.k_proj,linear,,B*T_enc,1280,1280,258,decoder.layers.21.encoder_attn.k_proj.weight,"[1280,1280]",config+architecture,
models--Systran--faster-whisper-large-v3,561,decoder_prefill,21,decoder.layers.21.encoder_attn.v_proj,linear,,B*T_enc,1280,1280,258,decoder.layers.21.encoder_attn.v_proj.weight,"[1280,1280]",config+architecture,
models--Systran--faster-whisper-large-v3,562,decoder_prefill,21,decoder.layers.21.encoder_attn.qk,batched_matmul,B*heads,T_dec,T_enc,64,559;560,,,config+architecture,cross-attention K is cached during decode step
models--Systran--faster-whisper-large-v3,563,decoder_prefill,21,decoder.layers.21.encoder_attn.pv,batched_matmul,B*heads,T_dec,64,T_enc,562;561,,,config+architecture,cross-attention V is cached during decode step
models--Systran--faster-whisper-large-v3,564,decoder_prefill,21,decoder.layers.21.encoder_attn.out_proj,linear,,B*T_dec,1280,1280,563,decoder.layers.21.encoder_attn.out_proj.weight,"[1280,1280]",config+architecture,
models--Systran--faster-whisper-large-v3,565,decoder_prefill,21,decoder.layers.21.fc1,linear,,B*T_dec,5120,1280,564,decoder.layers.21.fc1.weight,"[5120,1280]",config+architecture,
models--Systran--faster-whisper-large-v3,566,decoder_prefill,21,decoder.layers.21.fc2,linear,,B*T_dec,1280,5120,565,decoder.layers.21.fc2.weight,"[1280,5120]",config+architecture,
models--Systran--faster-whisper-large-v3,567,decoder_prefill,22,decoder.layers.22.self_attn.q_proj,linear,,B*T_dec,1280,1280,566,decoder.layers.22.self_attn.q_proj.weight,"[1280,1280]",config+architecture,
models--Systran--faster-whisper-large-v3,568,decoder_prefill,22,decoder.layers.22.self_attn.k_proj,linear,,B*T_dec,1280,1280,566,decoder.layers.22.self_attn.k_proj.weight,"[1280,1280]",config+architecture,
models--Systran--faster-whisper-large-v3,569,decoder_prefill,22,decoder.layers.22.self_attn.v_proj,linear,,B*T_dec,1280,1280,566,decoder.layers.22.self_attn.v_proj.weight,"[1280,1280]",config+architecture,
models--Systran--faster-whisper-large-v3,570,decoder_prefill,22,decoder.layers.22.self_attn.qk,batched_matmul,B*heads,T_dec,T_dec,64,567;568,,,config+architecture,decode uses existing self-attention KV cache
models--Systran--faster-whisper-large-v3,571,decoder_prefill,22,decoder.layers.22.self_attn.pv,batched_matmul,B*heads,T_dec,64,T_dec,570;569,,,config+architecture,
models--Systran--faster-whisper-large-v3,572,decoder_prefill,22,decoder.layers.22.self_attn.out_proj,linear,,B*T_dec,1280,1280,571,decoder.layers.22.self_attn.out_proj.weight,"[1280,1280]",config+architecture,
models--Systran--faster-whisper-large-v3,573,decoder_prefill,22,decoder.layers.22.encoder_attn.q_proj,linear,,B*T_dec,1280,1280,572,decoder.layers.22.encoder_attn.q_proj.weight,"[1280,1280]",config+architecture,
models--Systran--faster-whisper-large-v3,574,decoder_prefill,22,decoder.layers.22.encoder_attn.k_proj,linear,,B*T_enc,1280,1280,258,decoder.layers.22.encoder_attn.k_proj.weight,"[1280,1280]",config+architecture,
models--Systran--faster-whisper-large-v3,575,decoder_prefill,22,decoder.layers.22.encoder_attn.v_proj,linear,,B*T_enc,1280,1280,258,decoder.layers.22.encoder_attn.v_proj.weight,"[1280,1280]",config+architecture,
models--Systran--faster-whisper-large-v3,576,decoder_prefill,22,decoder.layers.22.encoder_attn.qk,batched_matmul,B*heads,T_dec,T_enc,64,573;574,,,config+architecture,cross-attention K is cached during decode step
models--Systran--faster-whisper-large-v3,577,decoder_prefill,22,decoder.layers.22.encoder_attn.pv,batched_matmul,B*heads,T_dec,64,T_enc,576;575,,,config+architecture,cross-attention V is cached during decode step
models--Systran--faster-whisper-large-v3,578,decoder_prefill,22,decoder.layers.22.encoder_attn.out_proj,linear,,B*T_dec,1280,1280,577,decoder.layers.22.encoder_attn.out_proj.weight,"[1280,1280]",config+architecture,
models--Systran--faster-whisper-large-v3,579,decoder_prefill,22,decoder.layers.22.fc1,linear,,B*T_dec,5120,1280,578,decoder.layers.22.fc1.weight,"[5120,1280]",config+architecture,
models--Systran--faster-whisper-large-v3,580,decoder_prefill,22,decoder.layers.22.fc2,linear,,B*T_dec,1280,5120,579,decoder.layers.22.fc2.weight,"[1280,5120]",config+architecture,
models--Systran--faster-whisper-large-v3,581,decoder_prefill,23,decoder.layers.23.self_attn.q_proj,linear,,B*T_dec,1280,1280,580,decoder.layers.23.self_attn.q_proj.weight,"[1280,1280]",config+architecture,
models--Systran--faster-whisper-large-v3,582,decoder_prefill,23,decoder.layers.23.self_attn.k_proj,linear,,B*T_dec,1280,1280,580,decoder.layers.23.self_attn.k_proj.weight,"[1280,1280]",config+architecture,
models--Systran--faster-whisper-large-v3,583,decoder_prefill,23,decoder.layers.23.self_attn.v_proj,linear,,B*T_dec,1280,1280,580,decoder.layers.23.self_attn.v_proj.weight,"[1280,1280]",config+architecture,
models--Systran--faster-whisper-large-v3,584,decoder_prefill,23,decoder.layers.23.self_attn.qk,batched_matmul,B*heads,T_dec,T_dec,64,581;582,,,config+architecture,decode uses existing self-attention KV cache
models--Systran--faster-whisper-large-v3,585,decoder_prefill,23,decoder.layers.23.self_attn.pv,batched_matmul,B*heads,T_dec,64,T_dec,584;583,,,config+architecture,
models--Systran--faster-whisper-large-v3,586,decoder_prefill,23,decoder.layers.23.self_attn.out_proj,linear,,B*T_dec,1280,1280,585,decoder.layers.23.self_attn.out_proj.weight,"[1280,1280]",config+architecture,
models--Systran--faster-whisper-large-v3,587,decoder_prefill,23,decoder.layers.23.encoder_attn.q_proj,linear,,B*T_dec,1280,1280,586,decoder.layers.23.encoder_attn.q_proj.weight,"[1280,1280]",config+architecture,
models--Systran--faster-whisper-large-v3,588,decoder_prefill,23,decoder.layers.23.encoder_attn.k_proj,linear,,B*T_enc,1280,1280,258,decoder.layers.23.encoder_attn.k_proj.weight,"[1280,1280]",config+architecture,
models--Systran--faster-whisper-large-v3,589,decoder_prefill,23,decoder.layers.23.encoder_attn.v_proj,linear,,B*T_enc,1280,1280,258,decoder.layers.23.encoder_attn.v_proj.weight,"[1280,1280]",config+architecture,
models--Systran--faster-whisper-large-v3,590,decoder_prefill,23,decoder.layers.23.encoder_attn.qk,batched_matmul,B*heads,T_dec,T_enc,64,587;588,,,config+architecture,cross-attention K is cached during decode step
models--Systran--faster-whisper-large-v3,591,decoder_prefill,23,decoder.layers.23.encoder_attn.pv,batched_matmul,B*heads,T_dec,64,T_enc,590;589,,,config+architecture,cross-attention V is cached during decode step
models--Systran--faster-whisper-large-v3,592,decoder_prefill,23,decoder.layers.23.encoder_attn.out_proj,linear,,B*T_dec,1280,1280,591,decoder.layers.23.encoder_attn.out_proj.weight,"[1280,1280]",config+architecture,
models--Systran--faster-whisper-large-v3,593,decoder_prefill,23,decoder.layers.23.fc1,linear,,B*T_dec,5120,1280,592,decoder.layers.23.fc1.weight,"[5120,1280]",config+architecture,
models--Systran--faster-whisper-large-v3,594,decoder_prefill,23,decoder.layers.23.fc2,linear,,B*T_dec,1280,5120,593,decoder.layers.23.fc2.weight,"[1280,5120]",config+architecture,
models--Systran--faster-whisper-large-v3,595,decoder_prefill,24,decoder.layers.24.self_attn.q_proj,linear,,B*T_dec,1280,1280,594,decoder.layers.24.self_attn.q_proj.weight,"[1280,1280]",config+architecture,
models--Systran--faster-whisper-large-v3,596,decoder_prefill,24,decoder.layers.24.self_attn.k_proj,linear,,B*T_dec,1280,1280,594,decoder.layers.24.self_attn.k_proj.weight,"[1280,1280]",config+architecture,
models--Systran--faster-whisper-large-v3,597,decoder_prefill,24,decoder.layers.24.self_attn.v_proj,linear,,B*T_dec,1280,1280,594,decoder.layers.24.self_attn.v_proj.weight,"[1280,1280]",config+architecture,
models--Systran--faster-whisper-large-v3,598,decoder_prefill,24,decoder.layers.24.self_attn.qk,batched_matmul,B*heads,T_dec,T_dec,64,595;596,,,config+architecture,decode uses existing self-attention KV cache
models--Systran--faster-whisper-large-v3,599,decoder_prefill,24,decoder.layers.24.self_attn.pv,batched_matmul,B*heads,T_dec,64,T_dec,598;597,,,config+architecture,
models--Systran--faster-whisper-large-v3,600,decoder_prefill,24,decoder.layers.24.self_attn.out_proj,linear,,B*T_dec,1280,1280,599,decoder.layers.24.self_attn.out_proj.weight,"[1280,1280]",config+architecture,
models--Systran--faster-whisper-large-v3,601,decoder_prefill,24,decoder.layers.24.encoder_attn.q_proj,linear,,B*T_dec,1280,1280,600,decoder.layers.24.encoder_attn.q_proj.weight,"[1280,1280]",config+architecture,
models--Systran--faster-whisper-large-v3,602,decoder_prefill,24,decoder.layers.24.encoder_attn.k_proj,linear,,B*T_enc,1280,1280,258,decoder.layers.24.encoder_attn.k_proj.weight,"[1280,1280]",config+architecture,
models--Systran--faster-whisper-large-v3,603,decoder_prefill,24,decoder.layers.24.encoder_attn.v_proj,linear,,B*T_enc,1280,1280,258,decoder.layers.24.encoder_attn.v_proj.weight,"[1280,1280]",config+architecture,
models--Systran--faster-whisper-large-v3,604,decoder_prefill,24,decoder.layers.24.encoder_attn.qk,batched_matmul,B*heads,T_dec,T_enc,64,601;602,,,config+architecture,cross-attention K is cached during decode step
models--Systran--faster-whisper-large-v3,605,decoder_prefill,24,decoder.layers.24.encoder_attn.pv,batched_matmul,B*heads,T_dec,64,T_enc,604;603,,,config+architecture,cross-attention V is cached during decode step
models--Systran--faster-whisper-large-v3,606,decoder_prefill,24,decoder.layers.24.encoder_attn.out_proj,linear,,B*T_dec,1280,1280,605,decoder.layers.24.encoder_attn.out_proj.weight,"[1280,1280]",config+architecture,
models--Systran--faster-whisper-large-v3,607,decoder_prefill,24,decoder.layers.24.fc1,linear,,B*T_dec,5120,1280,606,decoder.layers.24.fc1.weight,"[5120,1280]",config+architecture,
models--Systran--faster-whisper-large-v3,608,decoder_prefill,24,decoder.layers.24.fc2,linear,,B*T_dec,1280,5120,607,decoder.layers.24.fc2.weight,"[1280,5120]",config+architecture,
models--Systran--faster-whisper-large-v3,609,decoder_prefill,25,decoder.layers.25.self_attn.q_proj,linear,,B*T_dec,1280,1280,608,decoder.layers.25.self_attn.q_proj.weight,"[1280,1280]",config+architecture,
models--Systran--faster-whisper-large-v3,610,decoder_prefill,25,decoder.layers.25.self_attn.k_proj,linear,,B*T_dec,1280,1280,608,decoder.layers.25.self_attn.k_proj.weight,"[1280,1280]",config+architecture,
models--Systran--faster-whisper-large-v3,611,decoder_prefill,25,decoder.layers.25.self_attn.v_proj,linear,,B*T_dec,1280,1280,608,decoder.layers.25.self_attn.v_proj.weight,"[1280,1280]",config+architecture,
models--Systran--faster-whisper-large-v3,612,decoder_prefill,25,decoder.layers.25.self_attn.qk,batched_matmul,B*heads,T_dec,T_dec,64,609;610,,,config+architecture,decode uses existing self-attention KV cache
models--Systran--faster-whisper-large-v3,613,decoder_prefill,25,decoder.layers.25.self_attn.pv,batched_matmul,B*heads,T_dec,64,T_dec,612;611,,,config+architecture,
models--Systran--faster-whisper-large-v3,614,decoder_prefill,25,decoder.layers.25.self_attn.out_proj,linear,,B*T_dec,1280,1280,613,decoder.layers.25.self_attn.out_proj.weight,"[1280,1280]",config+architecture,
models--Systran--faster-whisper-large-v3,615,decoder_prefill,25,decoder.layers.25.encoder_attn.q_proj,linear,,B*T_dec,1280,1280,614,decoder.layers.25.encoder_attn.q_proj.weight,"[1280,1280]",config+architecture,
models--Systran--faster-whisper-large-v3,616,decoder_prefill,25,decoder.layers.25.encoder_attn.k_proj,linear,,B*T_enc,1280,1280,258,decoder.layers.25.encoder_attn.k_proj.weight,"[1280,1280]",config+architecture,
models--Systran--faster-whisper-large-v3,617,decoder_prefill,25,decoder.layers.25.encoder_attn.v_proj,linear,,B*T_enc,1280,1280,258,decoder.layers.25.encoder_attn.v_proj.weight,"[1280,1280]",config+architecture,
models--Systran--faster-whisper-large-v3,618,decoder_prefill,25,decoder.layers.25.encoder_attn.qk,batched_matmul,B*heads,T_dec,T_enc,64,615;616,,,config+architecture,cross-attention K is cached during decode step
models--Systran--faster-whisper-large-v3,619,decoder_prefill,25,decoder.layers.25.encoder_attn.pv,batched_matmul,B*heads,T_dec,64,T_enc,618;617,,,config+architecture,cross-attention V is cached during decode step
models--Systran--faster-whisper-large-v3,620,decoder_prefill,25,decoder.layers.25.encoder_attn.out_proj,linear,,B*T_dec,1280,1280,619,decoder.layers.25.encoder_attn.out_proj.weight,"[1280,1280]",config+architecture,
models--Systran--faster-whisper-large-v3,621,decoder_prefill,25,decoder.layers.25.fc1,linear,,B*T_dec,5120,1280,620,decoder.layers.25.fc1.weight,"[5120,1280]",config+architecture,
models--Systran--faster-whisper-large-v3,622,decoder_prefill,25,decoder.layers.25.fc2,linear,,B*T_dec,1280,5120,621,decoder.layers.25.fc2.weight,"[1280,5120]",config+architecture,
models--Systran--faster-whisper-large-v3,623,decoder_prefill,26,decoder.layers.26.self_attn.q_proj,linear,,B*T_dec,1280,1280,622,decoder.layers.26.self_attn.q_proj.weight,"[1280,1280]",config+architecture,
models--Systran--faster-whisper-large-v3,624,decoder_prefill,26,decoder.layers.26.self_attn.k_proj,linear,,B*T_dec,1280,1280,622,decoder.layers.26.self_attn.k_proj.weight,"[1280,1280]",config+architecture,
models--Systran--faster-whisper-large-v3,625,decoder_prefill,26,decoder.layers.26.self_attn.v_proj,linear,,B*T_dec,1280,1280,622,decoder.layers.26.self_attn.v_proj.weight,"[1280,1280]",config+architecture,
models--Systran--faster-whisper-large-v3,626,decoder_prefill,26,decoder.layers.26.self_attn.qk,batched_matmul,B*heads,T_dec,T_dec,64,623;624,,,config+architecture,decode uses existing self-attention KV cache
models--Systran--faster-whisper-large-v3,627,decoder_prefill,26,decoder.layers.26.self_attn.pv,batched_matmul,B*heads,T_dec,64,T_dec,626;625,,,config+architecture,
models--Systran--faster-whisper-large-v3,628,decoder_prefill,26,decoder.layers.26.self_attn.out_proj,linear,,B*T_dec,1280,1280,627,decoder.layers.26.self_attn.out_proj.weight,"[1280,1280]",config+architecture,
models--Systran--faster-whisper-large-v3,629,decoder_prefill,26,decoder.layers.26.encoder_attn.q_proj,linear,,B*T_dec,1280,1280,628,decoder.layers.26.encoder_attn.q_proj.weight,"[1280,1280]",config+architecture,
models--Systran--faster-whisper-large-v3,630,decoder_prefill,26,decoder.layers.26.encoder_attn.k_proj,linear,,B*T_enc,1280,1280,258,decoder.layers.26.encoder_attn.k_proj.weight,"[1280,1280]",config+architecture,
models--Systran--faster-whisper-large-v3,631,decoder_prefill,26,decoder.layers.26.encoder_attn.v_proj,linear,,B*T_enc,1280,1280,258,decoder.layers.26.encoder_attn.v_proj.weight,"[1280,1280]",config+architecture,
models--Systran--faster-whisper-large-v3,632,decoder_prefill,26,decoder.layers.26.encoder_attn.qk,batched_matmul,B*heads,T_dec,T_enc,64,629;630,,,config+architecture,cross-attention K is cached during decode step
models--Systran--faster-whisper-large-v3,633,decoder_prefill,26,decoder.layers.26.encoder_attn.pv,batched_matmul,B*heads,T_dec,64,T_enc,632;631,,,config+architecture,cross-attention V is cached during decode step
models--Systran--faster-whisper-large-v3,634,decoder_prefill,26,decoder.layers.26.encoder_attn.out_proj,linear,,B*T_dec,1280,1280,633,decoder.layers.26.encoder_attn.out_proj.weight,"[1280,1280]",config+architecture,
models--Systran--faster-whisper-large-v3,635,decoder_prefill,26,decoder.layers.26.fc1,linear,,B*T_dec,5120,1280,634,decoder.layers.26.fc1.weight,"[5120,1280]",config+architecture,
models--Systran--faster-whisper-large-v3,636,decoder_prefill,26,decoder.layers.26.fc2,linear,,B*T_dec,1280,5120,635,decoder.layers.26.fc2.weight,"[1280,5120]",config+architecture,
models--Systran--faster-whisper-large-v3,637,decoder_prefill,27,decoder.layers.27.self_attn.q_proj,linear,,B*T_dec,1280,1280,636,decoder.layers.27.self_attn.q_proj.weight,"[1280,1280]",config+architecture,
models--Systran--faster-whisper-large-v3,638,decoder_prefill,27,decoder.layers.27.self_attn.k_proj,linear,,B*T_dec,1280,1280,636,decoder.layers.27.self_attn.k_proj.weight,"[1280,1280]",config+architecture,
models--Systran--faster-whisper-large-v3,639,decoder_prefill,27,decoder.layers.27.self_attn.v_proj,linear,,B*T_dec,1280,1280,636,decoder.layers.27.self_attn.v_proj.weight,"[1280,1280]",config+architecture,
models--Systran--faster-whisper-large-v3,640,decoder_prefill,27,decoder.layers.27.self_attn.qk,batched_matmul,B*heads,T_dec,T_dec,64,637;638,,,config+architecture,decode uses existing self-attention KV cache
models--Systran--faster-whisper-large-v3,641,decoder_prefill,27,decoder.layers.27.self_attn.pv,batched_matmul,B*heads,T_dec,64,T_dec,640;639,,,config+architecture,
models--Systran--faster-whisper-large-v3,642,decoder_prefill,27,decoder.layers.27.self_attn.out_proj,linear,,B*T_dec,1280,1280,641,decoder.layers.27.self_attn.out_proj.weight,"[1280,1280]",config+architecture,
models--Systran--faster-whisper-large-v3,643,decoder_prefill,27,decoder.layers.27.encoder_attn.q_proj,linear,,B*T_dec,1280,1280,642,decoder.layers.27.encoder_attn.q_proj.weight,"[1280,1280]",config+architecture,
models--Systran--faster-whisper-large-v3,644,decoder_prefill,27,decoder.layers.27.encoder_attn.k_proj,linear,,B*T_enc,1280,1280,258,decoder.layers.27.encoder_attn.k_proj.weight,"[1280,1280]",config+architecture,
models--Systran--faster-whisper-large-v3,645,decoder_prefill,27,decoder.layers.27.encoder_attn.v_proj,linear,,B*T_enc,1280,1280,258,decoder.layers.27.encoder_attn.v_proj.weight,"[1280,1280]",config+architecture,
models--Systran--faster-whisper-large-v3,646,decoder_prefill,27,decoder.layers.27.encoder_attn.qk,batched_matmul,B*heads,T_dec,T_enc,64,643;644,,,config+architecture,cross-attention K is cached during decode step
models--Systran--faster-whisper-large-v3,647,decoder_prefill,27,decoder.layers.27.encoder_attn.pv,batched_matmul,B*heads,T_dec,64,T_enc,646;645,,,config+architecture,cross-attention V is cached during decode step
models--Systran--faster-whisper-large-v3,648,decoder_prefill,27,decoder.layers.27.encoder_attn.out_proj,linear,,B*T_dec,1280,1280,647,decoder.layers.27.encoder_attn.out_proj.weight,"[1280,1280]",config+architecture,
models--Systran--faster-whisper-large-v3,649,decoder_prefill,27,decoder.layers.27.fc1,linear,,B*T_dec,5120,1280,648,decoder.layers.27.fc1.weight,"[5120,1280]",config+architecture,
models--Systran--faster-whisper-large-v3,650,decoder_prefill,27,decoder.layers.27.fc2,linear,,B*T_dec,1280,5120,649,decoder.layers.27.fc2.weight,"[1280,5120]",config+architecture,
models--Systran--faster-whisper-large-v3,651,decoder_prefill,28,decoder.layers.28.self_attn.q_proj,linear,,B*T_dec,1280,1280,650,decoder.layers.28.self_attn.q_proj.weight,"[1280,1280]",config+architecture,
models--Systran--faster-whisper-large-v3,652,decoder_prefill,28,decoder.layers.28.self_attn.k_proj,linear,,B*T_dec,1280,1280,650,decoder.layers.28.self_attn.k_proj.weight,"[1280,1280]",config+architecture,
models--Systran--faster-whisper-large-v3,653,decoder_prefill,28,decoder.layers.28.self_attn.v_proj,linear,,B*T_dec,1280,1280,650,decoder.layers.28.self_attn.v_proj.weight,"[1280,1280]",config+architecture,
models--Systran--faster-whisper-large-v3,654,decoder_prefill,28,decoder.layers.28.self_attn.qk,batched_matmul,B*heads,T_dec,T_dec,64,651;652,,,config+architecture,decode uses existing self-attention KV cache
models--Systran--faster-whisper-large-v3,655,decoder_prefill,28,decoder.layers.28.self_attn.pv,batched_matmul,B*heads,T_dec,64,T_dec,654;653,,,config+architecture,
models--Systran--faster-whisper-large-v3,656,decoder_prefill,28,decoder.layers.28.self_attn.out_proj,linear,,B*T_dec,1280,1280,655,decoder.layers.28.self_attn.out_proj.weight,"[1280,1280]",config+architecture,
models--Systran--faster-whisper-large-v3,657,decoder_prefill,28,decoder.layers.28.encoder_attn.q_proj,linear,,B*T_dec,1280,1280,656,decoder.layers.28.encoder_attn.q_proj.weight,"[1280,1280]",config+architecture,
models--Systran--faster-whisper-large-v3,658,decoder_prefill,28,decoder.layers.28.encoder_attn.k_proj,linear,,B*T_enc,1280,1280,258,decoder.layers.28.encoder_attn.k_proj.weight,"[1280,1280]",config+architecture,
models--Systran--faster-whisper-large-v3,659,decoder_prefill,28,decoder.layers.28.encoder_attn.v_proj,linear,,B*T_enc,1280,1280,258,decoder.layers.28.encoder_attn.v_proj.weight,"[1280,1280]",config+architecture,
models--Systran--faster-whisper-large-v3,660,decoder_prefill,28,decoder.layers.28.encoder_attn.qk,batched_matmul,B*heads,T_dec,T_enc,64,657;658,,,config+architecture,cross-attention K is cached during decode step
models--Systran--faster-whisper-large-v3,661,decoder_prefill,28,decoder.layers.28.encoder_attn.pv,batched_matmul,B*heads,T_dec,64,T_enc,660;659,,,config+architecture,cross-attention V is cached during decode step
models--Systran--faster-whisper-large-v3,662,decoder_prefill,28,decoder.layers.28.encoder_attn.out_proj,linear,,B*T_dec,1280,1280,661,decoder.layers.28.encoder_attn.out_proj.weight,"[1280,1280]",config+architecture,
models--Systran--faster-whisper-large-v3,663,decoder_prefill,28,decoder.layers.28.fc1,linear,,B*T_dec,5120,1280,662,decoder.layers.28.fc1.weight,"[5120,1280]",config+architecture,
models--Systran--faster-whisper-large-v3,664,decoder_prefill,28,decoder.layers.28.fc2,linear,,B*T_dec,1280,5120,663,decoder.layers.28.fc2.weight,"[1280,5120]",config+architecture,
models--Systran--faster-whisper-large-v3,665,decoder_prefill,29,decoder.layers.29.self_attn.q_proj,linear,,B*T_dec,1280,1280,664,decoder.layers.29.self_attn.q_proj.weight,"[1280,1280]",config+architecture,
models--Systran--faster-whisper-large-v3,666,decoder_prefill,29,decoder.layers.29.self_attn.k_proj,linear,,B*T_dec,1280,1280,664,decoder.layers.29.self_attn.k_proj.weight,"[1280,1280]",config+architecture,
models--Systran--faster-whisper-large-v3,667,decoder_prefill,29,decoder.layers.29.self_attn.v_proj,linear,,B*T_dec,1280,1280,664,decoder.layers.29.self_attn.v_proj.weight,"[1280,1280]",config+architecture,
models--Systran--faster-whisper-large-v3,668,decoder_prefill,29,decoder.layers.29.self_attn.qk,batched_matmul,B*heads,T_dec,T_dec,64,665;666,,,config+architecture,decode uses existing self-attention KV cache
models--Systran--faster-whisper-large-v3,669,decoder_prefill,29,decoder.layers.29.self_attn.pv,batched_matmul,B*heads,T_dec,64,T_dec,668;667,,,config+architecture,
models--Systran--faster-whisper-large-v3,670,decoder_prefill,29,decoder.layers.29.self_attn.out_proj,linear,,B*T_dec,1280,1280,669,decoder.layers.29.self_attn.out_proj.weight,"[1280,1280]",config+architecture,
models--Systran--faster-whisper-large-v3,671,decoder_prefill,29,decoder.layers.29.encoder_attn.q_proj,linear,,B*T_dec,1280,1280,670,decoder.layers.29.encoder_attn.q_proj.weight,"[1280,1280]",config+architecture,
models--Systran--faster-whisper-large-v3,672,decoder_prefill,29,decoder.layers.29.encoder_attn.k_proj,linear,,B*T_enc,1280,1280,258,decoder.layers.29.encoder_attn.k_proj.weight,"[1280,1280]",config+architecture,
models--Systran--faster-whisper-large-v3,673,decoder_prefill,29,decoder.layers.29.encoder_attn.v_proj,linear,,B*T_enc,1280,1280,258,decoder.layers.29.encoder_attn.v_proj.weight,"[1280,1280]",config+architecture,
models--Systran--faster-whisper-large-v3,674,decoder_prefill,29,decoder.layers.29.encoder_attn.qk,batched_matmul,B*heads,T_dec,T_enc,64,671;672,,,config+architecture,cross-attention K is cached during decode step
models--Systran--faster-whisper-large-v3,675,decoder_prefill,29,decoder.layers.29.encoder_attn.pv,batched_matmul,B*heads,T_dec,64,T_enc,674;673,,,config+architecture,cross-attention V is cached during decode step
models--Systran--faster-whisper-large-v3,676,decoder_prefill,29,decoder.layers.29.encoder_attn.out_proj,linear,,B*T_dec,1280,1280,675,decoder.layers.29.encoder_attn.out_proj.weight,"[1280,1280]",config+architecture,
models--Systran--faster-whisper-large-v3,677,decoder_prefill,29,decoder.layers.29.fc1,linear,,B*T_dec,5120,1280,676,decoder.layers.29.fc1.weight,"[5120,1280]",config+architecture,
models--Systran--faster-whisper-large-v3,678,decoder_prefill,29,decoder.layers.29.fc2,linear,,B*T_dec,1280,5120,677,decoder.layers.29.fc2.weight,"[1280,5120]",config+architecture,
models--Systran--faster-whisper-large-v3,679,decoder_prefill,30,decoder.layers.30.self_attn.q_proj,linear,,B*T_dec,1280,1280,678,decoder.layers.30.self_attn.q_proj.weight,"[1280,1280]",config+architecture,
models--Systran--faster-whisper-large-v3,680,decoder_prefill,30,decoder.layers.30.self_attn.k_proj,linear,,B*T_dec,1280,1280,678,decoder.layers.30.self_attn.k_proj.weight,"[1280,1280]",config+architecture,
models--Systran--faster-whisper-large-v3,681,decoder_prefill,30,decoder.layers.30.self_attn.v_proj,linear,,B*T_dec,1280,1280,678,decoder.layers.30.self_attn.v_proj.weight,"[1280,1280]",config+architecture,
models--Systran--faster-whisper-large-v3,682,decoder_prefill,30,decoder.layers.30.self_attn.qk,batched_matmul,B*heads,T_dec,T_dec,64,679;680,,,config+architecture,decode uses existing self-attention KV cache
models--Systran--faster-whisper-large-v3,683,decoder_prefill,30,decoder.layers.30.self_attn.pv,batched_matmul,B*heads,T_dec,64,T_dec,682;681,,,config+architecture,
models--Systran--faster-whisper-large-v3,684,decoder_prefill,30,decoder.layers.30.self_attn.out_proj,linear,,B*T_dec,1280,1280,683,decoder.layers.30.self_attn.out_proj.weight,"[1280,1280]",config+architecture,
models--Systran--faster-whisper-large-v3,685,decoder_prefill,30,decoder.layers.30.encoder_attn.q_proj,linear,,B*T_dec,1280,1280,684,decoder.layers.30.encoder_attn.q_proj.weight,"[1280,1280]",config+architecture,
models--Systran--faster-whisper-large-v3,686,decoder_prefill,30,decoder.layers.30.encoder_attn.k_proj,linear,,B*T_enc,1280,1280,258,decoder.layers.30.encoder_attn.k_proj.weight,"[1280,1280]",config+architecture,
models--Systran--faster-whisper-large-v3,687,decoder_prefill,30,decoder.layers.30.encoder_attn.v_proj,linear,,B*T_enc,1280,1280,258,decoder.layers.30.encoder_attn.v_proj.weight,"[1280,1280]",config+architecture,
models--Systran--faster-whisper-large-v3,688,decoder_prefill,30,decoder.layers.30.encoder_attn.qk,batched_matmul,B*heads,T_dec,T_enc,64,685;686,,,config+architecture,cross-attention K is cached during decode step
models--Systran--faster-whisper-large-v3,689,decoder_prefill,30,decoder.layers.30.encoder_attn.pv,batched_matmul,B*heads,T_dec,64,T_enc,688;687,,,config+architecture,cross-attention V is cached during decode step
models--Systran--faster-whisper-large-v3,690,decoder_prefill,30,decoder.layers.30.encoder_attn.out_proj,linear,,B*T_dec,1280,1280,689,decoder.layers.30.encoder_attn.out_proj.weight,"[1280,1280]",config+architecture,
models--Systran--faster-whisper-large-v3,691,decoder_prefill,30,decoder.layers.30.fc1,linear,,B*T_dec,5120,1280,690,decoder.layers.30.fc1.weight,"[5120,1280]",config+architecture,
models--Systran--faster-whisper-large-v3,692,decoder_prefill,30,decoder.layers.30.fc2,linear,,B*T_dec,1280,5120,691,decoder.layers.30.fc2.weight,"[1280,5120]",config+architecture,
models--Systran--faster-whisper-large-v3,693,decoder_prefill,31,decoder.layers.31.self_attn.q_proj,linear,,B*T_dec,1280,1280,692,decoder.layers.31.self_attn.q_proj.weight,"[1280,1280]",config+architecture,
models--Systran--faster-whisper-large-v3,694,decoder_prefill,31,decoder.layers.31.self_attn.k_proj,linear,,B*T_dec,1280,1280,692,decoder.layers.31.self_attn.k_proj.weight,"[1280,1280]",config+architecture,
models--Systran--faster-whisper-large-v3,695,decoder_prefill,31,decoder.layers.31.self_attn.v_proj,linear,,B*T_dec,1280,1280,692,decoder.layers.31.self_attn.v_proj.weight,"[1280,1280]",config+architecture,
models--Systran--faster-whisper-large-v3,696,decoder_prefill,31,decoder.layers.31.self_attn.qk,batched_matmul,B*heads,T_dec,T_dec,64,693;694,,,config+architecture,decode uses existing self-attention KV cache
models--Systran--faster-whisper-large-v3,697,decoder_prefill,31,decoder.layers.31.self_attn.pv,batched_matmul,B*heads,T_dec,64,T_dec,696;695,,,config+architecture,
models--Systran--faster-whisper-large-v3,698,decoder_prefill,31,decoder.layers.31.self_attn.out_proj,linear,,B*T_dec,1280,1280,697,decoder.layers.31.self_attn.out_proj.weight,"[1280,1280]",config+architecture,
models--Systran--faster-whisper-large-v3,699,decoder_prefill,31,decoder.layers.31.encoder_attn.q_proj,linear,,B*T_dec,1280,1280,698,decoder.layers.31.encoder_attn.q_proj.weight,"[1280,1280]",config+architecture,
models--Systran--faster-whisper-large-v3,700,decoder_prefill,31,decoder.layers.31.encoder_attn.k_proj,linear,,B*T_enc,1280,1280,258,decoder.layers.31.encoder_attn.k_proj.weight,"[1280,1280]",config+architecture,
models--Systran--faster-whisper-large-v3,701,decoder_prefill,31,decoder.layers.31.encoder_attn.v_proj,linear,,B*T_enc,1280,1280,258,decoder.layers.31.encoder_attn.v_proj.weight,"[1280,1280]",config+architecture,
models--Systran--faster-whisper-large-v3,702,decoder_prefill,31,decoder.layers.31.encoder_attn.qk,batched_matmul,B*heads,T_dec,T_enc,64,699;700,,,config+architecture,cross-attention K is cached during decode step
models--Systran--faster-whisper-large-v3,703,decoder_prefill,31,decoder.layers.31.encoder_attn.pv,batched_matmul,B*heads,T_dec,64,T_enc,702;701,,,config+architecture,cross-attention V is cached during decode step
models--Systran--faster-whisper-large-v3,704,decoder_prefill,31,decoder.layers.31.encoder_attn.out_proj,linear,,B*T_dec,1280,1280,703,decoder.layers.31.encoder_attn.out_proj.weight,"[1280,1280]",config+architecture,
models--Systran--faster-whisper-large-v3,705,decoder_prefill,31,decoder.layers.31.fc1,linear,,B*T_dec,5120,1280,704,decoder.layers.31.fc1.weight,"[5120,1280]",config+architecture,
models--Systran--faster-whisper-large-v3,706,decoder_prefill,31,decoder.layers.31.fc2,linear,,B*T_dec,1280,5120,705,decoder.layers.31.fc2.weight,"[1280,5120]",config+architecture,
models--Systran--faster-whisper-large-v3,707,decoder_prefill,output,proj_out,linear,,B*T_dec,51866,1280,706,proj_out.weight/tied decoder embed_tokens,"[51866,1280]",config+architecture,
models--Systran--faster-whisper-large-v3,708,decoder_decode_step,0,decoder.layers.0.self_attn.q_proj,linear,,B,1280,1280,,decoder.layers.0.self_attn.q_proj.weight,"[1280,1280]",config+architecture,
models--Systran--faster-whisper-large-v3,709,decoder_decode_step,0,decoder.layers.0.self_attn.k_proj,linear,,B,1280,1280,,decoder.layers.0.self_attn.k_proj.weight,"[1280,1280]",config+architecture,
models--Systran--faster-whisper-large-v3,710,decoder_decode_step,0,decoder.layers.0.self_attn.v_proj,linear,,B,1280,1280,,decoder.layers.0.self_attn.v_proj.weight,"[1280,1280]",config+architecture,
models--Systran--faster-whisper-large-v3,711,decoder_decode_step,0,decoder.layers.0.self_attn.qk,batched_matmul,B*heads,1,KV_dec,64,708;709,,,config+architecture,decode uses existing self-attention KV cache
models--Systran--faster-whisper-large-v3,712,decoder_decode_step,0,decoder.layers.0.self_attn.pv,batched_matmul,B*heads,1,64,KV_dec,711;710,,,config+architecture,
models--Systran--faster-whisper-large-v3,713,decoder_decode_step,0,decoder.layers.0.self_attn.out_proj,linear,,B,1280,1280,712,decoder.layers.0.self_attn.out_proj.weight,"[1280,1280]",config+architecture,
models--Systran--faster-whisper-large-v3,714,decoder_decode_step,0,decoder.layers.0.encoder_attn.q_proj,linear,,B,1280,1280,713,decoder.layers.0.encoder_attn.q_proj.weight,"[1280,1280]",config+architecture,
models--Systran--faster-whisper-large-v3,715,decoder_decode_step,0,decoder.layers.0.encoder_attn.qk,batched_matmul,B*heads,1,T_enc,64,714,,,config+architecture,cross-attention K is cached during decode step
models--Systran--faster-whisper-large-v3,716,decoder_decode_step,0,decoder.layers.0.encoder_attn.pv,batched_matmul,B*heads,1,64,T_enc,715,,,config+architecture,cross-attention V is cached during decode step
models--Systran--faster-whisper-large-v3,717,decoder_decode_step,0,decoder.layers.0.encoder_attn.out_proj,linear,,B,1280,1280,716,decoder.layers.0.encoder_attn.out_proj.weight,"[1280,1280]",config+architecture,
models--Systran--faster-whisper-large-v3,718,decoder_decode_step,0,decoder.layers.0.fc1,linear,,B,5120,1280,717,decoder.layers.0.fc1.weight,"[5120,1280]",config+architecture,
models--Systran--faster-whisper-large-v3,719,decoder_decode_step,0,decoder.layers.0.fc2,linear,,B,1280,5120,718,decoder.layers.0.fc2.weight,"[1280,5120]",config+architecture,
models--Systran--faster-whisper-large-v3,720,decoder_decode_step,1,decoder.layers.1.self_attn.q_proj,linear,,B,1280,1280,719,decoder.layers.1.self_attn.q_proj.weight,"[1280,1280]",config+architecture,
models--Systran--faster-whisper-large-v3,721,decoder_decode_step,1,decoder.layers.1.self_attn.k_proj,linear,,B,1280,1280,719,decoder.layers.1.self_attn.k_proj.weight,"[1280,1280]",config+architecture,
models--Systran--faster-whisper-large-v3,722,decoder_decode_step,1,decoder.layers.1.self_attn.v_proj,linear,,B,1280,1280,719,decoder.layers.1.self_attn.v_proj.weight,"[1280,1280]",config+architecture,
models--Systran--faster-whisper-large-v3,723,decoder_decode_step,1,decoder.layers.1.self_attn.qk,batched_matmul,B*heads,1,KV_dec,64,720;721,,,config+architecture,decode uses existing self-attention KV cache
models--Systran--faster-whisper-large-v3,724,decoder_decode_step,1,decoder.layers.1.self_attn.pv,batched_matmul,B*heads,1,64,KV_dec,723;722,,,config+architecture,
models--Systran--faster-whisper-large-v3,725,decoder_decode_step,1,decoder.layers.1.self_attn.out_proj,linear,,B,1280,1280,724,decoder.layers.1.self_attn.out_proj.weight,"[1280,1280]",config+architecture,
models--Systran--faster-whisper-large-v3,726,decoder_decode_step,1,decoder.layers.1.encoder_attn.q_proj,linear,,B,1280,1280,725,decoder.layers.1.encoder_attn.q_proj.weight,"[1280,1280]",config+architecture,
models--Systran--faster-whisper-large-v3,727,decoder_decode_step,1,decoder.layers.1.encoder_attn.qk,batched_matmul,B*heads,1,T_enc,64,726,,,config+architecture,cross-attention K is cached during decode step
models--Systran--faster-whisper-large-v3,728,decoder_decode_step,1,decoder.layers.1.encoder_attn.pv,batched_matmul,B*heads,1,64,T_enc,727,,,config+architecture,cross-attention V is cached during decode step
models--Systran--faster-whisper-large-v3,729,decoder_decode_step,1,decoder.layers.1.encoder_attn.out_proj,linear,,B,1280,1280,728,decoder.layers.1.encoder_attn.out_proj.weight,"[1280,1280]",config+architecture,
models--Systran--faster-whisper-large-v3,730,decoder_decode_step,1,decoder.layers.1.fc1,linear,,B,5120,1280,729,decoder.layers.1.fc1.weight,"[5120,1280]",config+architecture,
models--Systran--faster-whisper-large-v3,731,decoder_decode_step,1,decoder.layers.1.fc2,linear,,B,1280,5120,730,decoder.layers.1.fc2.weight,"[1280,5120]",config+architecture,
models--Systran--faster-whisper-large-v3,732,decoder_decode_step,2,decoder.layers.2.self_attn.q_proj,linear,,B,1280,1280,731,decoder.layers.2.self_attn.q_proj.weight,"[1280,1280]",config+architecture,
models--Systran--faster-whisper-large-v3,733,decoder_decode_step,2,decoder.layers.2.self_attn.k_proj,linear,,B,1280,1280,731,decoder.layers.2.self_attn.k_proj.weight,"[1280,1280]",config+architecture,
models--Systran--faster-whisper-large-v3,734,decoder_decode_step,2,decoder.layers.2.self_attn.v_proj,linear,,B,1280,1280,731,decoder.layers.2.self_attn.v_proj.weight,"[1280,1280]",config+architecture,
models--Systran--faster-whisper-large-v3,735,decoder_decode_step,2,decoder.layers.2.self_attn.qk,batched_matmul,B*heads,1,KV_dec,64,732;733,,,config+architecture,decode uses existing self-attention KV cache
models--Systran--faster-whisper-large-v3,736,decoder_decode_step,2,decoder.layers.2.self_attn.pv,batched_matmul,B*heads,1,64,KV_dec,735;734,,,config+architecture,
models--Systran--faster-whisper-large-v3,737,decoder_decode_step,2,decoder.layers.2.self_attn.out_proj,linear,,B,1280,1280,736,decoder.layers.2.self_attn.out_proj.weight,"[1280,1280]",config+architecture,
models--Systran--faster-whisper-large-v3,738,decoder_decode_step,2,decoder.layers.2.encoder_attn.q_proj,linear,,B,1280,1280,737,decoder.layers.2.encoder_attn.q_proj.weight,"[1280,1280]",config+architecture,
models--Systran--faster-whisper-large-v3,739,decoder_decode_step,2,decoder.layers.2.encoder_attn.qk,batched_matmul,B*heads,1,T_enc,64,738,,,config+architecture,cross-attention K is cached during decode step
models--Systran--faster-whisper-large-v3,740,decoder_decode_step,2,decoder.layers.2.encoder_attn.pv,batched_matmul,B*heads,1,64,T_enc,739,,,config+architecture,cross-attention V is cached during decode step
models--Systran--faster-whisper-large-v3,741,decoder_decode_step,2,decoder.layers.2.encoder_attn.out_proj,linear,,B,1280,1280,740,decoder.layers.2.encoder_attn.out_proj.weight,"[1280,1280]",config+architecture,
models--Systran--faster-whisper-large-v3,742,decoder_decode_step,2,decoder.layers.2.fc1,linear,,B,5120,1280,741,decoder.layers.2.fc1.weight,"[5120,1280]",config+architecture,
models--Systran--faster-whisper-large-v3,743,decoder_decode_step,2,decoder.layers.2.fc2,linear,,B,1280,5120,742,decoder.layers.2.fc2.weight,"[1280,5120]",config+architecture,
models--Systran--faster-whisper-large-v3,744,decoder_decode_step,3,decoder.layers.3.self_attn.q_proj,linear,,B,1280,1280,743,decoder.layers.3.self_attn.q_proj.weight,"[1280,1280]",config+architecture,
models--Systran--faster-whisper-large-v3,745,decoder_decode_step,3,decoder.layers.3.self_attn.k_proj,linear,,B,1280,1280,743,decoder.layers.3.self_attn.k_proj.weight,"[1280,1280]",config+architecture,
models--Systran--faster-whisper-large-v3,746,decoder_decode_step,3,decoder.layers.3.self_attn.v_proj,linear,,B,1280,1280,743,decoder.layers.3.self_attn.v_proj.weight,"[1280,1280]",config+architecture,
models--Systran--faster-whisper-large-v3,747,decoder_decode_step,3,decoder.layers.3.self_attn.qk,batched_matmul,B*heads,1,KV_dec,64,744;745,,,config+architecture,decode uses existing self-attention KV cache
models--Systran--faster-whisper-large-v3,748,decoder_decode_step,3,decoder.layers.3.self_attn.pv,batched_matmul,B*heads,1,64,KV_dec,747;746,,,config+architecture,
models--Systran--faster-whisper-large-v3,749,decoder_decode_step,3,decoder.layers.3.self_attn.out_proj,linear,,B,1280,1280,748,decoder.layers.3.self_attn.out_proj.weight,"[1280,1280]",config+architecture,
models--Systran--faster-whisper-large-v3,750,decoder_decode_step,3,decoder.layers.3.encoder_attn.q_proj,linear,,B,1280,1280,749,decoder.layers.3.encoder_attn.q_proj.weight,"[1280,1280]",config+architecture,
models--Systran--faster-whisper-large-v3,751,decoder_decode_step,3,decoder.layers.3.encoder_attn.qk,batched_matmul,B*heads,1,T_enc,64,750,,,config+architecture,cross-attention K is cached during decode step
models--Systran--faster-whisper-large-v3,752,decoder_decode_step,3,decoder.layers.3.encoder_attn.pv,batched_matmul,B*heads,1,64,T_enc,751,,,config+architecture,cross-attention V is cached during decode step
models--Systran--faster-whisper-large-v3,753,decoder_decode_step,3,decoder.layers.3.encoder_attn.out_proj,linear,,B,1280,1280,752,decoder.layers.3.encoder_attn.out_proj.weight,"[1280,1280]",config+architecture,
models--Systran--faster-whisper-large-v3,754,decoder_decode_step,3,decoder.layers.3.fc1,linear,,B,5120,1280,753,decoder.layers.3.fc1.weight,"[5120,1280]",config+architecture,
models--Systran--faster-whisper-large-v3,755,decoder_decode_step,3,decoder.layers.3.fc2,linear,,B,1280,5120,754,decoder.layers.3.fc2.weight,"[1280,5120]",config+architecture,
models--Systran--faster-whisper-large-v3,756,decoder_decode_step,4,decoder.layers.4.self_attn.q_proj,linear,,B,1280,1280,755,decoder.layers.4.self_attn.q_proj.weight,"[1280,1280]",config+architecture,
models--Systran--faster-whisper-large-v3,757,decoder_decode_step,4,decoder.layers.4.self_attn.k_proj,linear,,B,1280,1280,755,decoder.layers.4.self_attn.k_proj.weight,"[1280,1280]",config+architecture,
models--Systran--faster-whisper-large-v3,758,decoder_decode_step,4,decoder.layers.4.self_attn.v_proj,linear,,B,1280,1280,755,decoder.layers.4.self_attn.v_proj.weight,"[1280,1280]",config+architecture,
models--Systran--faster-whisper-large-v3,759,decoder_decode_step,4,decoder.layers.4.self_attn.qk,batched_matmul,B*heads,1,KV_dec,64,756;757,,,config+architecture,decode uses existing self-attention KV cache
models--Systran--faster-whisper-large-v3,760,decoder_decode_step,4,decoder.layers.4.self_attn.pv,batched_matmul,B*heads,1,64,KV_dec,759;758,,,config+architecture,
models--Systran--faster-whisper-large-v3,761,decoder_decode_step,4,decoder.layers.4.self_attn.out_proj,linear,,B,1280,1280,760,decoder.layers.4.self_attn.out_proj.weight,"[1280,1280]",config+architecture,
models--Systran--faster-whisper-large-v3,762,decoder_decode_step,4,decoder.layers.4.encoder_attn.q_proj,linear,,B,1280,1280,761,decoder.layers.4.encoder_attn.q_proj.weight,"[1280,1280]",config+architecture,
models--Systran--faster-whisper-large-v3,763,decoder_decode_step,4,decoder.layers.4.encoder_attn.qk,batched_matmul,B*heads,1,T_enc,64,762,,,config+architecture,cross-attention K is cached during decode step
models--Systran--faster-whisper-large-v3,764,decoder_decode_step,4,decoder.layers.4.encoder_attn.pv,batched_matmul,B*heads,1,64,T_enc,763,,,config+architecture,cross-attention V is cached during decode step
models--Systran--faster-whisper-large-v3,765,decoder_decode_step,4,decoder.layers.4.encoder_attn.out_proj,linear,,B,1280,1280,764,decoder.layers.4.encoder_attn.out_proj.weight,"[1280,1280]",config+architecture,
models--Systran--faster-whisper-large-v3,766,decoder_decode_step,4,decoder.layers.4.fc1,linear,,B,5120,1280,765,decoder.layers.4.fc1.weight,"[5120,1280]",config+architecture,
models--Systran--faster-whisper-large-v3,767,decoder_decode_step,4,decoder.layers.4.fc2,linear,,B,1280,5120,766,decoder.layers.4.fc2.weight,"[1280,5120]",config+architecture,
models--Systran--faster-whisper-large-v3,768,decoder_decode_step,5,decoder.layers.5.self_attn.q_proj,linear,,B,1280,1280,767,decoder.layers.5.self_attn.q_proj.weight,"[1280,1280]",config+architecture,
models--Systran--faster-whisper-large-v3,769,decoder_decode_step,5,decoder.layers.5.self_attn.k_proj,linear,,B,1280,1280,767,decoder.layers.5.self_attn.k_proj.weight,"[1280,1280]",config+architecture,
models--Systran--faster-whisper-large-v3,770,decoder_decode_step,5,decoder.layers.5.self_attn.v_proj,linear,,B,1280,1280,767,decoder.layers.5.self_attn.v_proj.weight,"[1280,1280]",config+architecture,
models--Systran--faster-whisper-large-v3,771,decoder_decode_step,5,decoder.layers.5.self_attn.qk,batched_matmul,B*heads,1,KV_dec,64,768;769,,,config+architecture,decode uses existing self-attention KV cache
models--Systran--faster-whisper-large-v3,772,decoder_decode_step,5,decoder.layers.5.self_attn.pv,batched_matmul,B*heads,1,64,KV_dec,771;770,,,config+architecture,
models--Systran--faster-whisper-large-v3,773,decoder_decode_step,5,decoder.layers.5.self_attn.out_proj,linear,,B,1280,1280,772,decoder.layers.5.self_attn.out_proj.weight,"[1280,1280]",config+architecture,
models--Systran--faster-whisper-large-v3,774,decoder_decode_step,5,decoder.layers.5.encoder_attn.q_proj,linear,,B,1280,1280,773,decoder.layers.5.encoder_attn.q_proj.weight,"[1280,1280]",config+architecture,
models--Systran--faster-whisper-large-v3,775,decoder_decode_step,5,decoder.layers.5.encoder_attn.qk,batched_matmul,B*heads,1,T_enc,64,774,,,config+architecture,cross-attention K is cached during decode step
models--Systran--faster-whisper-large-v3,776,decoder_decode_step,5,decoder.layers.5.encoder_attn.pv,batched_matmul,B*heads,1,64,T_enc,775,,,config+architecture,cross-attention V is cached during decode step
models--Systran--faster-whisper-large-v3,777,decoder_decode_step,5,decoder.layers.5.encoder_attn.out_proj,linear,,B,1280,1280,776,decoder.layers.5.encoder_attn.out_proj.weight,"[1280,1280]",config+architecture,
models--Systran--faster-whisper-large-v3,778,decoder_decode_step,5,decoder.layers.5.fc1,linear,,B,5120,1280,777,decoder.layers.5.fc1.weight,"[5120,1280]",config+architecture,
models--Systran--faster-whisper-large-v3,779,decoder_decode_step,5,decoder.layers.5.fc2,linear,,B,1280,5120,778,decoder.layers.5.fc2.weight,"[1280,5120]",config+architecture,
models--Systran--faster-whisper-large-v3,780,decoder_decode_step,6,decoder.layers.6.self_attn.q_proj,linear,,B,1280,1280,779,decoder.layers.6.self_attn.q_proj.weight,"[1280,1280]",config+architecture,
models--Systran--faster-whisper-large-v3,781,decoder_decode_step,6,decoder.layers.6.self_attn.k_proj,linear,,B,1280,1280,779,decoder.layers.6.self_attn.k_proj.weight,"[1280,1280]",config+architecture,
models--Systran--faster-whisper-large-v3,782,decoder_decode_step,6,decoder.layers.6.self_attn.v_proj,linear,,B,1280,1280,779,decoder.layers.6.self_attn.v_proj.weight,"[1280,1280]",config+architecture,
models--Systran--faster-whisper-large-v3,783,decoder_decode_step,6,decoder.layers.6.self_attn.qk,batched_matmul,B*heads,1,KV_dec,64,780;781,,,config+architecture,decode uses existing self-attention KV cache
models--Systran--faster-whisper-large-v3,784,decoder_decode_step,6,decoder.layers.6.self_attn.pv,batched_matmul,B*heads,1,64,KV_dec,783;782,,,config+architecture,
models--Systran--faster-whisper-large-v3,785,decoder_decode_step,6,decoder.layers.6.self_attn.out_proj,linear,,B,1280,1280,784,decoder.layers.6.self_attn.out_proj.weight,"[1280,1280]",config+architecture,
models--Systran--faster-whisper-large-v3,786,decoder_decode_step,6,decoder.layers.6.encoder_attn.q_proj,linear,,B,1280,1280,785,decoder.layers.6.encoder_attn.q_proj.weight,"[1280,1280]",config+architecture,
models--Systran--faster-whisper-large-v3,787,decoder_decode_step,6,decoder.layers.6.encoder_attn.qk,batched_matmul,B*heads,1,T_enc,64,786,,,config+architecture,cross-attention K is cached during decode step
models--Systran--faster-whisper-large-v3,788,decoder_decode_step,6,decoder.layers.6.encoder_attn.pv,batched_matmul,B*heads,1,64,T_enc,787,,,config+architecture,cross-attention V is cached during decode step
models--Systran--faster-whisper-large-v3,789,decoder_decode_step,6,decoder.layers.6.encoder_attn.out_proj,linear,,B,1280,1280,788,decoder.layers.6.encoder_attn.out_proj.weight,"[1280,1280]",config+architecture,
models--Systran--faster-whisper-large-v3,790,decoder_decode_step,6,decoder.layers.6.fc1,linear,,B,5120,1280,789,decoder.layers.6.fc1.weight,"[5120,1280]",config+architecture,
models--Systran--faster-whisper-large-v3,791,decoder_decode_step,6,decoder.layers.6.fc2,linear,,B,1280,5120,790,decoder.layers.6.fc2.weight,"[1280,5120]",config+architecture,
models--Systran--faster-whisper-large-v3,792,decoder_decode_step,7,decoder.layers.7.self_attn.q_proj,linear,,B,1280,1280,791,decoder.layers.7.self_attn.q_proj.weight,"[1280,1280]",config+architecture,
models--Systran--faster-whisper-large-v3,793,decoder_decode_step,7,decoder.layers.7.self_attn.k_proj,linear,,B,1280,1280,791,decoder.layers.7.self_attn.k_proj.weight,"[1280,1280]",config+architecture,
models--Systran--faster-whisper-large-v3,794,decoder_decode_step,7,decoder.layers.7.self_attn.v_proj,linear,,B,1280,1280,791,decoder.layers.7.self_attn.v_proj.weight,"[1280,1280]",config+architecture,
models--Systran--faster-whisper-large-v3,795,decoder_decode_step,7,decoder.layers.7.self_attn.qk,batched_matmul,B*heads,1,KV_dec,64,792;793,,,config+architecture,decode uses existing self-attention KV cache
models--Systran--faster-whisper-large-v3,796,decoder_decode_step,7,decoder.layers.7.self_attn.pv,batched_matmul,B*heads,1,64,KV_dec,795;794,,,config+architecture,
models--Systran--faster-whisper-large-v3,797,decoder_decode_step,7,decoder.layers.7.self_attn.out_proj,linear,,B,1280,1280,796,decoder.layers.7.self_attn.out_proj.weight,"[1280,1280]",config+architecture,
models--Systran--faster-whisper-large-v3,798,decoder_decode_step,7,decoder.layers.7.encoder_attn.q_proj,linear,,B,1280,1280,797,decoder.layers.7.encoder_attn.q_proj.weight,"[1280,1280]",config+architecture,
models--Systran--faster-whisper-large-v3,799,decoder_decode_step,7,decoder.layers.7.encoder_attn.qk,batched_matmul,B*heads,1,T_enc,64,798,,,config+architecture,cross-attention K is cached during decode step
models--Systran--faster-whisper-large-v3,800,decoder_decode_step,7,decoder.layers.7.encoder_attn.pv,batched_matmul,B*heads,1,64,T_enc,799,,,config+architecture,cross-attention V is cached during decode step
models--Systran--faster-whisper-large-v3,801,decoder_decode_step,7,decoder.layers.7.encoder_attn.out_proj,linear,,B,1280,1280,800,decoder.layers.7.encoder_attn.out_proj.weight,"[1280,1280]",config+architecture,
models--Systran--faster-whisper-large-v3,802,decoder_decode_step,7,decoder.layers.7.fc1,linear,,B,5120,1280,801,decoder.layers.7.fc1.weight,"[5120,1280]",config+architecture,
models--Systran--faster-whisper-large-v3,803,decoder_decode_step,7,decoder.layers.7.fc2,linear,,B,1280,5120,802,decoder.layers.7.fc2.weight,"[1280,5120]",config+architecture,
models--Systran--faster-whisper-large-v3,804,decoder_decode_step,8,decoder.layers.8.self_attn.q_proj,linear,,B,1280,1280,803,decoder.layers.8.self_attn.q_proj.weight,"[1280,1280]",config+architecture,
models--Systran--faster-whisper-large-v3,805,decoder_decode_step,8,decoder.layers.8.self_attn.k_proj,linear,,B,1280,1280,803,decoder.layers.8.self_attn.k_proj.weight,"[1280,1280]",config+architecture,
models--Systran--faster-whisper-large-v3,806,decoder_decode_step,8,decoder.layers.8.self_attn.v_proj,linear,,B,1280,1280,803,decoder.layers.8.self_attn.v_proj.weight,"[1280,1280]",config+architecture,
models--Systran--faster-whisper-large-v3,807,decoder_decode_step,8,decoder.layers.8.self_attn.qk,batched_matmul,B*heads,1,KV_dec,64,804;805,,,config+architecture,decode uses existing self-attention KV cache
models--Systran--faster-whisper-large-v3,808,decoder_decode_step,8,decoder.layers.8.self_attn.pv,batched_matmul,B*heads,1,64,KV_dec,807;806,,,config+architecture,
models--Systran--faster-whisper-large-v3,809,decoder_decode_step,8,decoder.layers.8.self_attn.out_proj,linear,,B,1280,1280,808,decoder.layers.8.self_attn.out_proj.weight,"[1280,1280]",config+architecture,
models--Systran--faster-whisper-large-v3,810,decoder_decode_step,8,decoder.layers.8.encoder_attn.q_proj,linear,,B,1280,1280,809,decoder.layers.8.encoder_attn.q_proj.weight,"[1280,1280]",config+architecture,
models--Systran--faster-whisper-large-v3,811,decoder_decode_step,8,decoder.layers.8.encoder_attn.qk,batched_matmul,B*heads,1,T_enc,64,810,,,config+architecture,cross-attention K is cached during decode step
models--Systran--faster-whisper-large-v3,812,decoder_decode_step,8,decoder.layers.8.encoder_attn.pv,batched_matmul,B*heads,1,64,T_enc,811,,,config+architecture,cross-attention V is cached during decode step
models--Systran--faster-whisper-large-v3,813,decoder_decode_step,8,decoder.layers.8.encoder_attn.out_proj,linear,,B,1280,1280,812,decoder.layers.8.encoder_attn.out_proj.weight,"[1280,1280]",config+architecture,
models--Systran--faster-whisper-large-v3,814,decoder_decode_step,8,decoder.layers.8.fc1,linear,,B,5120,1280,813,decoder.layers.8.fc1.weight,"[5120,1280]",config+architecture,
models--Systran--faster-whisper-large-v3,815,decoder_decode_step,8,decoder.layers.8.fc2,linear,,B,1280,5120,814,decoder.layers.8.fc2.weight,"[1280,5120]",config+architecture,
models--Systran--faster-whisper-large-v3,816,decoder_decode_step,9,decoder.layers.9.self_attn.q_proj,linear,,B,1280,1280,815,decoder.layers.9.self_attn.q_proj.weight,"[1280,1280]",config+architecture,
models--Systran--faster-whisper-large-v3,817,decoder_decode_step,9,decoder.layers.9.self_attn.k_proj,linear,,B,1280,1280,815,decoder.layers.9.self_attn.k_proj.weight,"[1280,1280]",config+architecture,
models--Systran--faster-whisper-large-v3,818,decoder_decode_step,9,decoder.layers.9.self_attn.v_proj,linear,,B,1280,1280,815,decoder.layers.9.self_attn.v_proj.weight,"[1280,1280]",config+architecture,
models--Systran--faster-whisper-large-v3,819,decoder_decode_step,9,decoder.layers.9.self_attn.qk,batched_matmul,B*heads,1,KV_dec,64,816;817,,,config+architecture,decode uses existing self-attention KV cache
models--Systran--faster-whisper-large-v3,820,decoder_decode_step,9,decoder.layers.9.self_attn.pv,batched_matmul,B*heads,1,64,KV_dec,819;818,,,config+architecture,
models--Systran--faster-whisper-large-v3,821,decoder_decode_step,9,decoder.layers.9.self_attn.out_proj,linear,,B,1280,1280,820,decoder.layers.9.self_attn.out_proj.weight,"[1280,1280]",config+architecture,
models--Systran--faster-whisper-large-v3,822,decoder_decode_step,9,decoder.layers.9.encoder_attn.q_proj,linear,,B,1280,1280,821,decoder.layers.9.encoder_attn.q_proj.weight,"[1280,1280]",config+architecture,
models--Systran--faster-whisper-large-v3,823,decoder_decode_step,9,decoder.layers.9.encoder_attn.qk,batched_matmul,B*heads,1,T_enc,64,822,,,config+architecture,cross-attention K is cached during decode step
models--Systran--faster-whisper-large-v3,824,decoder_decode_step,9,decoder.layers.9.encoder_attn.pv,batched_matmul,B*heads,1,64,T_enc,823,,,config+architecture,cross-attention V is cached during decode step
models--Systran--faster-whisper-large-v3,825,decoder_decode_step,9,decoder.layers.9.encoder_attn.out_proj,linear,,B,1280,1280,824,decoder.layers.9.encoder_attn.out_proj.weight,"[1280,1280]",config+architecture,
models--Systran--faster-whisper-large-v3,826,decoder_decode_step,9,decoder.layers.9.fc1,linear,,B,5120,1280,825,decoder.layers.9.fc1.weight,"[5120,1280]",config+architecture,
models--Systran--faster-whisper-large-v3,827,decoder_decode_step,9,decoder.layers.9.fc2,linear,,B,1280,5120,826,decoder.layers.9.fc2.weight,"[1280,5120]",config+architecture,
models--Systran--faster-whisper-large-v3,828,decoder_decode_step,10,decoder.layers.10.self_attn.q_proj,linear,,B,1280,1280,827,decoder.layers.10.self_attn.q_proj.weight,"[1280,1280]",config+architecture,
models--Systran--faster-whisper-large-v3,829,decoder_decode_step,10,decoder.layers.10.self_attn.k_proj,linear,,B,1280,1280,827,decoder.layers.10.self_attn.k_proj.weight,"[1280,1280]",config+architecture,
models--Systran--faster-whisper-large-v3,830,decoder_decode_step,10,decoder.layers.10.self_attn.v_proj,linear,,B,1280,1280,827,decoder.layers.10.self_attn.v_proj.weight,"[1280,1280]",config+architecture,
models--Systran--faster-whisper-large-v3,831,decoder_decode_step,10,decoder.layers.10.self_attn.qk,batched_matmul,B*heads,1,KV_dec,64,828;829,,,config+architecture,decode uses existing self-attention KV cache
models--Systran--faster-whisper-large-v3,832,decoder_decode_step,10,decoder.layers.10.self_attn.pv,batched_matmul,B*heads,1,64,KV_dec,831;830,,,config+architecture,
models--Systran--faster-whisper-large-v3,833,decoder_decode_step,10,decoder.layers.10.self_attn.out_proj,linear,,B,1280,1280,832,decoder.layers.10.self_attn.out_proj.weight,"[1280,1280]",config+architecture,
models--Systran--faster-whisper-large-v3,834,decoder_decode_step,10,decoder.layers.10.encoder_attn.q_proj,linear,,B,1280,1280,833,decoder.layers.10.encoder_attn.q_proj.weight,"[1280,1280]",config+architecture,
models--Systran--faster-whisper-large-v3,835,decoder_decode_step,10,decoder.layers.10.encoder_attn.qk,batched_matmul,B*heads,1,T_enc,64,834,,,config+architecture,cross-attention K is cached during decode step
models--Systran--faster-whisper-large-v3,836,decoder_decode_step,10,decoder.layers.10.encoder_attn.pv,batched_matmul,B*heads,1,64,T_enc,835,,,config+architecture,cross-attention V is cached during decode step
models--Systran--faster-whisper-large-v3,837,decoder_decode_step,10,decoder.layers.10.encoder_attn.out_proj,linear,,B,1280,1280,836,decoder.layers.10.encoder_attn.out_proj.weight,"[1280,1280]",config+architecture,
models--Systran--faster-whisper-large-v3,838,decoder_decode_step,10,decoder.layers.10.fc1,linear,,B,5120,1280,837,decoder.layers.10.fc1.weight,"[5120,1280]",config+architecture,
models--Systran--faster-whisper-large-v3,839,decoder_decode_step,10,decoder.layers.10.fc2,linear,,B,1280,5120,838,decoder.layers.10.fc2.weight,"[1280,5120]",config+architecture,
models--Systran--faster-whisper-large-v3,840,decoder_decode_step,11,decoder.layers.11.self_attn.q_proj,linear,,B,1280,1280,839,decoder.layers.11.self_attn.q_proj.weight,"[1280,1280]",config+architecture,
models--Systran--faster-whisper-large-v3,841,decoder_decode_step,11,decoder.layers.11.self_attn.k_proj,linear,,B,1280,1280,839,decoder.layers.11.self_attn.k_proj.weight,"[1280,1280]",config+architecture,
models--Systran--faster-whisper-large-v3,842,decoder_decode_step,11,decoder.layers.11.self_attn.v_proj,linear,,B,1280,1280,839,decoder.layers.11.self_attn.v_proj.weight,"[1280,1280]",config+architecture,
models--Systran--faster-whisper-large-v3,843,decoder_decode_step,11,decoder.layers.11.self_attn.qk,batched_matmul,B*heads,1,KV_dec,64,840;841,,,config+architecture,decode uses existing self-attention KV cache
models--Systran--faster-whisper-large-v3,844,decoder_decode_step,11,decoder.layers.11.self_attn.pv,batched_matmul,B*heads,1,64,KV_dec,843;842,,,config+architecture,
models--Systran--faster-whisper-large-v3,845,decoder_decode_step,11,decoder.layers.11.self_attn.out_proj,linear,,B,1280,1280,844,decoder.layers.11.self_attn.out_proj.weight,"[1280,1280]",config+architecture,
models--Systran--faster-whisper-large-v3,846,decoder_decode_step,11,decoder.layers.11.encoder_attn.q_proj,linear,,B,1280,1280,845,decoder.layers.11.encoder_attn.q_proj.weight,"[1280,1280]",config+architecture,
models--Systran--faster-whisper-large-v3,847,decoder_decode_step,11,decoder.layers.11.encoder_attn.qk,batched_matmul,B*heads,1,T_enc,64,846,,,config+architecture,cross-attention K is cached during decode step
models--Systran--faster-whisper-large-v3,848,decoder_decode_step,11,decoder.layers.11.encoder_attn.pv,batched_matmul,B*heads,1,64,T_enc,847,,,config+architecture,cross-attention V is cached during decode step
models--Systran--faster-whisper-large-v3,849,decoder_decode_step,11,decoder.layers.11.encoder_attn.out_proj,linear,,B,1280,1280,848,decoder.layers.11.encoder_attn.out_proj.weight,"[1280,1280]",config+architecture,
models--Systran--faster-whisper-large-v3,850,decoder_decode_step,11,decoder.layers.11.fc1,linear,,B,5120,1280,849,decoder.layers.11.fc1.weight,"[5120,1280]",config+architecture,
models--Systran--faster-whisper-large-v3,851,decoder_decode_step,11,decoder.layers.11.fc2,linear,,B,1280,5120,850,decoder.layers.11.fc2.weight,"[1280,5120]",config+architecture,
models--Systran--faster-whisper-large-v3,852,decoder_decode_step,12,decoder.layers.12.self_attn.q_proj,linear,,B,1280,1280,851,decoder.layers.12.self_attn.q_proj.weight,"[1280,1280]",config+architecture,
models--Systran--faster-whisper-large-v3,853,decoder_decode_step,12,decoder.layers.12.self_attn.k_proj,linear,,B,1280,1280,851,decoder.layers.12.self_attn.k_proj.weight,"[1280,1280]",config+architecture,
models--Systran--faster-whisper-large-v3,854,decoder_decode_step,12,decoder.layers.12.self_attn.v_proj,linear,,B,1280,1280,851,decoder.layers.12.self_attn.v_proj.weight,"[1280,1280]",config+architecture,
models--Systran--faster-whisper-large-v3,855,decoder_decode_step,12,decoder.layers.12.self_attn.qk,batched_matmul,B*heads,1,KV_dec,64,852;853,,,config+architecture,decode uses existing self-attention KV cache
models--Systran--faster-whisper-large-v3,856,decoder_decode_step,12,decoder.layers.12.self_attn.pv,batched_matmul,B*heads,1,64,KV_dec,855;854,,,config+architecture,
models--Systran--faster-whisper-large-v3,857,decoder_decode_step,12,decoder.layers.12.self_attn.out_proj,linear,,B,1280,1280,856,decoder.layers.12.self_attn.out_proj.weight,"[1280,1280]",config+architecture,
models--Systran--faster-whisper-large-v3,858,decoder_decode_step,12,decoder.layers.12.encoder_attn.q_proj,linear,,B,1280,1280,857,decoder.layers.12.encoder_attn.q_proj.weight,"[1280,1280]",config+architecture,
models--Systran--faster-whisper-large-v3,859,decoder_decode_step,12,decoder.layers.12.encoder_attn.qk,batched_matmul,B*heads,1,T_enc,64,858,,,config+architecture,cross-attention K is cached during decode step
models--Systran--faster-whisper-large-v3,860,decoder_decode_step,12,decoder.layers.12.encoder_attn.pv,batched_matmul,B*heads,1,64,T_enc,859,,,config+architecture,cross-attention V is cached during decode step
models--Systran--faster-whisper-large-v3,861,decoder_decode_step,12,decoder.layers.12.encoder_attn.out_proj,linear,,B,1280,1280,860,decoder.layers.12.encoder_attn.out_proj.weight,"[1280,1280]",config+architecture,
models--Systran--faster-whisper-large-v3,862,decoder_decode_step,12,decoder.layers.12.fc1,linear,,B,5120,1280,861,decoder.layers.12.fc1.weight,"[5120,1280]",config+architecture,
models--Systran--faster-whisper-large-v3,863,decoder_decode_step,12,decoder.layers.12.fc2,linear,,B,1280,5120,862,decoder.layers.12.fc2.weight,"[1280,5120]",config+architecture,
models--Systran--faster-whisper-large-v3,864,decoder_decode_step,13,decoder.layers.13.self_attn.q_proj,linear,,B,1280,1280,863,decoder.layers.13.self_attn.q_proj.weight,"[1280,1280]",config+architecture,
models--Systran--faster-whisper-large-v3,865,decoder_decode_step,13,decoder.layers.13.self_attn.k_proj,linear,,B,1280,1280,863,decoder.layers.13.self_attn.k_proj.weight,"[1280,1280]",config+architecture,
models--Systran--faster-whisper-large-v3,866,decoder_decode_step,13,decoder.layers.13.self_attn.v_proj,linear,,B,1280,1280,863,decoder.layers.13.self_attn.v_proj.weight,"[1280,1280]",config+architecture,
models--Systran--faster-whisper-large-v3,867,decoder_decode_step,13,decoder.layers.13.self_attn.qk,batched_matmul,B*heads,1,KV_dec,64,864;865,,,config+architecture,decode uses existing self-attention KV cache
models--Systran--faster-whisper-large-v3,868,decoder_decode_step,13,decoder.layers.13.self_attn.pv,batched_matmul,B*heads,1,64,KV_dec,867;866,,,config+architecture,
models--Systran--faster-whisper-large-v3,869,decoder_decode_step,13,decoder.layers.13.self_attn.out_proj,linear,,B,1280,1280,868,decoder.layers.13.self_attn.out_proj.weight,"[1280,1280]",config+architecture,
models--Systran--faster-whisper-large-v3,870,decoder_decode_step,13,decoder.layers.13.encoder_attn.q_proj,linear,,B,1280,1280,869,decoder.layers.13.encoder_attn.q_proj.weight,"[1280,1280]",config+architecture,
models--Systran--faster-whisper-large-v3,871,decoder_decode_step,13,decoder.layers.13.encoder_attn.qk,batched_matmul,B*heads,1,T_enc,64,870,,,config+architecture,cross-attention K is cached during decode step
models--Systran--faster-whisper-large-v3,872,decoder_decode_step,13,decoder.layers.13.encoder_attn.pv,batched_matmul,B*heads,1,64,T_enc,871,,,config+architecture,cross-attention V is cached during decode step
models--Systran--faster-whisper-large-v3,873,decoder_decode_step,13,decoder.layers.13.encoder_attn.out_proj,linear,,B,1280,1280,872,decoder.layers.13.encoder_attn.out_proj.weight,"[1280,1280]",config+architecture,
models--Systran--faster-whisper-large-v3,874,decoder_decode_step,13,decoder.layers.13.fc1,linear,,B,5120,1280,873,decoder.layers.13.fc1.weight,"[5120,1280]",config+architecture,
models--Systran--faster-whisper-large-v3,875,decoder_decode_step,13,decoder.layers.13.fc2,linear,,B,1280,5120,874,decoder.layers.13.fc2.weight,"[1280,5120]",config+architecture,
models--Systran--faster-whisper-large-v3,876,decoder_decode_step,14,decoder.layers.14.self_attn.q_proj,linear,,B,1280,1280,875,decoder.layers.14.self_attn.q_proj.weight,"[1280,1280]",config+architecture,
models--Systran--faster-whisper-large-v3,877,decoder_decode_step,14,decoder.layers.14.self_attn.k_proj,linear,,B,1280,1280,875,decoder.layers.14.self_attn.k_proj.weight,"[1280,1280]",config+architecture,
models--Systran--faster-whisper-large-v3,878,decoder_decode_step,14,decoder.layers.14.self_attn.v_proj,linear,,B,1280,1280,875,decoder.layers.14.self_attn.v_proj.weight,"[1280,1280]",config+architecture,
models--Systran--faster-whisper-large-v3,879,decoder_decode_step,14,decoder.layers.14.self_attn.qk,batched_matmul,B*heads,1,KV_dec,64,876;877,,,config+architecture,decode uses existing self-attention KV cache
models--Systran--faster-whisper-large-v3,880,decoder_decode_step,14,decoder.layers.14.self_attn.pv,batched_matmul,B*heads,1,64,KV_dec,879;878,,,config+architecture,
models--Systran--faster-whisper-large-v3,881,decoder_decode_step,14,decoder.layers.14.self_attn.out_proj,linear,,B,1280,1280,880,decoder.layers.14.self_attn.out_proj.weight,"[1280,1280]",config+architecture,
models--Systran--faster-whisper-large-v3,882,decoder_decode_step,14,decoder.layers.14.encoder_attn.q_proj,linear,,B,1280,1280,881,decoder.layers.14.encoder_attn.q_proj.weight,"[1280,1280]",config+architecture,
models--Systran--faster-whisper-large-v3,883,decoder_decode_step,14,decoder.layers.14.encoder_attn.qk,batched_matmul,B*heads,1,T_enc,64,882,,,config+architecture,cross-attention K is cached during decode step
models--Systran--faster-whisper-large-v3,884,decoder_decode_step,14,decoder.layers.14.encoder_attn.pv,batched_matmul,B*heads,1,64,T_enc,883,,,config+architecture,cross-attention V is cached during decode step
models--Systran--faster-whisper-large-v3,885,decoder_decode_step,14,decoder.layers.14.encoder_attn.out_proj,linear,,B,1280,1280,884,decoder.layers.14.encoder_attn.out_proj.weight,"[1280,1280]",config+architecture,
models--Systran--faster-whisper-large-v3,886,decoder_decode_step,14,decoder.layers.14.fc1,linear,,B,5120,1280,885,decoder.layers.14.fc1.weight,"[5120,1280]",config+architecture,
models--Systran--faster-whisper-large-v3,887,decoder_decode_step,14,decoder.layers.14.fc2,linear,,B,1280,5120,886,decoder.layers.14.fc2.weight,"[1280,5120]",config+architecture,
models--Systran--faster-whisper-large-v3,888,decoder_decode_step,15,decoder.layers.15.self_attn.q_proj,linear,,B,1280,1280,887,decoder.layers.15.self_attn.q_proj.weight,"[1280,1280]",config+architecture,
models--Systran--faster-whisper-large-v3,889,decoder_decode_step,15,decoder.layers.15.self_attn.k_proj,linear,,B,1280,1280,887,decoder.layers.15.self_attn.k_proj.weight,"[1280,1280]",config+architecture,
models--Systran--faster-whisper-large-v3,890,decoder_decode_step,15,decoder.layers.15.self_attn.v_proj,linear,,B,1280,1280,887,decoder.layers.15.self_attn.v_proj.weight,"[1280,1280]",config+architecture,
models--Systran--faster-whisper-large-v3,891,decoder_decode_step,15,decoder.layers.15.self_attn.qk,batched_matmul,B*heads,1,KV_dec,64,888;889,,,config+architecture,decode uses existing self-attention KV cache
models--Systran--faster-whisper-large-v3,892,decoder_decode_step,15,decoder.layers.15.self_attn.pv,batched_matmul,B*heads,1,64,KV_dec,891;890,,,config+architecture,
models--Systran--faster-whisper-large-v3,893,decoder_decode_step,15,decoder.layers.15.self_attn.out_proj,linear,,B,1280,1280,892,decoder.layers.15.self_attn.out_proj.weight,"[1280,1280]",config+architecture,
models--Systran--faster-whisper-large-v3,894,decoder_decode_step,15,decoder.layers.15.encoder_attn.q_proj,linear,,B,1280,1280,893,decoder.layers.15.encoder_attn.q_proj.weight,"[1280,1280]",config+architecture,
models--Systran--faster-whisper-large-v3,895,decoder_decode_step,15,decoder.layers.15.encoder_attn.qk,batched_matmul,B*heads,1,T_enc,64,894,,,config+architecture,cross-attention K is cached during decode step
models--Systran--faster-whisper-large-v3,896,decoder_decode_step,15,decoder.layers.15.encoder_attn.pv,batched_matmul,B*heads,1,64,T_enc,895,,,config+architecture,cross-attention V is cached during decode step
models--Systran--faster-whisper-large-v3,897,decoder_decode_step,15,decoder.layers.15.encoder_attn.out_proj,linear,,B,1280,1280,896,decoder.layers.15.encoder_attn.out_proj.weight,"[1280,1280]",config+architecture,
models--Systran--faster-whisper-large-v3,898,decoder_decode_step,15,decoder.layers.15.fc1,linear,,B,5120,1280,897,decoder.layers.15.fc1.weight,"[5120,1280]",config+architecture,
models--Systran--faster-whisper-large-v3,899,decoder_decode_step,15,decoder.layers.15.fc2,linear,,B,1280,5120,898,decoder.layers.15.fc2.weight,"[1280,5120]",config+architecture,
models--Systran--faster-whisper-large-v3,900,decoder_decode_step,16,decoder.layers.16.self_attn.q_proj,linear,,B,1280,1280,899,decoder.layers.16.self_attn.q_proj.weight,"[1280,1280]",config+architecture,
models--Systran--faster-whisper-large-v3,901,decoder_decode_step,16,decoder.layers.16.self_attn.k_proj,linear,,B,1280,1280,899,decoder.layers.16.self_attn.k_proj.weight,"[1280,1280]",config+architecture,
models--Systran--faster-whisper-large-v3,902,decoder_decode_step,16,decoder.layers.16.self_attn.v_proj,linear,,B,1280,1280,899,decoder.layers.16.self_attn.v_proj.weight,"[1280,1280]",config+architecture,
models--Systran--faster-whisper-large-v3,903,decoder_decode_step,16,decoder.layers.16.self_attn.qk,batched_matmul,B*heads,1,KV_dec,64,900;901,,,config+architecture,decode uses existing self-attention KV cache
models--Systran--faster-whisper-large-v3,904,decoder_decode_step,16,decoder.layers.16.self_attn.pv,batched_matmul,B*heads,1,64,KV_dec,903;902,,,config+architecture,
models--Systran--faster-whisper-large-v3,905,decoder_decode_step,16,decoder.layers.16.self_attn.out_proj,linear,,B,1280,1280,904,decoder.layers.16.self_attn.out_proj.weight,"[1280,1280]",config+architecture,
models--Systran--faster-whisper-large-v3,906,decoder_decode_step,16,decoder.layers.16.encoder_attn.q_proj,linear,,B,1280,1280,905,decoder.layers.16.encoder_attn.q_proj.weight,"[1280,1280]",config+architecture,
models--Systran--faster-whisper-large-v3,907,decoder_decode_step,16,decoder.layers.16.encoder_attn.qk,batched_matmul,B*heads,1,T_enc,64,906,,,config+architecture,cross-attention K is cached during decode step
models--Systran--faster-whisper-large-v3,908,decoder_decode_step,16,decoder.layers.16.encoder_attn.pv,batched_matmul,B*heads,1,64,T_enc,907,,,config+architecture,cross-attention V is cached during decode step
models--Systran--faster-whisper-large-v3,909,decoder_decode_step,16,decoder.layers.16.encoder_attn.out_proj,linear,,B,1280,1280,908,decoder.layers.16.encoder_attn.out_proj.weight,"[1280,1280]",config+architecture,
models--Systran--faster-whisper-large-v3,910,decoder_decode_step,16,decoder.layers.16.fc1,linear,,B,5120,1280,909,decoder.layers.16.fc1.weight,"[5120,1280]",config+architecture,
models--Systran--faster-whisper-large-v3,911,decoder_decode_step,16,decoder.layers.16.fc2,linear,,B,1280,5120,910,decoder.layers.16.fc2.weight,"[1280,5120]",config+architecture,
models--Systran--faster-whisper-large-v3,912,decoder_decode_step,17,decoder.layers.17.self_attn.q_proj,linear,,B,1280,1280,911,decoder.layers.17.self_attn.q_proj.weight,"[1280,1280]",config+architecture,
models--Systran--faster-whisper-large-v3,913,decoder_decode_step,17,decoder.layers.17.self_attn.k_proj,linear,,B,1280,1280,911,decoder.layers.17.self_attn.k_proj.weight,"[1280,1280]",config+architecture,
models--Systran--faster-whisper-large-v3,914,decoder_decode_step,17,decoder.layers.17.self_attn.v_proj,linear,,B,1280,1280,911,decoder.layers.17.self_attn.v_proj.weight,"[1280,1280]",config+architecture,
models--Systran--faster-whisper-large-v3,915,decoder_decode_step,17,decoder.layers.17.self_attn.qk,batched_matmul,B*heads,1,KV_dec,64,912;913,,,config+architecture,decode uses existing self-attention KV cache
models--Systran--faster-whisper-large-v3,916,decoder_decode_step,17,decoder.layers.17.self_attn.pv,batched_matmul,B*heads,1,64,KV_dec,915;914,,,config+architecture,
models--Systran--faster-whisper-large-v3,917,decoder_decode_step,17,decoder.layers.17.self_attn.out_proj,linear,,B,1280,1280,916,decoder.layers.17.self_attn.out_proj.weight,"[1280,1280]",config+architecture,
models--Systran--faster-whisper-large-v3,918,decoder_decode_step,17,decoder.layers.17.encoder_attn.q_proj,linear,,B,1280,1280,917,decoder.layers.17.encoder_attn.q_proj.weight,"[1280,1280]",config+architecture,
models--Systran--faster-whisper-large-v3,919,decoder_decode_step,17,decoder.layers.17.encoder_attn.qk,batched_matmul,B*heads,1,T_enc,64,918,,,config+architecture,cross-attention K is cached during decode step
models--Systran--faster-whisper-large-v3,920,decoder_decode_step,17,decoder.layers.17.encoder_attn.pv,batched_matmul,B*heads,1,64,T_enc,919,,,config+architecture,cross-attention V is cached during decode step
models--Systran--faster-whisper-large-v3,921,decoder_decode_step,17,decoder.layers.17.encoder_attn.out_proj,linear,,B,1280,1280,920,decoder.layers.17.encoder_attn.out_proj.weight,"[1280,1280]",config+architecture,
models--Systran--faster-whisper-large-v3,922,decoder_decode_step,17,decoder.layers.17.fc1,linear,,B,5120,1280,921,decoder.layers.17.fc1.weight,"[5120,1280]",config+architecture,
models--Systran--faster-whisper-large-v3,923,decoder_decode_step,17,decoder.layers.17.fc2,linear,,B,1280,5120,922,decoder.layers.17.fc2.weight,"[1280,5120]",config+architecture,
models--Systran--faster-whisper-large-v3,924,decoder_decode_step,18,decoder.layers.18.self_attn.q_proj,linear,,B,1280,1280,923,decoder.layers.18.self_attn.q_proj.weight,"[1280,1280]",config+architecture,
models--Systran--faster-whisper-large-v3,925,decoder_decode_step,18,decoder.layers.18.self_attn.k_proj,linear,,B,1280,1280,923,decoder.layers.18.self_attn.k_proj.weight,"[1280,1280]",config+architecture,
models--Systran--faster-whisper-large-v3,926,decoder_decode_step,18,decoder.layers.18.self_attn.v_proj,linear,,B,1280,1280,923,decoder.layers.18.self_attn.v_proj.weight,"[1280,1280]",config+architecture,
models--Systran--faster-whisper-large-v3,927,decoder_decode_step,18,decoder.layers.18.self_attn.qk,batched_matmul,B*heads,1,KV_dec,64,924;925,,,config+architecture,decode uses existing self-attention KV cache
models--Systran--faster-whisper-large-v3,928,decoder_decode_step,18,decoder.layers.18.self_attn.pv,batched_matmul,B*heads,1,64,KV_dec,927;926,,,config+architecture,
models--Systran--faster-whisper-large-v3,929,decoder_decode_step,18,decoder.layers.18.self_attn.out_proj,linear,,B,1280,1280,928,decoder.layers.18.self_attn.out_proj.weight,"[1280,1280]",config+architecture,
models--Systran--faster-whisper-large-v3,930,decoder_decode_step,18,decoder.layers.18.encoder_attn.q_proj,linear,,B,1280,1280,929,decoder.layers.18.encoder_attn.q_proj.weight,"[1280,1280]",config+architecture,
models--Systran--faster-whisper-large-v3,931,decoder_decode_step,18,decoder.layers.18.encoder_attn.qk,batched_matmul,B*heads,1,T_enc,64,930,,,config+architecture,cross-attention K is cached during decode step
models--Systran--faster-whisper-large-v3,932,decoder_decode_step,18,decoder.layers.18.encoder_attn.pv,batched_matmul,B*heads,1,64,T_enc,931,,,config+architecture,cross-attention V is cached during decode step
models--Systran--faster-whisper-large-v3,933,decoder_decode_step,18,decoder.layers.18.encoder_attn.out_proj,linear,,B,1280,1280,932,decoder.layers.18.encoder_attn.out_proj.weight,"[1280,1280]",config+architecture,
models--Systran--faster-whisper-large-v3,934,decoder_decode_step,18,decoder.layers.18.fc1,linear,,B,5120,1280,933,decoder.layers.18.fc1.weight,"[5120,1280]",config+architecture,
models--Systran--faster-whisper-large-v3,935,decoder_decode_step,18,decoder.layers.18.fc2,linear,,B,1280,5120,934,decoder.layers.18.fc2.weight,"[1280,5120]",config+architecture,
models--Systran--faster-whisper-large-v3,936,decoder_decode_step,19,decoder.layers.19.self_attn.q_proj,linear,,B,1280,1280,935,decoder.layers.19.self_attn.q_proj.weight,"[1280,1280]",config+architecture,
models--Systran--faster-whisper-large-v3,937,decoder_decode_step,19,decoder.layers.19.self_attn.k_proj,linear,,B,1280,1280,935,decoder.layers.19.self_attn.k_proj.weight,"[1280,1280]",config+architecture,
models--Systran--faster-whisper-large-v3,938,decoder_decode_step,19,decoder.layers.19.self_attn.v_proj,linear,,B,1280,1280,935,decoder.layers.19.self_attn.v_proj.weight,"[1280,1280]",config+architecture,
models--Systran--faster-whisper-large-v3,939,decoder_decode_step,19,decoder.layers.19.self_attn.qk,batched_matmul,B*heads,1,KV_dec,64,936;937,,,config+architecture,decode uses existing self-attention KV cache
models--Systran--faster-whisper-large-v3,940,decoder_decode_step,19,decoder.layers.19.self_attn.pv,batched_matmul,B*heads,1,64,KV_dec,939;938,,,config+architecture,
models--Systran--faster-whisper-large-v3,941,decoder_decode_step,19,decoder.layers.19.self_attn.out_proj,linear,,B,1280,1280,940,decoder.layers.19.self_attn.out_proj.weight,"[1280,1280]",config+architecture,
models--Systran--faster-whisper-large-v3,942,decoder_decode_step,19,decoder.layers.19.encoder_attn.q_proj,linear,,B,1280,1280,941,decoder.layers.19.encoder_attn.q_proj.weight,"[1280,1280]",config+architecture,
models--Systran--faster-whisper-large-v3,943,decoder_decode_step,19,decoder.layers.19.encoder_attn.qk,batched_matmul,B*heads,1,T_enc,64,942,,,config+architecture,cross-attention K is cached during decode step
models--Systran--faster-whisper-large-v3,944,decoder_decode_step,19,decoder.layers.19.encoder_attn.pv,batched_matmul,B*heads,1,64,T_enc,943,,,config+architecture,cross-attention V is cached during decode step
models--Systran--faster-whisper-large-v3,945,decoder_decode_step,19,decoder.layers.19.encoder_attn.out_proj,linear,,B,1280,1280,944,decoder.layers.19.encoder_attn.out_proj.weight,"[1280,1280]",config+architecture,
models--Systran--faster-whisper-large-v3,946,decoder_decode_step,19,decoder.layers.19.fc1,linear,,B,5120,1280,945,decoder.layers.19.fc1.weight,"[5120,1280]",config+architecture,
models--Systran--faster-whisper-large-v3,947,decoder_decode_step,19,decoder.layers.19.fc2,linear,,B,1280,5120,946,decoder.layers.19.fc2.weight,"[1280,5120]",config+architecture,
models--Systran--faster-whisper-large-v3,948,decoder_decode_step,20,decoder.layers.20.self_attn.q_proj,linear,,B,1280,1280,947,decoder.layers.20.self_attn.q_proj.weight,"[1280,1280]",config+architecture,
models--Systran--faster-whisper-large-v3,949,decoder_decode_step,20,decoder.layers.20.self_attn.k_proj,linear,,B,1280,1280,947,decoder.layers.20.self_attn.k_proj.weight,"[1280,1280]",config+architecture,
models--Systran--faster-whisper-large-v3,950,decoder_decode_step,20,decoder.layers.20.self_attn.v_proj,linear,,B,1280,1280,947,decoder.layers.20.self_attn.v_proj.weight,"[1280,1280]",config+architecture,
models--Systran--faster-whisper-large-v3,951,decoder_decode_step,20,decoder.layers.20.self_attn.qk,batched_matmul,B*heads,1,KV_dec,64,948;949,,,config+architecture,decode uses existing self-attention KV cache
models--Systran--faster-whisper-large-v3,952,decoder_decode_step,20,decoder.layers.20.self_attn.pv,batched_matmul,B*heads,1,64,KV_dec,951;950,,,config+architecture,
models--Systran--faster-whisper-large-v3,953,decoder_decode_step,20,decoder.layers.20.self_attn.out_proj,linear,,B,1280,1280,952,decoder.layers.20.self_attn.out_proj.weight,"[1280,1280]",config+architecture,
models--Systran--faster-whisper-large-v3,954,decoder_decode_step,20,decoder.layers.20.encoder_attn.q_proj,linear,,B,1280,1280,953,decoder.layers.20.encoder_attn.q_proj.weight,"[1280,1280]",config+architecture,
models--Systran--faster-whisper-large-v3,955,decoder_decode_step,20,decoder.layers.20.encoder_attn.qk,batched_matmul,B*heads,1,T_enc,64,954,,,config+architecture,cross-attention K is cached during decode step
models--Systran--faster-whisper-large-v3,956,decoder_decode_step,20,decoder.layers.20.encoder_attn.pv,batched_matmul,B*heads,1,64,T_enc,955,,,config+architecture,cross-attention V is cached during decode step
models--Systran--faster-whisper-large-v3,957,decoder_decode_step,20,decoder.layers.20.encoder_attn.out_proj,linear,,B,1280,1280,956,decoder.layers.20.encoder_attn.out_proj.weight,"[1280,1280]",config+architecture,
models--Systran--faster-whisper-large-v3,958,decoder_decode_step,20,decoder.layers.20.fc1,linear,,B,5120,1280,957,decoder.layers.20.fc1.weight,"[5120,1280]",config+architecture,
models--Systran--faster-whisper-large-v3,959,decoder_decode_step,20,decoder.layers.20.fc2,linear,,B,1280,5120,958,decoder.layers.20.fc2.weight,"[1280,5120]",config+architecture,
models--Systran--faster-whisper-large-v3,960,decoder_decode_step,21,decoder.layers.21.self_attn.q_proj,linear,,B,1280,1280,959,decoder.layers.21.self_attn.q_proj.weight,"[1280,1280]",config+architecture,
models--Systran--faster-whisper-large-v3,961,decoder_decode_step,21,decoder.layers.21.self_attn.k_proj,linear,,B,1280,1280,959,decoder.layers.21.self_attn.k_proj.weight,"[1280,1280]",config+architecture,
models--Systran--faster-whisper-large-v3,962,decoder_decode_step,21,decoder.layers.21.self_attn.v_proj,linear,,B,1280,1280,959,decoder.layers.21.self_attn.v_proj.weight,"[1280,1280]",config+architecture,
models--Systran--faster-whisper-large-v3,963,decoder_decode_step,21,decoder.layers.21.self_attn.qk,batched_matmul,B*heads,1,KV_dec,64,960;961,,,config+architecture,decode uses existing self-attention KV cache
models--Systran--faster-whisper-large-v3,964,decoder_decode_step,21,decoder.layers.21.self_attn.pv,batched_matmul,B*heads,1,64,KV_dec,963;962,,,config+architecture,
models--Systran--faster-whisper-large-v3,965,decoder_decode_step,21,decoder.layers.21.self_attn.out_proj,linear,,B,1280,1280,964,decoder.layers.21.self_attn.out_proj.weight,"[1280,1280]",config+architecture,
models--Systran--faster-whisper-large-v3,966,decoder_decode_step,21,decoder.layers.21.encoder_attn.q_proj,linear,,B,1280,1280,965,decoder.layers.21.encoder_attn.q_proj.weight,"[1280,1280]",config+architecture,
models--Systran--faster-whisper-large-v3,967,decoder_decode_step,21,decoder.layers.21.encoder_attn.qk,batched_matmul,B*heads,1,T_enc,64,966,,,config+architecture,cross-attention K is cached during decode step
models--Systran--faster-whisper-large-v3,968,decoder_decode_step,21,decoder.layers.21.encoder_attn.pv,batched_matmul,B*heads,1,64,T_enc,967,,,config+architecture,cross-attention V is cached during decode step
models--Systran--faster-whisper-large-v3,969,decoder_decode_step,21,decoder.layers.21.encoder_attn.out_proj,linear,,B,1280,1280,968,decoder.layers.21.encoder_attn.out_proj.weight,"[1280,1280]",config+architecture,
models--Systran--faster-whisper-large-v3,970,decoder_decode_step,21,decoder.layers.21.fc1,linear,,B,5120,1280,969,decoder.layers.21.fc1.weight,"[5120,1280]",config+architecture,
models--Systran--faster-whisper-large-v3,971,decoder_decode_step,21,decoder.layers.21.fc2,linear,,B,1280,5120,970,decoder.layers.21.fc2.weight,"[1280,5120]",config+architecture,
models--Systran--faster-whisper-large-v3,972,decoder_decode_step,22,decoder.layers.22.self_attn.q_proj,linear,,B,1280,1280,971,decoder.layers.22.self_attn.q_proj.weight,"[1280,1280]",config+architecture,
models--Systran--faster-whisper-large-v3,973,decoder_decode_step,22,decoder.layers.22.self_attn.k_proj,linear,,B,1280,1280,971,decoder.layers.22.self_attn.k_proj.weight,"[1280,1280]",config+architecture,
models--Systran--faster-whisper-large-v3,974,decoder_decode_step,22,decoder.layers.22.self_attn.v_proj,linear,,B,1280,1280,971,decoder.layers.22.self_attn.v_proj.weight,"[1280,1280]",config+architecture,
models--Systran--faster-whisper-large-v3,975,decoder_decode_step,22,decoder.layers.22.self_attn.qk,batched_matmul,B*heads,1,KV_dec,64,972;973,,,config+architecture,decode uses existing self-attention KV cache
models--Systran--faster-whisper-large-v3,976,decoder_decode_step,22,decoder.layers.22.self_attn.pv,batched_matmul,B*heads,1,64,KV_dec,975;974,,,config+architecture,
models--Systran--faster-whisper-large-v3,977,decoder_decode_step,22,decoder.layers.22.self_attn.out_proj,linear,,B,1280,1280,976,decoder.layers.22.self_attn.out_proj.weight,"[1280,1280]",config+architecture,
models--Systran--faster-whisper-large-v3,978,decoder_decode_step,22,decoder.layers.22.encoder_attn.q_proj,linear,,B,1280,1280,977,decoder.layers.22.encoder_attn.q_proj.weight,"[1280,1280]",config+architecture,
models--Systran--faster-whisper-large-v3,979,decoder_decode_step,22,decoder.layers.22.encoder_attn.qk,batched_matmul,B*heads,1,T_enc,64,978,,,config+architecture,cross-attention K is cached during decode step
models--Systran--faster-whisper-large-v3,980,decoder_decode_step,22,decoder.layers.22.encoder_attn.pv,batched_matmul,B*heads,1,64,T_enc,979,,,config+architecture,cross-attention V is cached during decode step
models--Systran--faster-whisper-large-v3,981,decoder_decode_step,22,decoder.layers.22.encoder_attn.out_proj,linear,,B,1280,1280,980,decoder.layers.22.encoder_attn.out_proj.weight,"[1280,1280]",config+architecture,
models--Systran--faster-whisper-large-v3,982,decoder_decode_step,22,decoder.layers.22.fc1,linear,,B,5120,1280,981,decoder.layers.22.fc1.weight,"[5120,1280]",config+architecture,
models--Systran--faster-whisper-large-v3,983,decoder_decode_step,22,decoder.layers.22.fc2,linear,,B,1280,5120,982,decoder.layers.22.fc2.weight,"[1280,5120]",config+architecture,
models--Systran--faster-whisper-large-v3,984,decoder_decode_step,23,decoder.layers.23.self_attn.q_proj,linear,,B,1280,1280,983,decoder.layers.23.self_attn.q_proj.weight,"[1280,1280]",config+architecture,
models--Systran--faster-whisper-large-v3,985,decoder_decode_step,23,decoder.layers.23.self_attn.k_proj,linear,,B,1280,1280,983,decoder.layers.23.self_attn.k_proj.weight,"[1280,1280]",config+architecture,
models--Systran--faster-whisper-large-v3,986,decoder_decode_step,23,decoder.layers.23.self_attn.v_proj,linear,,B,1280,1280,983,decoder.layers.23.self_attn.v_proj.weight,"[1280,1280]",config+architecture,
models--Systran--faster-whisper-large-v3,987,decoder_decode_step,23,decoder.layers.23.self_attn.qk,batched_matmul,B*heads,1,KV_dec,64,984;985,,,config+architecture,decode uses existing self-attention KV cache
models--Systran--faster-whisper-large-v3,988,decoder_decode_step,23,decoder.layers.23.self_attn.pv,batched_matmul,B*heads,1,64,KV_dec,987;986,,,config+architecture,
models--Systran--faster-whisper-large-v3,989,decoder_decode_step,23,decoder.layers.23.self_attn.out_proj,linear,,B,1280,1280,988,decoder.layers.23.self_attn.out_proj.weight,"[1280,1280]",config+architecture,
models--Systran--faster-whisper-large-v3,990,decoder_decode_step,23,decoder.layers.23.encoder_attn.q_proj,linear,,B,1280,1280,989,decoder.layers.23.encoder_attn.q_proj.weight,"[1280,1280]",config+architecture,
models--Systran--faster-whisper-large-v3,991,decoder_decode_step,23,decoder.layers.23.encoder_attn.qk,batched_matmul,B*heads,1,T_enc,64,990,,,config+architecture,cross-attention K is cached during decode step
models--Systran--faster-whisper-large-v3,992,decoder_decode_step,23,decoder.layers.23.encoder_attn.pv,batched_matmul,B*heads,1,64,T_enc,991,,,config+architecture,cross-attention V is cached during decode step
models--Systran--faster-whisper-large-v3,993,decoder_decode_step,23,decoder.layers.23.encoder_attn.out_proj,linear,,B,1280,1280,992,decoder.layers.23.encoder_attn.out_proj.weight,"[1280,1280]",config+architecture,
models--Systran--faster-whisper-large-v3,994,decoder_decode_step,23,decoder.layers.23.fc1,linear,,B,5120,1280,993,decoder.layers.23.fc1.weight,"[5120,1280]",config+architecture,
models--Systran--faster-whisper-large-v3,995,decoder_decode_step,23,decoder.layers.23.fc2,linear,,B,1280,5120,994,decoder.layers.23.fc2.weight,"[1280,5120]",config+architecture,
models--Systran--faster-whisper-large-v3,996,decoder_decode_step,24,decoder.layers.24.self_attn.q_proj,linear,,B,1280,1280,995,decoder.layers.24.self_attn.q_proj.weight,"[1280,1280]",config+architecture,
models--Systran--faster-whisper-large-v3,997,decoder_decode_step,24,decoder.layers.24.self_attn.k_proj,linear,,B,1280,1280,995,decoder.layers.24.self_attn.k_proj.weight,"[1280,1280]",config+architecture,
models--Systran--faster-whisper-large-v3,998,decoder_decode_step,24,decoder.layers.24.self_attn.v_proj,linear,,B,1280,1280,995,decoder.layers.24.self_attn.v_proj.weight,"[1280,1280]",config+architecture,
models--Systran--faster-whisper-large-v3,999,decoder_decode_step,24,decoder.layers.24.self_attn.qk,batched_matmul,B*heads,1,KV_dec,64,996;997,,,config+architecture,decode uses existing self-attention KV cache
models--Systran--faster-whisper-large-v3,1000,decoder_decode_step,24,decoder.layers.24.self_attn.pv,batched_matmul,B*heads,1,64,KV_dec,999;998,,,config+architecture,
models--Systran--faster-whisper-large-v3,1001,decoder_decode_step,24,decoder.layers.24.self_attn.out_proj,linear,,B,1280,1280,1000,decoder.layers.24.self_attn.out_proj.weight,"[1280,1280]",config+architecture,
models--Systran--faster-whisper-large-v3,1002,decoder_decode_step,24,decoder.layers.24.encoder_attn.q_proj,linear,,B,1280,1280,1001,decoder.layers.24.encoder_attn.q_proj.weight,"[1280,1280]",config+architecture,
models--Systran--faster-whisper-large-v3,1003,decoder_decode_step,24,decoder.layers.24.encoder_attn.qk,batched_matmul,B*heads,1,T_enc,64,1002,,,config+architecture,cross-attention K is cached during decode step
models--Systran--faster-whisper-large-v3,1004,decoder_decode_step,24,decoder.layers.24.encoder_attn.pv,batched_matmul,B*heads,1,64,T_enc,1003,,,config+architecture,cross-attention V is cached during decode step
models--Systran--faster-whisper-large-v3,1005,decoder_decode_step,24,decoder.layers.24.encoder_attn.out_proj,linear,,B,1280,1280,1004,decoder.layers.24.encoder_attn.out_proj.weight,"[1280,1280]",config+architecture,
models--Systran--faster-whisper-large-v3,1006,decoder_decode_step,24,decoder.layers.24.fc1,linear,,B,5120,1280,1005,decoder.layers.24.fc1.weight,"[5120,1280]",config+architecture,
models--Systran--faster-whisper-large-v3,1007,decoder_decode_step,24,decoder.layers.24.fc2,linear,,B,1280,5120,1006,decoder.layers.24.fc2.weight,"[1280,5120]",config+architecture,
models--Systran--faster-whisper-large-v3,1008,decoder_decode_step,25,decoder.layers.25.self_attn.q_proj,linear,,B,1280,1280,1007,decoder.layers.25.self_attn.q_proj.weight,"[1280,1280]",config+architecture,
models--Systran--faster-whisper-large-v3,1009,decoder_decode_step,25,decoder.layers.25.self_attn.k_proj,linear,,B,1280,1280,1007,decoder.layers.25.self_attn.k_proj.weight,"[1280,1280]",config+architecture,
models--Systran--faster-whisper-large-v3,1010,decoder_decode_step,25,decoder.layers.25.self_attn.v_proj,linear,,B,1280,1280,1007,decoder.layers.25.self_attn.v_proj.weight,"[1280,1280]",config+architecture,
models--Systran--faster-whisper-large-v3,1011,decoder_decode_step,25,decoder.layers.25.self_attn.qk,batched_matmul,B*heads,1,KV_dec,64,1008;1009,,,config+architecture,decode uses existing self-attention KV cache
models--Systran--faster-whisper-large-v3,1012,decoder_decode_step,25,decoder.layers.25.self_attn.pv,batched_matmul,B*heads,1,64,KV_dec,1011;1010,,,config+architecture,
models--Systran--faster-whisper-large-v3,1013,decoder_decode_step,25,decoder.layers.25.self_attn.out_proj,linear,,B,1280,1280,1012,decoder.layers.25.self_attn.out_proj.weight,"[1280,1280]",config+architecture,
models--Systran--faster-whisper-large-v3,1014,decoder_decode_step,25,decoder.layers.25.encoder_attn.q_proj,linear,,B,1280,1280,1013,decoder.layers.25.encoder_attn.q_proj.weight,"[1280,1280]",config+architecture,
models--Systran--faster-whisper-large-v3,1015,decoder_decode_step,25,decoder.layers.25.encoder_attn.qk,batched_matmul,B*heads,1,T_enc,64,1014,,,config+architecture,cross-attention K is cached during decode step
models--Systran--faster-whisper-large-v3,1016,decoder_decode_step,25,decoder.layers.25.encoder_attn.pv,batched_matmul,B*heads,1,64,T_enc,1015,,,config+architecture,cross-attention V is cached during decode step
models--Systran--faster-whisper-large-v3,1017,decoder_decode_step,25,decoder.layers.25.encoder_attn.out_proj,linear,,B,1280,1280,1016,decoder.layers.25.encoder_attn.out_proj.weight,"[1280,1280]",config+architecture,
models--Systran--faster-whisper-large-v3,1018,decoder_decode_step,25,decoder.layers.25.fc1,linear,,B,5120,1280,1017,decoder.layers.25.fc1.weight,"[5120,1280]",config+architecture,
models--Systran--faster-whisper-large-v3,1019,decoder_decode_step,25,decoder.layers.25.fc2,linear,,B,1280,5120,1018,decoder.layers.25.fc2.weight,"[1280,5120]",config+architecture,
models--Systran--faster-whisper-large-v3,1020,decoder_decode_step,26,decoder.layers.26.self_attn.q_proj,linear,,B,1280,1280,1019,decoder.layers.26.self_attn.q_proj.weight,"[1280,1280]",config+architecture,
models--Systran--faster-whisper-large-v3,1021,decoder_decode_step,26,decoder.layers.26.self_attn.k_proj,linear,,B,1280,1280,1019,decoder.layers.26.self_attn.k_proj.weight,"[1280,1280]",config+architecture,
models--Systran--faster-whisper-large-v3,1022,decoder_decode_step,26,decoder.layers.26.self_attn.v_proj,linear,,B,1280,1280,1019,decoder.layers.26.self_attn.v_proj.weight,"[1280,1280]",config+architecture,
models--Systran--faster-whisper-large-v3,1023,decoder_decode_step,26,decoder.layers.26.self_attn.qk,batched_matmul,B*heads,1,KV_dec,64,1020;1021,,,config+architecture,decode uses existing self-attention KV cache
models--Systran--faster-whisper-large-v3,1024,decoder_decode_step,26,decoder.layers.26.self_attn.pv,batched_matmul,B*heads,1,64,KV_dec,1023;1022,,,config+architecture,
models--Systran--faster-whisper-large-v3,1025,decoder_decode_step,26,decoder.layers.26.self_attn.out_proj,linear,,B,1280,1280,1024,decoder.layers.26.self_attn.out_proj.weight,"[1280,1280]",config+architecture,
models--Systran--faster-whisper-large-v3,1026,decoder_decode_step,26,decoder.layers.26.encoder_attn.q_proj,linear,,B,1280,1280,1025,decoder.layers.26.encoder_attn.q_proj.weight,"[1280,1280]",config+architecture,
models--Systran--faster-whisper-large-v3,1027,decoder_decode_step,26,decoder.layers.26.encoder_attn.qk,batched_matmul,B*heads,1,T_enc,64,1026,,,config+architecture,cross-attention K is cached during decode step
models--Systran--faster-whisper-large-v3,1028,decoder_decode_step,26,decoder.layers.26.encoder_attn.pv,batched_matmul,B*heads,1,64,T_enc,1027,,,config+architecture,cross-attention V is cached during decode step
models--Systran--faster-whisper-large-v3,1029,decoder_decode_step,26,decoder.layers.26.encoder_attn.out_proj,linear,,B,1280,1280,1028,decoder.layers.26.encoder_attn.out_proj.weight,"[1280,1280]",config+architecture,
models--Systran--faster-whisper-large-v3,1030,decoder_decode_step,26,decoder.layers.26.fc1,linear,,B,5120,1280,1029,decoder.layers.26.fc1.weight,"[5120,1280]",config+architecture,
models--Systran--faster-whisper-large-v3,1031,decoder_decode_step,26,decoder.layers.26.fc2,linear,,B,1280,5120,1030,decoder.layers.26.fc2.weight,"[1280,5120]",config+architecture,
models--Systran--faster-whisper-large-v3,1032,decoder_decode_step,27,decoder.layers.27.self_attn.q_proj,linear,,B,1280,1280,1031,decoder.layers.27.self_attn.q_proj.weight,"[1280,1280]",config+architecture,
models--Systran--faster-whisper-large-v3,1033,decoder_decode_step,27,decoder.layers.27.self_attn.k_proj,linear,,B,1280,1280,1031,decoder.layers.27.self_attn.k_proj.weight,"[1280,1280]",config+architecture,
models--Systran--faster-whisper-large-v3,1034,decoder_decode_step,27,decoder.layers.27.self_attn.v_proj,linear,,B,1280,1280,1031,decoder.layers.27.self_attn.v_proj.weight,"[1280,1280]",config+architecture,
models--Systran--faster-whisper-large-v3,1035,decoder_decode_step,27,decoder.layers.27.self_attn.qk,batched_matmul,B*heads,1,KV_dec,64,1032;1033,,,config+architecture,decode uses existing self-attention KV cache
models--Systran--faster-whisper-large-v3,1036,decoder_decode_step,27,decoder.layers.27.self_attn.pv,batched_matmul,B*heads,1,64,KV_dec,1035;1034,,,config+architecture,
models--Systran--faster-whisper-large-v3,1037,decoder_decode_step,27,decoder.layers.27.self_attn.out_proj,linear,,B,1280,1280,1036,decoder.layers.27.self_attn.out_proj.weight,"[1280,1280]",config+architecture,
models--Systran--faster-whisper-large-v3,1038,decoder_decode_step,27,decoder.layers.27.encoder_attn.q_proj,linear,,B,1280,1280,1037,decoder.layers.27.encoder_attn.q_proj.weight,"[1280,1280]",config+architecture,
models--Systran--faster-whisper-large-v3,1039,decoder_decode_step,27,decoder.layers.27.encoder_attn.qk,batched_matmul,B*heads,1,T_enc,64,1038,,,config+architecture,cross-attention K is cached during decode step
models--Systran--faster-whisper-large-v3,1040,decoder_decode_step,27,decoder.layers.27.encoder_attn.pv,batched_matmul,B*heads,1,64,T_enc,1039,,,config+architecture,cross-attention V is cached during decode step
models--Systran--faster-whisper-large-v3,1041,decoder_decode_step,27,decoder.layers.27.encoder_attn.out_proj,linear,,B,1280,1280,1040,decoder.layers.27.encoder_attn.out_proj.weight,"[1280,1280]",config+architecture,
models--Systran--faster-whisper-large-v3,1042,decoder_decode_step,27,decoder.layers.27.fc1,linear,,B,5120,1280,1041,decoder.layers.27.fc1.weight,"[5120,1280]",config+architecture,
models--Systran--faster-whisper-large-v3,1043,decoder_decode_step,27,decoder.layers.27.fc2,linear,,B,1280,5120,1042,decoder.layers.27.fc2.weight,"[1280,5120]",config+architecture,
models--Systran--faster-whisper-large-v3,1044,decoder_decode_step,28,decoder.layers.28.self_attn.q_proj,linear,,B,1280,1280,1043,decoder.layers.28.self_attn.q_proj.weight,"[1280,1280]",config+architecture,
models--Systran--faster-whisper-large-v3,1045,decoder_decode_step,28,decoder.layers.28.self_attn.k_proj,linear,,B,1280,1280,1043,decoder.layers.28.self_attn.k_proj.weight,"[1280,1280]",config+architecture,
models--Systran--faster-whisper-large-v3,1046,decoder_decode_step,28,decoder.layers.28.self_attn.v_proj,linear,,B,1280,1280,1043,decoder.layers.28.self_attn.v_proj.weight,"[1280,1280]",config+architecture,
models--Systran--faster-whisper-large-v3,1047,decoder_decode_step,28,decoder.layers.28.self_attn.qk,batched_matmul,B*heads,1,KV_dec,64,1044;1045,,,config+architecture,decode uses existing self-attention KV cache
models--Systran--faster-whisper-large-v3,1048,decoder_decode_step,28,decoder.layers.28.self_attn.pv,batched_matmul,B*heads,1,64,KV_dec,1047;1046,,,config+architecture,
models--Systran--faster-whisper-large-v3,1049,decoder_decode_step,28,decoder.layers.28.self_attn.out_proj,linear,,B,1280,1280,1048,decoder.layers.28.self_attn.out_proj.weight,"[1280,1280]",config+architecture,
models--Systran--faster-whisper-large-v3,1050,decoder_decode_step,28,decoder.layers.28.encoder_attn.q_proj,linear,,B,1280,1280,1049,decoder.layers.28.encoder_attn.q_proj.weight,"[1280,1280]",config+architecture,
models--Systran--faster-whisper-large-v3,1051,decoder_decode_step,28,decoder.layers.28.encoder_attn.qk,batched_matmul,B*heads,1,T_enc,64,1050,,,config+architecture,cross-attention K is cached during decode step
models--Systran--faster-whisper-large-v3,1052,decoder_decode_step,28,decoder.layers.28.encoder_attn.pv,batched_matmul,B*heads,1,64,T_enc,1051,,,config+architecture,cross-attention V is cached during decode step
models--Systran--faster-whisper-large-v3,1053,decoder_decode_step,28,decoder.layers.28.encoder_attn.out_proj,linear,,B,1280,1280,1052,decoder.layers.28.encoder_attn.out_proj.weight,"[1280,1280]",config+architecture,
models--Systran--faster-whisper-large-v3,1054,decoder_decode_step,28,decoder.layers.28.fc1,linear,,B,5120,1280,1053,decoder.layers.28.fc1.weight,"[5120,1280]",config+architecture,
models--Systran--faster-whisper-large-v3,1055,decoder_decode_step,28,decoder.layers.28.fc2,linear,,B,1280,5120,1054,decoder.layers.28.fc2.weight,"[1280,5120]",config+architecture,
models--Systran--faster-whisper-large-v3,1056,decoder_decode_step,29,decoder.layers.29.self_attn.q_proj,linear,,B,1280,1280,1055,decoder.layers.29.self_attn.q_proj.weight,"[1280,1280]",config+architecture,
models--Systran--faster-whisper-large-v3,1057,decoder_decode_step,29,decoder.layers.29.self_attn.k_proj,linear,,B,1280,1280,1055,decoder.layers.29.self_attn.k_proj.weight,"[1280,1280]",config+architecture,
models--Systran--faster-whisper-large-v3,1058,decoder_decode_step,29,decoder.layers.29.self_attn.v_proj,linear,,B,1280,1280,1055,decoder.layers.29.self_attn.v_proj.weight,"[1280,1280]",config+architecture,
models--Systran--faster-whisper-large-v3,1059,decoder_decode_step,29,decoder.layers.29.self_attn.qk,batched_matmul,B*heads,1,KV_dec,64,1056;1057,,,config+architecture,decode uses existing self-attention KV cache
models--Systran--faster-whisper-large-v3,1060,decoder_decode_step,29,decoder.layers.29.self_attn.pv,batched_matmul,B*heads,1,64,KV_dec,1059;1058,,,config+architecture,
models--Systran--faster-whisper-large-v3,1061,decoder_decode_step,29,decoder.layers.29.self_attn.out_proj,linear,,B,1280,1280,1060,decoder.layers.29.self_attn.out_proj.weight,"[1280,1280]",config+architecture,
models--Systran--faster-whisper-large-v3,1062,decoder_decode_step,29,decoder.layers.29.encoder_attn.q_proj,linear,,B,1280,1280,1061,decoder.layers.29.encoder_attn.q_proj.weight,"[1280,1280]",config+architecture,
models--Systran--faster-whisper-large-v3,1063,decoder_decode_step,29,decoder.layers.29.encoder_attn.qk,batched_matmul,B*heads,1,T_enc,64,1062,,,config+architecture,cross-attention K is cached during decode step
models--Systran--faster-whisper-large-v3,1064,decoder_decode_step,29,decoder.layers.29.encoder_attn.pv,batched_matmul,B*heads,1,64,T_enc,1063,,,config+architecture,cross-attention V is cached during decode step
models--Systran--faster-whisper-large-v3,1065,decoder_decode_step,29,decoder.layers.29.encoder_attn.out_proj,linear,,B,1280,1280,1064,decoder.layers.29.encoder_attn.out_proj.weight,"[1280,1280]",config+architecture,
models--Systran--faster-whisper-large-v3,1066,decoder_decode_step,29,decoder.layers.29.fc1,linear,,B,5120,1280,1065,decoder.layers.29.fc1.weight,"[5120,1280]",config+architecture,
models--Systran--faster-whisper-large-v3,1067,decoder_decode_step,29,decoder.layers.29.fc2,linear,,B,1280,5120,1066,decoder.layers.29.fc2.weight,"[1280,5120]",config+architecture,
models--Systran--faster-whisper-large-v3,1068,decoder_decode_step,30,decoder.layers.30.self_attn.q_proj,linear,,B,1280,1280,1067,decoder.layers.30.self_attn.q_proj.weight,"[1280,1280]",config+architecture,
models--Systran--faster-whisper-large-v3,1069,decoder_decode_step,30,decoder.layers.30.self_attn.k_proj,linear,,B,1280,1280,1067,decoder.layers.30.self_attn.k_proj.weight,"[1280,1280]",config+architecture,
models--Systran--faster-whisper-large-v3,1070,decoder_decode_step,30,decoder.layers.30.self_attn.v_proj,linear,,B,1280,1280,1067,decoder.layers.30.self_attn.v_proj.weight,"[1280,1280]",config+architecture,
models--Systran--faster-whisper-large-v3,1071,decoder_decode_step,30,decoder.layers.30.self_attn.qk,batched_matmul,B*heads,1,KV_dec,64,1068;1069,,,config+architecture,decode uses existing self-attention KV cache
models--Systran--faster-whisper-large-v3,1072,decoder_decode_step,30,decoder.layers.30.self_attn.pv,batched_matmul,B*heads,1,64,KV_dec,1071;1070,,,config+architecture,
models--Systran--faster-whisper-large-v3,1073,decoder_decode_step,30,decoder.layers.30.self_attn.out_proj,linear,,B,1280,1280,1072,decoder.layers.30.self_attn.out_proj.weight,"[1280,1280]",config+architecture,
models--Systran--faster-whisper-large-v3,1074,decoder_decode_step,30,decoder.layers.30.encoder_attn.q_proj,linear,,B,1280,1280,1073,decoder.layers.30.encoder_attn.q_proj.weight,"[1280,1280]",config+architecture,
models--Systran--faster-whisper-large-v3,1075,decoder_decode_step,30,decoder.layers.30.encoder_attn.qk,batched_matmul,B*heads,1,T_enc,64,1074,,,config+architecture,cross-attention K is cached during decode step
models--Systran--faster-whisper-large-v3,1076,decoder_decode_step,30,decoder.layers.30.encoder_attn.pv,batched_matmul,B*heads,1,64,T_enc,1075,,,config+architecture,cross-attention V is cached during decode step
models--Systran--faster-whisper-large-v3,1077,decoder_decode_step,30,decoder.layers.30.encoder_attn.out_proj,linear,,B,1280,1280,1076,decoder.layers.30.encoder_attn.out_proj.weight,"[1280,1280]",config+architecture,
models--Systran--faster-whisper-large-v3,1078,decoder_decode_step,30,decoder.layers.30.fc1,linear,,B,5120,1280,1077,decoder.layers.30.fc1.weight,"[5120,1280]",config+architecture,
models--Systran--faster-whisper-large-v3,1079,decoder_decode_step,30,decoder.layers.30.fc2,linear,,B,1280,5120,1078,decoder.layers.30.fc2.weight,"[1280,5120]",config+architecture,
models--Systran--faster-whisper-large-v3,1080,decoder_decode_step,31,decoder.layers.31.self_attn.q_proj,linear,,B,1280,1280,1079,decoder.layers.31.self_attn.q_proj.weight,"[1280,1280]",config+architecture,
models--Systran--faster-whisper-large-v3,1081,decoder_decode_step,31,decoder.layers.31.self_attn.k_proj,linear,,B,1280,1280,1079,decoder.layers.31.self_attn.k_proj.weight,"[1280,1280]",config+architecture,
models--Systran--faster-whisper-large-v3,1082,decoder_decode_step,31,decoder.layers.31.self_attn.v_proj,linear,,B,1280,1280,1079,decoder.layers.31.self_attn.v_proj.weight,"[1280,1280]",config+architecture,
models--Systran--faster-whisper-large-v3,1083,decoder_decode_step,31,decoder.layers.31.self_attn.qk,batched_matmul,B*heads,1,KV_dec,64,1080;1081,,,config+architecture,decode uses existing self-attention KV cache
models--Systran--faster-whisper-large-v3,1084,decoder_decode_step,31,decoder.layers.31.self_attn.pv,batched_matmul,B*heads,1,64,KV_dec,1083;1082,,,config+architecture,
models--Systran--faster-whisper-large-v3,1085,decoder_decode_step,31,decoder.layers.31.self_attn.out_proj,linear,,B,1280,1280,1084,decoder.layers.31.self_attn.out_proj.weight,"[1280,1280]",config+architecture,
models--Systran--faster-whisper-large-v3,1086,decoder_decode_step,31,decoder.layers.31.encoder_attn.q_proj,linear,,B,1280,1280,1085,decoder.layers.31.encoder_attn.q_proj.weight,"[1280,1280]",config+architecture,
models--Systran--faster-whisper-large-v3,1087,decoder_decode_step,31,decoder.layers.31.encoder_attn.qk,batched_matmul,B*heads,1,T_enc,64,1086,,,config+architecture,cross-attention K is cached during decode step
models--Systran--faster-whisper-large-v3,1088,decoder_decode_step,31,decoder.layers.31.encoder_attn.pv,batched_matmul,B*heads,1,64,T_enc,1087,,,config+architecture,cross-attention V is cached during decode step
models--Systran--faster-whisper-large-v3,1089,decoder_decode_step,31,decoder.layers.31.encoder_attn.out_proj,linear,,B,1280,1280,1088,decoder.layers.31.encoder_attn.out_proj.weight,"[1280,1280]",config+architecture,
models--Systran--faster-whisper-large-v3,1090,decoder_decode_step,31,decoder.layers.31.fc1,linear,,B,5120,1280,1089,decoder.layers.31.fc1.weight,"[5120,1280]",config+architecture,
models--Systran--faster-whisper-large-v3,1091,decoder_decode_step,31,decoder.layers.31.fc2,linear,,B,1280,5120,1090,decoder.layers.31.fc2.weight,"[1280,5120]",config+architecture,
models--Systran--faster-whisper-large-v3,1092,decoder_decode_step,output,proj_out,linear,,B,51866,1280,1091,proj_out.weight/tied decoder embed_tokens,"[51866,1280]",config+architecture,
