model,op_id,phase,layer,module,op_kind,batch_dims,M,N,K,deps,weight,weight_shape,provenance,notes
models--Systran--faster-whisper-medium,1,encoder,frontend,encoder.conv1,conv1d_im2col_equivalent,,B*T_audio,1024,240,,encoder.conv1.weight,"[1024,80,3]",variant+standard_whisper,"kernel=3,stride=1,padding=1"
models--Systran--faster-whisper-medium,2,encoder,frontend,encoder.conv2,conv1d_im2col_equivalent,,B*T_enc,1024,3072,1,encoder.conv2.weight,"[1024,1024,3]",variant+standard_whisper,"kernel=3,stride=2,padding=1; T_enc=ceil(T_audio/2)"
models--Systran--faster-whisper-medium,3,encoder,0,encoder.layers.0.self_attn.q_proj,linear,,B*T_enc,1024,1024,2,encoder.layers.0.self_attn.q_proj.weight,"[1024,1024]",config+architecture,
models--Systran--faster-whisper-medium,4,encoder,0,encoder.layers.0.self_attn.k_proj,linear,,B*T_enc,1024,1024,2,encoder.layers.0.self_attn.k_proj.weight,"[1024,1024]",config+architecture,
models--Systran--faster-whisper-medium,5,encoder,0,encoder.layers.0.self_attn.v_proj,linear,,B*T_enc,1024,1024,2,encoder.layers.0.self_attn.v_proj.weight,"[1024,1024]",config+architecture,
models--Systran--faster-whisper-medium,6,encoder,0,encoder.layers.0.self_attn.qk,batched_matmul,B*heads,T_enc,T_enc,64,3;4,,,config+architecture,
models--Systran--faster-whisper-medium,7,encoder,0,encoder.layers.0.self_attn.pv,batched_matmul,B*heads,T_enc,64,T_enc,6;5,,,config+architecture,
models--Systran--faster-whisper-medium,8,encoder,0,encoder.layers.0.self_attn.out_proj,linear,,B*T_enc,1024,1024,7,encoder.layers.0.self_attn.out_proj.weight,"[1024,1024]",config+architecture,
models--Systran--faster-whisper-medium,9,encoder,0,encoder.layers.0.fc1,linear,,B*T_enc,4096,1024,8,encoder.layers.0.fc1.weight,"[4096,1024]",config+architecture,
models--Systran--faster-whisper-medium,10,encoder,0,encoder.layers.0.fc2,linear,,B*T_enc,1024,4096,9,encoder.layers.0.fc2.weight,"[1024,4096]",config+architecture,
models--Systran--faster-whisper-medium,11,encoder,1,encoder.layers.1.self_attn.q_proj,linear,,B*T_enc,1024,1024,10,encoder.layers.1.self_attn.q_proj.weight,"[1024,1024]",config+architecture,
models--Systran--faster-whisper-medium,12,encoder,1,encoder.layers.1.self_attn.k_proj,linear,,B*T_enc,1024,1024,10,encoder.layers.1.self_attn.k_proj.weight,"[1024,1024]",config+architecture,
models--Systran--faster-whisper-medium,13,encoder,1,encoder.layers.1.self_attn.v_proj,linear,,B*T_enc,1024,1024,10,encoder.layers.1.self_attn.v_proj.weight,"[1024,1024]",config+architecture,
models--Systran--faster-whisper-medium,14,encoder,1,encoder.layers.1.self_attn.qk,batched_matmul,B*heads,T_enc,T_enc,64,11;12,,,config+architecture,
models--Systran--faster-whisper-medium,15,encoder,1,encoder.layers.1.self_attn.pv,batched_matmul,B*heads,T_enc,64,T_enc,14;13,,,config+architecture,
models--Systran--faster-whisper-medium,16,encoder,1,encoder.layers.1.self_attn.out_proj,linear,,B*T_enc,1024,1024,15,encoder.layers.1.self_attn.out_proj.weight,"[1024,1024]",config+architecture,
models--Systran--faster-whisper-medium,17,encoder,1,encoder.layers.1.fc1,linear,,B*T_enc,4096,1024,16,encoder.layers.1.fc1.weight,"[4096,1024]",config+architecture,
models--Systran--faster-whisper-medium,18,encoder,1,encoder.layers.1.fc2,linear,,B*T_enc,1024,4096,17,encoder.layers.1.fc2.weight,"[1024,4096]",config+architecture,
models--Systran--faster-whisper-medium,19,encoder,2,encoder.layers.2.self_attn.q_proj,linear,,B*T_enc,1024,1024,18,encoder.layers.2.self_attn.q_proj.weight,"[1024,1024]",config+architecture,
models--Systran--faster-whisper-medium,20,encoder,2,encoder.layers.2.self_attn.k_proj,linear,,B*T_enc,1024,1024,18,encoder.layers.2.self_attn.k_proj.weight,"[1024,1024]",config+architecture,
models--Systran--faster-whisper-medium,21,encoder,2,encoder.layers.2.self_attn.v_proj,linear,,B*T_enc,1024,1024,18,encoder.layers.2.self_attn.v_proj.weight,"[1024,1024]",config+architecture,
models--Systran--faster-whisper-medium,22,encoder,2,encoder.layers.2.self_attn.qk,batched_matmul,B*heads,T_enc,T_enc,64,19;20,,,config+architecture,
models--Systran--faster-whisper-medium,23,encoder,2,encoder.layers.2.self_attn.pv,batched_matmul,B*heads,T_enc,64,T_enc,22;21,,,config+architecture,
models--Systran--faster-whisper-medium,24,encoder,2,encoder.layers.2.self_attn.out_proj,linear,,B*T_enc,1024,1024,23,encoder.layers.2.self_attn.out_proj.weight,"[1024,1024]",config+architecture,
models--Systran--faster-whisper-medium,25,encoder,2,encoder.layers.2.fc1,linear,,B*T_enc,4096,1024,24,encoder.layers.2.fc1.weight,"[4096,1024]",config+architecture,
models--Systran--faster-whisper-medium,26,encoder,2,encoder.layers.2.fc2,linear,,B*T_enc,1024,4096,25,encoder.layers.2.fc2.weight,"[1024,4096]",config+architecture,
models--Systran--faster-whisper-medium,27,encoder,3,encoder.layers.3.self_attn.q_proj,linear,,B*T_enc,1024,1024,26,encoder.layers.3.self_attn.q_proj.weight,"[1024,1024]",config+architecture,
models--Systran--faster-whisper-medium,28,encoder,3,encoder.layers.3.self_attn.k_proj,linear,,B*T_enc,1024,1024,26,encoder.layers.3.self_attn.k_proj.weight,"[1024,1024]",config+architecture,
models--Systran--faster-whisper-medium,29,encoder,3,encoder.layers.3.self_attn.v_proj,linear,,B*T_enc,1024,1024,26,encoder.layers.3.self_attn.v_proj.weight,"[1024,1024]",config+architecture,
models--Systran--faster-whisper-medium,30,encoder,3,encoder.layers.3.self_attn.qk,batched_matmul,B*heads,T_enc,T_enc,64,27;28,,,config+architecture,
models--Systran--faster-whisper-medium,31,encoder,3,encoder.layers.3.self_attn.pv,batched_matmul,B*heads,T_enc,64,T_enc,30;29,,,config+architecture,
models--Systran--faster-whisper-medium,32,encoder,3,encoder.layers.3.self_attn.out_proj,linear,,B*T_enc,1024,1024,31,encoder.layers.3.self_attn.out_proj.weight,"[1024,1024]",config+architecture,
models--Systran--faster-whisper-medium,33,encoder,3,encoder.layers.3.fc1,linear,,B*T_enc,4096,1024,32,encoder.layers.3.fc1.weight,"[4096,1024]",config+architecture,
models--Systran--faster-whisper-medium,34,encoder,3,encoder.layers.3.fc2,linear,,B*T_enc,1024,4096,33,encoder.layers.3.fc2.weight,"[1024,4096]",config+architecture,
models--Systran--faster-whisper-medium,35,encoder,4,encoder.layers.4.self_attn.q_proj,linear,,B*T_enc,1024,1024,34,encoder.layers.4.self_attn.q_proj.weight,"[1024,1024]",config+architecture,
models--Systran--faster-whisper-medium,36,encoder,4,encoder.layers.4.self_attn.k_proj,linear,,B*T_enc,1024,1024,34,encoder.layers.4.self_attn.k_proj.weight,"[1024,1024]",config+architecture,
models--Systran--faster-whisper-medium,37,encoder,4,encoder.layers.4.self_attn.v_proj,linear,,B*T_enc,1024,1024,34,encoder.layers.4.self_attn.v_proj.weight,"[1024,1024]",config+architecture,
models--Systran--faster-whisper-medium,38,encoder,4,encoder.layers.4.self_attn.qk,batched_matmul,B*heads,T_enc,T_enc,64,35;36,,,config+architecture,
models--Systran--faster-whisper-medium,39,encoder,4,encoder.layers.4.self_attn.pv,batched_matmul,B*heads,T_enc,64,T_enc,38;37,,,config+architecture,
models--Systran--faster-whisper-medium,40,encoder,4,encoder.layers.4.self_attn.out_proj,linear,,B*T_enc,1024,1024,39,encoder.layers.4.self_attn.out_proj.weight,"[1024,1024]",config+architecture,
models--Systran--faster-whisper-medium,41,encoder,4,encoder.layers.4.fc1,linear,,B*T_enc,4096,1024,40,encoder.layers.4.fc1.weight,"[4096,1024]",config+architecture,
models--Systran--faster-whisper-medium,42,encoder,4,encoder.layers.4.fc2,linear,,B*T_enc,1024,4096,41,encoder.layers.4.fc2.weight,"[1024,4096]",config+architecture,
models--Systran--faster-whisper-medium,43,encoder,5,encoder.layers.5.self_attn.q_proj,linear,,B*T_enc,1024,1024,42,encoder.layers.5.self_attn.q_proj.weight,"[1024,1024]",config+architecture,
models--Systran--faster-whisper-medium,44,encoder,5,encoder.layers.5.self_attn.k_proj,linear,,B*T_enc,1024,1024,42,encoder.layers.5.self_attn.k_proj.weight,"[1024,1024]",config+architecture,
models--Systran--faster-whisper-medium,45,encoder,5,encoder.layers.5.self_attn.v_proj,linear,,B*T_enc,1024,1024,42,encoder.layers.5.self_attn.v_proj.weight,"[1024,1024]",config+architecture,
models--Systran--faster-whisper-medium,46,encoder,5,encoder.layers.5.self_attn.qk,batched_matmul,B*heads,T_enc,T_enc,64,43;44,,,config+architecture,
models--Systran--faster-whisper-medium,47,encoder,5,encoder.layers.5.self_attn.pv,batched_matmul,B*heads,T_enc,64,T_enc,46;45,,,config+architecture,
models--Systran--faster-whisper-medium,48,encoder,5,encoder.layers.5.self_attn.out_proj,linear,,B*T_enc,1024,1024,47,encoder.layers.5.self_attn.out_proj.weight,"[1024,1024]",config+architecture,
models--Systran--faster-whisper-medium,49,encoder,5,encoder.layers.5.fc1,linear,,B*T_enc,4096,1024,48,encoder.layers.5.fc1.weight,"[4096,1024]",config+architecture,
models--Systran--faster-whisper-medium,50,encoder,5,encoder.layers.5.fc2,linear,,B*T_enc,1024,4096,49,encoder.layers.5.fc2.weight,"[1024,4096]",config+architecture,
models--Systran--faster-whisper-medium,51,encoder,6,encoder.layers.6.self_attn.q_proj,linear,,B*T_enc,1024,1024,50,encoder.layers.6.self_attn.q_proj.weight,"[1024,1024]",config+architecture,
models--Systran--faster-whisper-medium,52,encoder,6,encoder.layers.6.self_attn.k_proj,linear,,B*T_enc,1024,1024,50,encoder.layers.6.self_attn.k_proj.weight,"[1024,1024]",config+architecture,
models--Systran--faster-whisper-medium,53,encoder,6,encoder.layers.6.self_attn.v_proj,linear,,B*T_enc,1024,1024,50,encoder.layers.6.self_attn.v_proj.weight,"[1024,1024]",config+architecture,
models--Systran--faster-whisper-medium,54,encoder,6,encoder.layers.6.self_attn.qk,batched_matmul,B*heads,T_enc,T_enc,64,51;52,,,config+architecture,
models--Systran--faster-whisper-medium,55,encoder,6,encoder.layers.6.self_attn.pv,batched_matmul,B*heads,T_enc,64,T_enc,54;53,,,config+architecture,
models--Systran--faster-whisper-medium,56,encoder,6,encoder.layers.6.self_attn.out_proj,linear,,B*T_enc,1024,1024,55,encoder.layers.6.self_attn.out_proj.weight,"[1024,1024]",config+architecture,
models--Systran--faster-whisper-medium,57,encoder,6,encoder.layers.6.fc1,linear,,B*T_enc,4096,1024,56,encoder.layers.6.fc1.weight,"[4096,1024]",config+architecture,
models--Systran--faster-whisper-medium,58,encoder,6,encoder.layers.6.fc2,linear,,B*T_enc,1024,4096,57,encoder.layers.6.fc2.weight,"[1024,4096]",config+architecture,
models--Systran--faster-whisper-medium,59,encoder,7,encoder.layers.7.self_attn.q_proj,linear,,B*T_enc,1024,1024,58,encoder.layers.7.self_attn.q_proj.weight,"[1024,1024]",config+architecture,
models--Systran--faster-whisper-medium,60,encoder,7,encoder.layers.7.self_attn.k_proj,linear,,B*T_enc,1024,1024,58,encoder.layers.7.self_attn.k_proj.weight,"[1024,1024]",config+architecture,
models--Systran--faster-whisper-medium,61,encoder,7,encoder.layers.7.self_attn.v_proj,linear,,B*T_enc,1024,1024,58,encoder.layers.7.self_attn.v_proj.weight,"[1024,1024]",config+architecture,
models--Systran--faster-whisper-medium,62,encoder,7,encoder.layers.7.self_attn.qk,batched_matmul,B*heads,T_enc,T_enc,64,59;60,,,config+architecture,
models--Systran--faster-whisper-medium,63,encoder,7,encoder.layers.7.self_attn.pv,batched_matmul,B*heads,T_enc,64,T_enc,62;61,,,config+architecture,
models--Systran--faster-whisper-medium,64,encoder,7,encoder.layers.7.self_attn.out_proj,linear,,B*T_enc,1024,1024,63,encoder.layers.7.self_attn.out_proj.weight,"[1024,1024]",config+architecture,
models--Systran--faster-whisper-medium,65,encoder,7,encoder.layers.7.fc1,linear,,B*T_enc,4096,1024,64,encoder.layers.7.fc1.weight,"[4096,1024]",config+architecture,
models--Systran--faster-whisper-medium,66,encoder,7,encoder.layers.7.fc2,linear,,B*T_enc,1024,4096,65,encoder.layers.7.fc2.weight,"[1024,4096]",config+architecture,
models--Systran--faster-whisper-medium,67,encoder,8,encoder.layers.8.self_attn.q_proj,linear,,B*T_enc,1024,1024,66,encoder.layers.8.self_attn.q_proj.weight,"[1024,1024]",config+architecture,
models--Systran--faster-whisper-medium,68,encoder,8,encoder.layers.8.self_attn.k_proj,linear,,B*T_enc,1024,1024,66,encoder.layers.8.self_attn.k_proj.weight,"[1024,1024]",config+architecture,
models--Systran--faster-whisper-medium,69,encoder,8,encoder.layers.8.self_attn.v_proj,linear,,B*T_enc,1024,1024,66,encoder.layers.8.self_attn.v_proj.weight,"[1024,1024]",config+architecture,
models--Systran--faster-whisper-medium,70,encoder,8,encoder.layers.8.self_attn.qk,batched_matmul,B*heads,T_enc,T_enc,64,67;68,,,config+architecture,
models--Systran--faster-whisper-medium,71,encoder,8,encoder.layers.8.self_attn.pv,batched_matmul,B*heads,T_enc,64,T_enc,70;69,,,config+architecture,
models--Systran--faster-whisper-medium,72,encoder,8,encoder.layers.8.self_attn.out_proj,linear,,B*T_enc,1024,1024,71,encoder.layers.8.self_attn.out_proj.weight,"[1024,1024]",config+architecture,
models--Systran--faster-whisper-medium,73,encoder,8,encoder.layers.8.fc1,linear,,B*T_enc,4096,1024,72,encoder.layers.8.fc1.weight,"[4096,1024]",config+architecture,
models--Systran--faster-whisper-medium,74,encoder,8,encoder.layers.8.fc2,linear,,B*T_enc,1024,4096,73,encoder.layers.8.fc2.weight,"[1024,4096]",config+architecture,
models--Systran--faster-whisper-medium,75,encoder,9,encoder.layers.9.self_attn.q_proj,linear,,B*T_enc,1024,1024,74,encoder.layers.9.self_attn.q_proj.weight,"[1024,1024]",config+architecture,
models--Systran--faster-whisper-medium,76,encoder,9,encoder.layers.9.self_attn.k_proj,linear,,B*T_enc,1024,1024,74,encoder.layers.9.self_attn.k_proj.weight,"[1024,1024]",config+architecture,
models--Systran--faster-whisper-medium,77,encoder,9,encoder.layers.9.self_attn.v_proj,linear,,B*T_enc,1024,1024,74,encoder.layers.9.self_attn.v_proj.weight,"[1024,1024]",config+architecture,
models--Systran--faster-whisper-medium,78,encoder,9,encoder.layers.9.self_attn.qk,batched_matmul,B*heads,T_enc,T_enc,64,75;76,,,config+architecture,
models--Systran--faster-whisper-medium,79,encoder,9,encoder.layers.9.self_attn.pv,batched_matmul,B*heads,T_enc,64,T_enc,78;77,,,config+architecture,
models--Systran--faster-whisper-medium,80,encoder,9,encoder.layers.9.self_attn.out_proj,linear,,B*T_enc,1024,1024,79,encoder.layers.9.self_attn.out_proj.weight,"[1024,1024]",config+architecture,
models--Systran--faster-whisper-medium,81,encoder,9,encoder.layers.9.fc1,linear,,B*T_enc,4096,1024,80,encoder.layers.9.fc1.weight,"[4096,1024]",config+architecture,
models--Systran--faster-whisper-medium,82,encoder,9,encoder.layers.9.fc2,linear,,B*T_enc,1024,4096,81,encoder.layers.9.fc2.weight,"[1024,4096]",config+architecture,
models--Systran--faster-whisper-medium,83,encoder,10,encoder.layers.10.self_attn.q_proj,linear,,B*T_enc,1024,1024,82,encoder.layers.10.self_attn.q_proj.weight,"[1024,1024]",config+architecture,
models--Systran--faster-whisper-medium,84,encoder,10,encoder.layers.10.self_attn.k_proj,linear,,B*T_enc,1024,1024,82,encoder.layers.10.self_attn.k_proj.weight,"[1024,1024]",config+architecture,
models--Systran--faster-whisper-medium,85,encoder,10,encoder.layers.10.self_attn.v_proj,linear,,B*T_enc,1024,1024,82,encoder.layers.10.self_attn.v_proj.weight,"[1024,1024]",config+architecture,
models--Systran--faster-whisper-medium,86,encoder,10,encoder.layers.10.self_attn.qk,batched_matmul,B*heads,T_enc,T_enc,64,83;84,,,config+architecture,
models--Systran--faster-whisper-medium,87,encoder,10,encoder.layers.10.self_attn.pv,batched_matmul,B*heads,T_enc,64,T_enc,86;85,,,config+architecture,
models--Systran--faster-whisper-medium,88,encoder,10,encoder.layers.10.self_attn.out_proj,linear,,B*T_enc,1024,1024,87,encoder.layers.10.self_attn.out_proj.weight,"[1024,1024]",config+architecture,
models--Systran--faster-whisper-medium,89,encoder,10,encoder.layers.10.fc1,linear,,B*T_enc,4096,1024,88,encoder.layers.10.fc1.weight,"[4096,1024]",config+architecture,
models--Systran--faster-whisper-medium,90,encoder,10,encoder.layers.10.fc2,linear,,B*T_enc,1024,4096,89,encoder.layers.10.fc2.weight,"[1024,4096]",config+architecture,
models--Systran--faster-whisper-medium,91,encoder,11,encoder.layers.11.self_attn.q_proj,linear,,B*T_enc,1024,1024,90,encoder.layers.11.self_attn.q_proj.weight,"[1024,1024]",config+architecture,
models--Systran--faster-whisper-medium,92,encoder,11,encoder.layers.11.self_attn.k_proj,linear,,B*T_enc,1024,1024,90,encoder.layers.11.self_attn.k_proj.weight,"[1024,1024]",config+architecture,
models--Systran--faster-whisper-medium,93,encoder,11,encoder.layers.11.self_attn.v_proj,linear,,B*T_enc,1024,1024,90,encoder.layers.11.self_attn.v_proj.weight,"[1024,1024]",config+architecture,
models--Systran--faster-whisper-medium,94,encoder,11,encoder.layers.11.self_attn.qk,batched_matmul,B*heads,T_enc,T_enc,64,91;92,,,config+architecture,
models--Systran--faster-whisper-medium,95,encoder,11,encoder.layers.11.self_attn.pv,batched_matmul,B*heads,T_enc,64,T_enc,94;93,,,config+architecture,
models--Systran--faster-whisper-medium,96,encoder,11,encoder.layers.11.self_attn.out_proj,linear,,B*T_enc,1024,1024,95,encoder.layers.11.self_attn.out_proj.weight,"[1024,1024]",config+architecture,
models--Systran--faster-whisper-medium,97,encoder,11,encoder.layers.11.fc1,linear,,B*T_enc,4096,1024,96,encoder.layers.11.fc1.weight,"[4096,1024]",config+architecture,
models--Systran--faster-whisper-medium,98,encoder,11,encoder.layers.11.fc2,linear,,B*T_enc,1024,4096,97,encoder.layers.11.fc2.weight,"[1024,4096]",config+architecture,
models--Systran--faster-whisper-medium,99,encoder,12,encoder.layers.12.self_attn.q_proj,linear,,B*T_enc,1024,1024,98,encoder.layers.12.self_attn.q_proj.weight,"[1024,1024]",config+architecture,
models--Systran--faster-whisper-medium,100,encoder,12,encoder.layers.12.self_attn.k_proj,linear,,B*T_enc,1024,1024,98,encoder.layers.12.self_attn.k_proj.weight,"[1024,1024]",config+architecture,
models--Systran--faster-whisper-medium,101,encoder,12,encoder.layers.12.self_attn.v_proj,linear,,B*T_enc,1024,1024,98,encoder.layers.12.self_attn.v_proj.weight,"[1024,1024]",config+architecture,
models--Systran--faster-whisper-medium,102,encoder,12,encoder.layers.12.self_attn.qk,batched_matmul,B*heads,T_enc,T_enc,64,99;100,,,config+architecture,
models--Systran--faster-whisper-medium,103,encoder,12,encoder.layers.12.self_attn.pv,batched_matmul,B*heads,T_enc,64,T_enc,102;101,,,config+architecture,
models--Systran--faster-whisper-medium,104,encoder,12,encoder.layers.12.self_attn.out_proj,linear,,B*T_enc,1024,1024,103,encoder.layers.12.self_attn.out_proj.weight,"[1024,1024]",config+architecture,
models--Systran--faster-whisper-medium,105,encoder,12,encoder.layers.12.fc1,linear,,B*T_enc,4096,1024,104,encoder.layers.12.fc1.weight,"[4096,1024]",config+architecture,
models--Systran--faster-whisper-medium,106,encoder,12,encoder.layers.12.fc2,linear,,B*T_enc,1024,4096,105,encoder.layers.12.fc2.weight,"[1024,4096]",config+architecture,
models--Systran--faster-whisper-medium,107,encoder,13,encoder.layers.13.self_attn.q_proj,linear,,B*T_enc,1024,1024,106,encoder.layers.13.self_attn.q_proj.weight,"[1024,1024]",config+architecture,
models--Systran--faster-whisper-medium,108,encoder,13,encoder.layers.13.self_attn.k_proj,linear,,B*T_enc,1024,1024,106,encoder.layers.13.self_attn.k_proj.weight,"[1024,1024]",config+architecture,
models--Systran--faster-whisper-medium,109,encoder,13,encoder.layers.13.self_attn.v_proj,linear,,B*T_enc,1024,1024,106,encoder.layers.13.self_attn.v_proj.weight,"[1024,1024]",config+architecture,
models--Systran--faster-whisper-medium,110,encoder,13,encoder.layers.13.self_attn.qk,batched_matmul,B*heads,T_enc,T_enc,64,107;108,,,config+architecture,
models--Systran--faster-whisper-medium,111,encoder,13,encoder.layers.13.self_attn.pv,batched_matmul,B*heads,T_enc,64,T_enc,110;109,,,config+architecture,
models--Systran--faster-whisper-medium,112,encoder,13,encoder.layers.13.self_attn.out_proj,linear,,B*T_enc,1024,1024,111,encoder.layers.13.self_attn.out_proj.weight,"[1024,1024]",config+architecture,
models--Systran--faster-whisper-medium,113,encoder,13,encoder.layers.13.fc1,linear,,B*T_enc,4096,1024,112,encoder.layers.13.fc1.weight,"[4096,1024]",config+architecture,
models--Systran--faster-whisper-medium,114,encoder,13,encoder.layers.13.fc2,linear,,B*T_enc,1024,4096,113,encoder.layers.13.fc2.weight,"[1024,4096]",config+architecture,
models--Systran--faster-whisper-medium,115,encoder,14,encoder.layers.14.self_attn.q_proj,linear,,B*T_enc,1024,1024,114,encoder.layers.14.self_attn.q_proj.weight,"[1024,1024]",config+architecture,
models--Systran--faster-whisper-medium,116,encoder,14,encoder.layers.14.self_attn.k_proj,linear,,B*T_enc,1024,1024,114,encoder.layers.14.self_attn.k_proj.weight,"[1024,1024]",config+architecture,
models--Systran--faster-whisper-medium,117,encoder,14,encoder.layers.14.self_attn.v_proj,linear,,B*T_enc,1024,1024,114,encoder.layers.14.self_attn.v_proj.weight,"[1024,1024]",config+architecture,
models--Systran--faster-whisper-medium,118,encoder,14,encoder.layers.14.self_attn.qk,batched_matmul,B*heads,T_enc,T_enc,64,115;116,,,config+architecture,
models--Systran--faster-whisper-medium,119,encoder,14,encoder.layers.14.self_attn.pv,batched_matmul,B*heads,T_enc,64,T_enc,118;117,,,config+architecture,
models--Systran--faster-whisper-medium,120,encoder,14,encoder.layers.14.self_attn.out_proj,linear,,B*T_enc,1024,1024,119,encoder.layers.14.self_attn.out_proj.weight,"[1024,1024]",config+architecture,
models--Systran--faster-whisper-medium,121,encoder,14,encoder.layers.14.fc1,linear,,B*T_enc,4096,1024,120,encoder.layers.14.fc1.weight,"[4096,1024]",config+architecture,
models--Systran--faster-whisper-medium,122,encoder,14,encoder.layers.14.fc2,linear,,B*T_enc,1024,4096,121,encoder.layers.14.fc2.weight,"[1024,4096]",config+architecture,
models--Systran--faster-whisper-medium,123,encoder,15,encoder.layers.15.self_attn.q_proj,linear,,B*T_enc,1024,1024,122,encoder.layers.15.self_attn.q_proj.weight,"[1024,1024]",config+architecture,
models--Systran--faster-whisper-medium,124,encoder,15,encoder.layers.15.self_attn.k_proj,linear,,B*T_enc,1024,1024,122,encoder.layers.15.self_attn.k_proj.weight,"[1024,1024]",config+architecture,
models--Systran--faster-whisper-medium,125,encoder,15,encoder.layers.15.self_attn.v_proj,linear,,B*T_enc,1024,1024,122,encoder.layers.15.self_attn.v_proj.weight,"[1024,1024]",config+architecture,
models--Systran--faster-whisper-medium,126,encoder,15,encoder.layers.15.self_attn.qk,batched_matmul,B*heads,T_enc,T_enc,64,123;124,,,config+architecture,
models--Systran--faster-whisper-medium,127,encoder,15,encoder.layers.15.self_attn.pv,batched_matmul,B*heads,T_enc,64,T_enc,126;125,,,config+architecture,
models--Systran--faster-whisper-medium,128,encoder,15,encoder.layers.15.self_attn.out_proj,linear,,B*T_enc,1024,1024,127,encoder.layers.15.self_attn.out_proj.weight,"[1024,1024]",config+architecture,
models--Systran--faster-whisper-medium,129,encoder,15,encoder.layers.15.fc1,linear,,B*T_enc,4096,1024,128,encoder.layers.15.fc1.weight,"[4096,1024]",config+architecture,
models--Systran--faster-whisper-medium,130,encoder,15,encoder.layers.15.fc2,linear,,B*T_enc,1024,4096,129,encoder.layers.15.fc2.weight,"[1024,4096]",config+architecture,
models--Systran--faster-whisper-medium,131,encoder,16,encoder.layers.16.self_attn.q_proj,linear,,B*T_enc,1024,1024,130,encoder.layers.16.self_attn.q_proj.weight,"[1024,1024]",config+architecture,
models--Systran--faster-whisper-medium,132,encoder,16,encoder.layers.16.self_attn.k_proj,linear,,B*T_enc,1024,1024,130,encoder.layers.16.self_attn.k_proj.weight,"[1024,1024]",config+architecture,
models--Systran--faster-whisper-medium,133,encoder,16,encoder.layers.16.self_attn.v_proj,linear,,B*T_enc,1024,1024,130,encoder.layers.16.self_attn.v_proj.weight,"[1024,1024]",config+architecture,
models--Systran--faster-whisper-medium,134,encoder,16,encoder.layers.16.self_attn.qk,batched_matmul,B*heads,T_enc,T_enc,64,131;132,,,config+architecture,
models--Systran--faster-whisper-medium,135,encoder,16,encoder.layers.16.self_attn.pv,batched_matmul,B*heads,T_enc,64,T_enc,134;133,,,config+architecture,
models--Systran--faster-whisper-medium,136,encoder,16,encoder.layers.16.self_attn.out_proj,linear,,B*T_enc,1024,1024,135,encoder.layers.16.self_attn.out_proj.weight,"[1024,1024]",config+architecture,
models--Systran--faster-whisper-medium,137,encoder,16,encoder.layers.16.fc1,linear,,B*T_enc,4096,1024,136,encoder.layers.16.fc1.weight,"[4096,1024]",config+architecture,
models--Systran--faster-whisper-medium,138,encoder,16,encoder.layers.16.fc2,linear,,B*T_enc,1024,4096,137,encoder.layers.16.fc2.weight,"[1024,4096]",config+architecture,
models--Systran--faster-whisper-medium,139,encoder,17,encoder.layers.17.self_attn.q_proj,linear,,B*T_enc,1024,1024,138,encoder.layers.17.self_attn.q_proj.weight,"[1024,1024]",config+architecture,
models--Systran--faster-whisper-medium,140,encoder,17,encoder.layers.17.self_attn.k_proj,linear,,B*T_enc,1024,1024,138,encoder.layers.17.self_attn.k_proj.weight,"[1024,1024]",config+architecture,
models--Systran--faster-whisper-medium,141,encoder,17,encoder.layers.17.self_attn.v_proj,linear,,B*T_enc,1024,1024,138,encoder.layers.17.self_attn.v_proj.weight,"[1024,1024]",config+architecture,
models--Systran--faster-whisper-medium,142,encoder,17,encoder.layers.17.self_attn.qk,batched_matmul,B*heads,T_enc,T_enc,64,139;140,,,config+architecture,
models--Systran--faster-whisper-medium,143,encoder,17,encoder.layers.17.self_attn.pv,batched_matmul,B*heads,T_enc,64,T_enc,142;141,,,config+architecture,
models--Systran--faster-whisper-medium,144,encoder,17,encoder.layers.17.self_attn.out_proj,linear,,B*T_enc,1024,1024,143,encoder.layers.17.self_attn.out_proj.weight,"[1024,1024]",config+architecture,
models--Systran--faster-whisper-medium,145,encoder,17,encoder.layers.17.fc1,linear,,B*T_enc,4096,1024,144,encoder.layers.17.fc1.weight,"[4096,1024]",config+architecture,
models--Systran--faster-whisper-medium,146,encoder,17,encoder.layers.17.fc2,linear,,B*T_enc,1024,4096,145,encoder.layers.17.fc2.weight,"[1024,4096]",config+architecture,
models--Systran--faster-whisper-medium,147,encoder,18,encoder.layers.18.self_attn.q_proj,linear,,B*T_enc,1024,1024,146,encoder.layers.18.self_attn.q_proj.weight,"[1024,1024]",config+architecture,
models--Systran--faster-whisper-medium,148,encoder,18,encoder.layers.18.self_attn.k_proj,linear,,B*T_enc,1024,1024,146,encoder.layers.18.self_attn.k_proj.weight,"[1024,1024]",config+architecture,
models--Systran--faster-whisper-medium,149,encoder,18,encoder.layers.18.self_attn.v_proj,linear,,B*T_enc,1024,1024,146,encoder.layers.18.self_attn.v_proj.weight,"[1024,1024]",config+architecture,
models--Systran--faster-whisper-medium,150,encoder,18,encoder.layers.18.self_attn.qk,batched_matmul,B*heads,T_enc,T_enc,64,147;148,,,config+architecture,
models--Systran--faster-whisper-medium,151,encoder,18,encoder.layers.18.self_attn.pv,batched_matmul,B*heads,T_enc,64,T_enc,150;149,,,config+architecture,
models--Systran--faster-whisper-medium,152,encoder,18,encoder.layers.18.self_attn.out_proj,linear,,B*T_enc,1024,1024,151,encoder.layers.18.self_attn.out_proj.weight,"[1024,1024]",config+architecture,
models--Systran--faster-whisper-medium,153,encoder,18,encoder.layers.18.fc1,linear,,B*T_enc,4096,1024,152,encoder.layers.18.fc1.weight,"[4096,1024]",config+architecture,
models--Systran--faster-whisper-medium,154,encoder,18,encoder.layers.18.fc2,linear,,B*T_enc,1024,4096,153,encoder.layers.18.fc2.weight,"[1024,4096]",config+architecture,
models--Systran--faster-whisper-medium,155,encoder,19,encoder.layers.19.self_attn.q_proj,linear,,B*T_enc,1024,1024,154,encoder.layers.19.self_attn.q_proj.weight,"[1024,1024]",config+architecture,
models--Systran--faster-whisper-medium,156,encoder,19,encoder.layers.19.self_attn.k_proj,linear,,B*T_enc,1024,1024,154,encoder.layers.19.self_attn.k_proj.weight,"[1024,1024]",config+architecture,
models--Systran--faster-whisper-medium,157,encoder,19,encoder.layers.19.self_attn.v_proj,linear,,B*T_enc,1024,1024,154,encoder.layers.19.self_attn.v_proj.weight,"[1024,1024]",config+architecture,
models--Systran--faster-whisper-medium,158,encoder,19,encoder.layers.19.self_attn.qk,batched_matmul,B*heads,T_enc,T_enc,64,155;156,,,config+architecture,
models--Systran--faster-whisper-medium,159,encoder,19,encoder.layers.19.self_attn.pv,batched_matmul,B*heads,T_enc,64,T_enc,158;157,,,config+architecture,
models--Systran--faster-whisper-medium,160,encoder,19,encoder.layers.19.self_attn.out_proj,linear,,B*T_enc,1024,1024,159,encoder.layers.19.self_attn.out_proj.weight,"[1024,1024]",config+architecture,
models--Systran--faster-whisper-medium,161,encoder,19,encoder.layers.19.fc1,linear,,B*T_enc,4096,1024,160,encoder.layers.19.fc1.weight,"[4096,1024]",config+architecture,
models--Systran--faster-whisper-medium,162,encoder,19,encoder.layers.19.fc2,linear,,B*T_enc,1024,4096,161,encoder.layers.19.fc2.weight,"[1024,4096]",config+architecture,
models--Systran--faster-whisper-medium,163,encoder,20,encoder.layers.20.self_attn.q_proj,linear,,B*T_enc,1024,1024,162,encoder.layers.20.self_attn.q_proj.weight,"[1024,1024]",config+architecture,
models--Systran--faster-whisper-medium,164,encoder,20,encoder.layers.20.self_attn.k_proj,linear,,B*T_enc,1024,1024,162,encoder.layers.20.self_attn.k_proj.weight,"[1024,1024]",config+architecture,
models--Systran--faster-whisper-medium,165,encoder,20,encoder.layers.20.self_attn.v_proj,linear,,B*T_enc,1024,1024,162,encoder.layers.20.self_attn.v_proj.weight,"[1024,1024]",config+architecture,
models--Systran--faster-whisper-medium,166,encoder,20,encoder.layers.20.self_attn.qk,batched_matmul,B*heads,T_enc,T_enc,64,163;164,,,config+architecture,
models--Systran--faster-whisper-medium,167,encoder,20,encoder.layers.20.self_attn.pv,batched_matmul,B*heads,T_enc,64,T_enc,166;165,,,config+architecture,
models--Systran--faster-whisper-medium,168,encoder,20,encoder.layers.20.self_attn.out_proj,linear,,B*T_enc,1024,1024,167,encoder.layers.20.self_attn.out_proj.weight,"[1024,1024]",config+architecture,
models--Systran--faster-whisper-medium,169,encoder,20,encoder.layers.20.fc1,linear,,B*T_enc,4096,1024,168,encoder.layers.20.fc1.weight,"[4096,1024]",config+architecture,
models--Systran--faster-whisper-medium,170,encoder,20,encoder.layers.20.fc2,linear,,B*T_enc,1024,4096,169,encoder.layers.20.fc2.weight,"[1024,4096]",config+architecture,
models--Systran--faster-whisper-medium,171,encoder,21,encoder.layers.21.self_attn.q_proj,linear,,B*T_enc,1024,1024,170,encoder.layers.21.self_attn.q_proj.weight,"[1024,1024]",config+architecture,
models--Systran--faster-whisper-medium,172,encoder,21,encoder.layers.21.self_attn.k_proj,linear,,B*T_enc,1024,1024,170,encoder.layers.21.self_attn.k_proj.weight,"[1024,1024]",config+architecture,
models--Systran--faster-whisper-medium,173,encoder,21,encoder.layers.21.self_attn.v_proj,linear,,B*T_enc,1024,1024,170,encoder.layers.21.self_attn.v_proj.weight,"[1024,1024]",config+architecture,
models--Systran--faster-whisper-medium,174,encoder,21,encoder.layers.21.self_attn.qk,batched_matmul,B*heads,T_enc,T_enc,64,171;172,,,config+architecture,
models--Systran--faster-whisper-medium,175,encoder,21,encoder.layers.21.self_attn.pv,batched_matmul,B*heads,T_enc,64,T_enc,174;173,,,config+architecture,
models--Systran--faster-whisper-medium,176,encoder,21,encoder.layers.21.self_attn.out_proj,linear,,B*T_enc,1024,1024,175,encoder.layers.21.self_attn.out_proj.weight,"[1024,1024]",config+architecture,
models--Systran--faster-whisper-medium,177,encoder,21,encoder.layers.21.fc1,linear,,B*T_enc,4096,1024,176,encoder.layers.21.fc1.weight,"[4096,1024]",config+architecture,
models--Systran--faster-whisper-medium,178,encoder,21,encoder.layers.21.fc2,linear,,B*T_enc,1024,4096,177,encoder.layers.21.fc2.weight,"[1024,4096]",config+architecture,
models--Systran--faster-whisper-medium,179,encoder,22,encoder.layers.22.self_attn.q_proj,linear,,B*T_enc,1024,1024,178,encoder.layers.22.self_attn.q_proj.weight,"[1024,1024]",config+architecture,
models--Systran--faster-whisper-medium,180,encoder,22,encoder.layers.22.self_attn.k_proj,linear,,B*T_enc,1024,1024,178,encoder.layers.22.self_attn.k_proj.weight,"[1024,1024]",config+architecture,
models--Systran--faster-whisper-medium,181,encoder,22,encoder.layers.22.self_attn.v_proj,linear,,B*T_enc,1024,1024,178,encoder.layers.22.self_attn.v_proj.weight,"[1024,1024]",config+architecture,
models--Systran--faster-whisper-medium,182,encoder,22,encoder.layers.22.self_attn.qk,batched_matmul,B*heads,T_enc,T_enc,64,179;180,,,config+architecture,
models--Systran--faster-whisper-medium,183,encoder,22,encoder.layers.22.self_attn.pv,batched_matmul,B*heads,T_enc,64,T_enc,182;181,,,config+architecture,
models--Systran--faster-whisper-medium,184,encoder,22,encoder.layers.22.self_attn.out_proj,linear,,B*T_enc,1024,1024,183,encoder.layers.22.self_attn.out_proj.weight,"[1024,1024]",config+architecture,
models--Systran--faster-whisper-medium,185,encoder,22,encoder.layers.22.fc1,linear,,B*T_enc,4096,1024,184,encoder.layers.22.fc1.weight,"[4096,1024]",config+architecture,
models--Systran--faster-whisper-medium,186,encoder,22,encoder.layers.22.fc2,linear,,B*T_enc,1024,4096,185,encoder.layers.22.fc2.weight,"[1024,4096]",config+architecture,
models--Systran--faster-whisper-medium,187,encoder,23,encoder.layers.23.self_attn.q_proj,linear,,B*T_enc,1024,1024,186,encoder.layers.23.self_attn.q_proj.weight,"[1024,1024]",config+architecture,
models--Systran--faster-whisper-medium,188,encoder,23,encoder.layers.23.self_attn.k_proj,linear,,B*T_enc,1024,1024,186,encoder.layers.23.self_attn.k_proj.weight,"[1024,1024]",config+architecture,
models--Systran--faster-whisper-medium,189,encoder,23,encoder.layers.23.self_attn.v_proj,linear,,B*T_enc,1024,1024,186,encoder.layers.23.self_attn.v_proj.weight,"[1024,1024]",config+architecture,
models--Systran--faster-whisper-medium,190,encoder,23,encoder.layers.23.self_attn.qk,batched_matmul,B*heads,T_enc,T_enc,64,187;188,,,config+architecture,
models--Systran--faster-whisper-medium,191,encoder,23,encoder.layers.23.self_attn.pv,batched_matmul,B*heads,T_enc,64,T_enc,190;189,,,config+architecture,
models--Systran--faster-whisper-medium,192,encoder,23,encoder.layers.23.self_attn.out_proj,linear,,B*T_enc,1024,1024,191,encoder.layers.23.self_attn.out_proj.weight,"[1024,1024]",config+architecture,
models--Systran--faster-whisper-medium,193,encoder,23,encoder.layers.23.fc1,linear,,B*T_enc,4096,1024,192,encoder.layers.23.fc1.weight,"[4096,1024]",config+architecture,
models--Systran--faster-whisper-medium,194,encoder,23,encoder.layers.23.fc2,linear,,B*T_enc,1024,4096,193,encoder.layers.23.fc2.weight,"[1024,4096]",config+architecture,
models--Systran--faster-whisper-medium,195,decoder_prefill,0,decoder.layers.0.self_attn.q_proj,linear,,B*T_dec,1024,1024,,decoder.layers.0.self_attn.q_proj.weight,"[1024,1024]",config+architecture,
models--Systran--faster-whisper-medium,196,decoder_prefill,0,decoder.layers.0.self_attn.k_proj,linear,,B*T_dec,1024,1024,,decoder.layers.0.self_attn.k_proj.weight,"[1024,1024]",config+architecture,
models--Systran--faster-whisper-medium,197,decoder_prefill,0,decoder.layers.0.self_attn.v_proj,linear,,B*T_dec,1024,1024,,decoder.layers.0.self_attn.v_proj.weight,"[1024,1024]",config+architecture,
models--Systran--faster-whisper-medium,198,decoder_prefill,0,decoder.layers.0.self_attn.qk,batched_matmul,B*heads,T_dec,T_dec,64,195;196,,,config+architecture,decode uses existing self-attention KV cache
models--Systran--faster-whisper-medium,199,decoder_prefill,0,decoder.layers.0.self_attn.pv,batched_matmul,B*heads,T_dec,64,T_dec,198;197,,,config+architecture,
models--Systran--faster-whisper-medium,200,decoder_prefill,0,decoder.layers.0.self_attn.out_proj,linear,,B*T_dec,1024,1024,199,decoder.layers.0.self_attn.out_proj.weight,"[1024,1024]",config+architecture,
models--Systran--faster-whisper-medium,201,decoder_prefill,0,decoder.layers.0.encoder_attn.q_proj,linear,,B*T_dec,1024,1024,200,decoder.layers.0.encoder_attn.q_proj.weight,"[1024,1024]",config+architecture,
models--Systran--faster-whisper-medium,202,decoder_prefill,0,decoder.layers.0.encoder_attn.k_proj,linear,,B*T_enc,1024,1024,194,decoder.layers.0.encoder_attn.k_proj.weight,"[1024,1024]",config+architecture,
models--Systran--faster-whisper-medium,203,decoder_prefill,0,decoder.layers.0.encoder_attn.v_proj,linear,,B*T_enc,1024,1024,194,decoder.layers.0.encoder_attn.v_proj.weight,"[1024,1024]",config+architecture,
models--Systran--faster-whisper-medium,204,decoder_prefill,0,decoder.layers.0.encoder_attn.qk,batched_matmul,B*heads,T_dec,T_enc,64,201;202,,,config+architecture,cross-attention K is cached during decode step
models--Systran--faster-whisper-medium,205,decoder_prefill,0,decoder.layers.0.encoder_attn.pv,batched_matmul,B*heads,T_dec,64,T_enc,204;203,,,config+architecture,cross-attention V is cached during decode step
models--Systran--faster-whisper-medium,206,decoder_prefill,0,decoder.layers.0.encoder_attn.out_proj,linear,,B*T_dec,1024,1024,205,decoder.layers.0.encoder_attn.out_proj.weight,"[1024,1024]",config+architecture,
models--Systran--faster-whisper-medium,207,decoder_prefill,0,decoder.layers.0.fc1,linear,,B*T_dec,4096,1024,206,decoder.layers.0.fc1.weight,"[4096,1024]",config+architecture,
models--Systran--faster-whisper-medium,208,decoder_prefill,0,decoder.layers.0.fc2,linear,,B*T_dec,1024,4096,207,decoder.layers.0.fc2.weight,"[1024,4096]",config+architecture,
models--Systran--faster-whisper-medium,209,decoder_prefill,1,decoder.layers.1.self_attn.q_proj,linear,,B*T_dec,1024,1024,208,decoder.layers.1.self_attn.q_proj.weight,"[1024,1024]",config+architecture,
models--Systran--faster-whisper-medium,210,decoder_prefill,1,decoder.layers.1.self_attn.k_proj,linear,,B*T_dec,1024,1024,208,decoder.layers.1.self_attn.k_proj.weight,"[1024,1024]",config+architecture,
models--Systran--faster-whisper-medium,211,decoder_prefill,1,decoder.layers.1.self_attn.v_proj,linear,,B*T_dec,1024,1024,208,decoder.layers.1.self_attn.v_proj.weight,"[1024,1024]",config+architecture,
models--Systran--faster-whisper-medium,212,decoder_prefill,1,decoder.layers.1.self_attn.qk,batched_matmul,B*heads,T_dec,T_dec,64,209;210,,,config+architecture,decode uses existing self-attention KV cache
models--Systran--faster-whisper-medium,213,decoder_prefill,1,decoder.layers.1.self_attn.pv,batched_matmul,B*heads,T_dec,64,T_dec,212;211,,,config+architecture,
models--Systran--faster-whisper-medium,214,decoder_prefill,1,decoder.layers.1.self_attn.out_proj,linear,,B*T_dec,1024,1024,213,decoder.layers.1.self_attn.out_proj.weight,"[1024,1024]",config+architecture,
models--Systran--faster-whisper-medium,215,decoder_prefill,1,decoder.layers.1.encoder_attn.q_proj,linear,,B*T_dec,1024,1024,214,decoder.layers.1.encoder_attn.q_proj.weight,"[1024,1024]",config+architecture,
models--Systran--faster-whisper-medium,216,decoder_prefill,1,decoder.layers.1.encoder_attn.k_proj,linear,,B*T_enc,1024,1024,194,decoder.layers.1.encoder_attn.k_proj.weight,"[1024,1024]",config+architecture,
models--Systran--faster-whisper-medium,217,decoder_prefill,1,decoder.layers.1.encoder_attn.v_proj,linear,,B*T_enc,1024,1024,194,decoder.layers.1.encoder_attn.v_proj.weight,"[1024,1024]",config+architecture,
models--Systran--faster-whisper-medium,218,decoder_prefill,1,decoder.layers.1.encoder_attn.qk,batched_matmul,B*heads,T_dec,T_enc,64,215;216,,,config+architecture,cross-attention K is cached during decode step
models--Systran--faster-whisper-medium,219,decoder_prefill,1,decoder.layers.1.encoder_attn.pv,batched_matmul,B*heads,T_dec,64,T_enc,218;217,,,config+architecture,cross-attention V is cached during decode step
models--Systran--faster-whisper-medium,220,decoder_prefill,1,decoder.layers.1.encoder_attn.out_proj,linear,,B*T_dec,1024,1024,219,decoder.layers.1.encoder_attn.out_proj.weight,"[1024,1024]",config+architecture,
models--Systran--faster-whisper-medium,221,decoder_prefill,1,decoder.layers.1.fc1,linear,,B*T_dec,4096,1024,220,decoder.layers.1.fc1.weight,"[4096,1024]",config+architecture,
models--Systran--faster-whisper-medium,222,decoder_prefill,1,decoder.layers.1.fc2,linear,,B*T_dec,1024,4096,221,decoder.layers.1.fc2.weight,"[1024,4096]",config+architecture,
models--Systran--faster-whisper-medium,223,decoder_prefill,2,decoder.layers.2.self_attn.q_proj,linear,,B*T_dec,1024,1024,222,decoder.layers.2.self_attn.q_proj.weight,"[1024,1024]",config+architecture,
models--Systran--faster-whisper-medium,224,decoder_prefill,2,decoder.layers.2.self_attn.k_proj,linear,,B*T_dec,1024,1024,222,decoder.layers.2.self_attn.k_proj.weight,"[1024,1024]",config+architecture,
models--Systran--faster-whisper-medium,225,decoder_prefill,2,decoder.layers.2.self_attn.v_proj,linear,,B*T_dec,1024,1024,222,decoder.layers.2.self_attn.v_proj.weight,"[1024,1024]",config+architecture,
models--Systran--faster-whisper-medium,226,decoder_prefill,2,decoder.layers.2.self_attn.qk,batched_matmul,B*heads,T_dec,T_dec,64,223;224,,,config+architecture,decode uses existing self-attention KV cache
models--Systran--faster-whisper-medium,227,decoder_prefill,2,decoder.layers.2.self_attn.pv,batched_matmul,B*heads,T_dec,64,T_dec,226;225,,,config+architecture,
models--Systran--faster-whisper-medium,228,decoder_prefill,2,decoder.layers.2.self_attn.out_proj,linear,,B*T_dec,1024,1024,227,decoder.layers.2.self_attn.out_proj.weight,"[1024,1024]",config+architecture,
models--Systran--faster-whisper-medium,229,decoder_prefill,2,decoder.layers.2.encoder_attn.q_proj,linear,,B*T_dec,1024,1024,228,decoder.layers.2.encoder_attn.q_proj.weight,"[1024,1024]",config+architecture,
models--Systran--faster-whisper-medium,230,decoder_prefill,2,decoder.layers.2.encoder_attn.k_proj,linear,,B*T_enc,1024,1024,194,decoder.layers.2.encoder_attn.k_proj.weight,"[1024,1024]",config+architecture,
models--Systran--faster-whisper-medium,231,decoder_prefill,2,decoder.layers.2.encoder_attn.v_proj,linear,,B*T_enc,1024,1024,194,decoder.layers.2.encoder_attn.v_proj.weight,"[1024,1024]",config+architecture,
models--Systran--faster-whisper-medium,232,decoder_prefill,2,decoder.layers.2.encoder_attn.qk,batched_matmul,B*heads,T_dec,T_enc,64,229;230,,,config+architecture,cross-attention K is cached during decode step
models--Systran--faster-whisper-medium,233,decoder_prefill,2,decoder.layers.2.encoder_attn.pv,batched_matmul,B*heads,T_dec,64,T_enc,232;231,,,config+architecture,cross-attention V is cached during decode step
models--Systran--faster-whisper-medium,234,decoder_prefill,2,decoder.layers.2.encoder_attn.out_proj,linear,,B*T_dec,1024,1024,233,decoder.layers.2.encoder_attn.out_proj.weight,"[1024,1024]",config+architecture,
models--Systran--faster-whisper-medium,235,decoder_prefill,2,decoder.layers.2.fc1,linear,,B*T_dec,4096,1024,234,decoder.layers.2.fc1.weight,"[4096,1024]",config+architecture,
models--Systran--faster-whisper-medium,236,decoder_prefill,2,decoder.layers.2.fc2,linear,,B*T_dec,1024,4096,235,decoder.layers.2.fc2.weight,"[1024,4096]",config+architecture,
models--Systran--faster-whisper-medium,237,decoder_prefill,3,decoder.layers.3.self_attn.q_proj,linear,,B*T_dec,1024,1024,236,decoder.layers.3.self_attn.q_proj.weight,"[1024,1024]",config+architecture,
models--Systran--faster-whisper-medium,238,decoder_prefill,3,decoder.layers.3.self_attn.k_proj,linear,,B*T_dec,1024,1024,236,decoder.layers.3.self_attn.k_proj.weight,"[1024,1024]",config+architecture,
models--Systran--faster-whisper-medium,239,decoder_prefill,3,decoder.layers.3.self_attn.v_proj,linear,,B*T_dec,1024,1024,236,decoder.layers.3.self_attn.v_proj.weight,"[1024,1024]",config+architecture,
models--Systran--faster-whisper-medium,240,decoder_prefill,3,decoder.layers.3.self_attn.qk,batched_matmul,B*heads,T_dec,T_dec,64,237;238,,,config+architecture,decode uses existing self-attention KV cache
models--Systran--faster-whisper-medium,241,decoder_prefill,3,decoder.layers.3.self_attn.pv,batched_matmul,B*heads,T_dec,64,T_dec,240;239,,,config+architecture,
models--Systran--faster-whisper-medium,242,decoder_prefill,3,decoder.layers.3.self_attn.out_proj,linear,,B*T_dec,1024,1024,241,decoder.layers.3.self_attn.out_proj.weight,"[1024,1024]",config+architecture,
models--Systran--faster-whisper-medium,243,decoder_prefill,3,decoder.layers.3.encoder_attn.q_proj,linear,,B*T_dec,1024,1024,242,decoder.layers.3.encoder_attn.q_proj.weight,"[1024,1024]",config+architecture,
models--Systran--faster-whisper-medium,244,decoder_prefill,3,decoder.layers.3.encoder_attn.k_proj,linear,,B*T_enc,1024,1024,194,decoder.layers.3.encoder_attn.k_proj.weight,"[1024,1024]",config+architecture,
models--Systran--faster-whisper-medium,245,decoder_prefill,3,decoder.layers.3.encoder_attn.v_proj,linear,,B*T_enc,1024,1024,194,decoder.layers.3.encoder_attn.v_proj.weight,"[1024,1024]",config+architecture,
models--Systran--faster-whisper-medium,246,decoder_prefill,3,decoder.layers.3.encoder_attn.qk,batched_matmul,B*heads,T_dec,T_enc,64,243;244,,,config+architecture,cross-attention K is cached during decode step
models--Systran--faster-whisper-medium,247,decoder_prefill,3,decoder.layers.3.encoder_attn.pv,batched_matmul,B*heads,T_dec,64,T_enc,246;245,,,config+architecture,cross-attention V is cached during decode step
models--Systran--faster-whisper-medium,248,decoder_prefill,3,decoder.layers.3.encoder_attn.out_proj,linear,,B*T_dec,1024,1024,247,decoder.layers.3.encoder_attn.out_proj.weight,"[1024,1024]",config+architecture,
models--Systran--faster-whisper-medium,249,decoder_prefill,3,decoder.layers.3.fc1,linear,,B*T_dec,4096,1024,248,decoder.layers.3.fc1.weight,"[4096,1024]",config+architecture,
models--Systran--faster-whisper-medium,250,decoder_prefill,3,decoder.layers.3.fc2,linear,,B*T_dec,1024,4096,249,decoder.layers.3.fc2.weight,"[1024,4096]",config+architecture,
models--Systran--faster-whisper-medium,251,decoder_prefill,4,decoder.layers.4.self_attn.q_proj,linear,,B*T_dec,1024,1024,250,decoder.layers.4.self_attn.q_proj.weight,"[1024,1024]",config+architecture,
models--Systran--faster-whisper-medium,252,decoder_prefill,4,decoder.layers.4.self_attn.k_proj,linear,,B*T_dec,1024,1024,250,decoder.layers.4.self_attn.k_proj.weight,"[1024,1024]",config+architecture,
models--Systran--faster-whisper-medium,253,decoder_prefill,4,decoder.layers.4.self_attn.v_proj,linear,,B*T_dec,1024,1024,250,decoder.layers.4.self_attn.v_proj.weight,"[1024,1024]",config+architecture,
models--Systran--faster-whisper-medium,254,decoder_prefill,4,decoder.layers.4.self_attn.qk,batched_matmul,B*heads,T_dec,T_dec,64,251;252,,,config+architecture,decode uses existing self-attention KV cache
models--Systran--faster-whisper-medium,255,decoder_prefill,4,decoder.layers.4.self_attn.pv,batched_matmul,B*heads,T_dec,64,T_dec,254;253,,,config+architecture,
models--Systran--faster-whisper-medium,256,decoder_prefill,4,decoder.layers.4.self_attn.out_proj,linear,,B*T_dec,1024,1024,255,decoder.layers.4.self_attn.out_proj.weight,"[1024,1024]",config+architecture,
models--Systran--faster-whisper-medium,257,decoder_prefill,4,decoder.layers.4.encoder_attn.q_proj,linear,,B*T_dec,1024,1024,256,decoder.layers.4.encoder_attn.q_proj.weight,"[1024,1024]",config+architecture,
models--Systran--faster-whisper-medium,258,decoder_prefill,4,decoder.layers.4.encoder_attn.k_proj,linear,,B*T_enc,1024,1024,194,decoder.layers.4.encoder_attn.k_proj.weight,"[1024,1024]",config+architecture,
models--Systran--faster-whisper-medium,259,decoder_prefill,4,decoder.layers.4.encoder_attn.v_proj,linear,,B*T_enc,1024,1024,194,decoder.layers.4.encoder_attn.v_proj.weight,"[1024,1024]",config+architecture,
models--Systran--faster-whisper-medium,260,decoder_prefill,4,decoder.layers.4.encoder_attn.qk,batched_matmul,B*heads,T_dec,T_enc,64,257;258,,,config+architecture,cross-attention K is cached during decode step
models--Systran--faster-whisper-medium,261,decoder_prefill,4,decoder.layers.4.encoder_attn.pv,batched_matmul,B*heads,T_dec,64,T_enc,260;259,,,config+architecture,cross-attention V is cached during decode step
models--Systran--faster-whisper-medium,262,decoder_prefill,4,decoder.layers.4.encoder_attn.out_proj,linear,,B*T_dec,1024,1024,261,decoder.layers.4.encoder_attn.out_proj.weight,"[1024,1024]",config+architecture,
models--Systran--faster-whisper-medium,263,decoder_prefill,4,decoder.layers.4.fc1,linear,,B*T_dec,4096,1024,262,decoder.layers.4.fc1.weight,"[4096,1024]",config+architecture,
models--Systran--faster-whisper-medium,264,decoder_prefill,4,decoder.layers.4.fc2,linear,,B*T_dec,1024,4096,263,decoder.layers.4.fc2.weight,"[1024,4096]",config+architecture,
models--Systran--faster-whisper-medium,265,decoder_prefill,5,decoder.layers.5.self_attn.q_proj,linear,,B*T_dec,1024,1024,264,decoder.layers.5.self_attn.q_proj.weight,"[1024,1024]",config+architecture,
models--Systran--faster-whisper-medium,266,decoder_prefill,5,decoder.layers.5.self_attn.k_proj,linear,,B*T_dec,1024,1024,264,decoder.layers.5.self_attn.k_proj.weight,"[1024,1024]",config+architecture,
models--Systran--faster-whisper-medium,267,decoder_prefill,5,decoder.layers.5.self_attn.v_proj,linear,,B*T_dec,1024,1024,264,decoder.layers.5.self_attn.v_proj.weight,"[1024,1024]",config+architecture,
models--Systran--faster-whisper-medium,268,decoder_prefill,5,decoder.layers.5.self_attn.qk,batched_matmul,B*heads,T_dec,T_dec,64,265;266,,,config+architecture,decode uses existing self-attention KV cache
models--Systran--faster-whisper-medium,269,decoder_prefill,5,decoder.layers.5.self_attn.pv,batched_matmul,B*heads,T_dec,64,T_dec,268;267,,,config+architecture,
models--Systran--faster-whisper-medium,270,decoder_prefill,5,decoder.layers.5.self_attn.out_proj,linear,,B*T_dec,1024,1024,269,decoder.layers.5.self_attn.out_proj.weight,"[1024,1024]",config+architecture,
models--Systran--faster-whisper-medium,271,decoder_prefill,5,decoder.layers.5.encoder_attn.q_proj,linear,,B*T_dec,1024,1024,270,decoder.layers.5.encoder_attn.q_proj.weight,"[1024,1024]",config+architecture,
models--Systran--faster-whisper-medium,272,decoder_prefill,5,decoder.layers.5.encoder_attn.k_proj,linear,,B*T_enc,1024,1024,194,decoder.layers.5.encoder_attn.k_proj.weight,"[1024,1024]",config+architecture,
models--Systran--faster-whisper-medium,273,decoder_prefill,5,decoder.layers.5.encoder_attn.v_proj,linear,,B*T_enc,1024,1024,194,decoder.layers.5.encoder_attn.v_proj.weight,"[1024,1024]",config+architecture,
models--Systran--faster-whisper-medium,274,decoder_prefill,5,decoder.layers.5.encoder_attn.qk,batched_matmul,B*heads,T_dec,T_enc,64,271;272,,,config+architecture,cross-attention K is cached during decode step
models--Systran--faster-whisper-medium,275,decoder_prefill,5,decoder.layers.5.encoder_attn.pv,batched_matmul,B*heads,T_dec,64,T_enc,274;273,,,config+architecture,cross-attention V is cached during decode step
models--Systran--faster-whisper-medium,276,decoder_prefill,5,decoder.layers.5.encoder_attn.out_proj,linear,,B*T_dec,1024,1024,275,decoder.layers.5.encoder_attn.out_proj.weight,"[1024,1024]",config+architecture,
models--Systran--faster-whisper-medium,277,decoder_prefill,5,decoder.layers.5.fc1,linear,,B*T_dec,4096,1024,276,decoder.layers.5.fc1.weight,"[4096,1024]",config+architecture,
models--Systran--faster-whisper-medium,278,decoder_prefill,5,decoder.layers.5.fc2,linear,,B*T_dec,1024,4096,277,decoder.layers.5.fc2.weight,"[1024,4096]",config+architecture,
models--Systran--faster-whisper-medium,279,decoder_prefill,6,decoder.layers.6.self_attn.q_proj,linear,,B*T_dec,1024,1024,278,decoder.layers.6.self_attn.q_proj.weight,"[1024,1024]",config+architecture,
models--Systran--faster-whisper-medium,280,decoder_prefill,6,decoder.layers.6.self_attn.k_proj,linear,,B*T_dec,1024,1024,278,decoder.layers.6.self_attn.k_proj.weight,"[1024,1024]",config+architecture,
models--Systran--faster-whisper-medium,281,decoder_prefill,6,decoder.layers.6.self_attn.v_proj,linear,,B*T_dec,1024,1024,278,decoder.layers.6.self_attn.v_proj.weight,"[1024,1024]",config+architecture,
models--Systran--faster-whisper-medium,282,decoder_prefill,6,decoder.layers.6.self_attn.qk,batched_matmul,B*heads,T_dec,T_dec,64,279;280,,,config+architecture,decode uses existing self-attention KV cache
models--Systran--faster-whisper-medium,283,decoder_prefill,6,decoder.layers.6.self_attn.pv,batched_matmul,B*heads,T_dec,64,T_dec,282;281,,,config+architecture,
models--Systran--faster-whisper-medium,284,decoder_prefill,6,decoder.layers.6.self_attn.out_proj,linear,,B*T_dec,1024,1024,283,decoder.layers.6.self_attn.out_proj.weight,"[1024,1024]",config+architecture,
models--Systran--faster-whisper-medium,285,decoder_prefill,6,decoder.layers.6.encoder_attn.q_proj,linear,,B*T_dec,1024,1024,284,decoder.layers.6.encoder_attn.q_proj.weight,"[1024,1024]",config+architecture,
models--Systran--faster-whisper-medium,286,decoder_prefill,6,decoder.layers.6.encoder_attn.k_proj,linear,,B*T_enc,1024,1024,194,decoder.layers.6.encoder_attn.k_proj.weight,"[1024,1024]",config+architecture,
models--Systran--faster-whisper-medium,287,decoder_prefill,6,decoder.layers.6.encoder_attn.v_proj,linear,,B*T_enc,1024,1024,194,decoder.layers.6.encoder_attn.v_proj.weight,"[1024,1024]",config+architecture,
models--Systran--faster-whisper-medium,288,decoder_prefill,6,decoder.layers.6.encoder_attn.qk,batched_matmul,B*heads,T_dec,T_enc,64,285;286,,,config+architecture,cross-attention K is cached during decode step
models--Systran--faster-whisper-medium,289,decoder_prefill,6,decoder.layers.6.encoder_attn.pv,batched_matmul,B*heads,T_dec,64,T_enc,288;287,,,config+architecture,cross-attention V is cached during decode step
models--Systran--faster-whisper-medium,290,decoder_prefill,6,decoder.layers.6.encoder_attn.out_proj,linear,,B*T_dec,1024,1024,289,decoder.layers.6.encoder_attn.out_proj.weight,"[1024,1024]",config+architecture,
models--Systran--faster-whisper-medium,291,decoder_prefill,6,decoder.layers.6.fc1,linear,,B*T_dec,4096,1024,290,decoder.layers.6.fc1.weight,"[4096,1024]",config+architecture,
models--Systran--faster-whisper-medium,292,decoder_prefill,6,decoder.layers.6.fc2,linear,,B*T_dec,1024,4096,291,decoder.layers.6.fc2.weight,"[1024,4096]",config+architecture,
models--Systran--faster-whisper-medium,293,decoder_prefill,7,decoder.layers.7.self_attn.q_proj,linear,,B*T_dec,1024,1024,292,decoder.layers.7.self_attn.q_proj.weight,"[1024,1024]",config+architecture,
models--Systran--faster-whisper-medium,294,decoder_prefill,7,decoder.layers.7.self_attn.k_proj,linear,,B*T_dec,1024,1024,292,decoder.layers.7.self_attn.k_proj.weight,"[1024,1024]",config+architecture,
models--Systran--faster-whisper-medium,295,decoder_prefill,7,decoder.layers.7.self_attn.v_proj,linear,,B*T_dec,1024,1024,292,decoder.layers.7.self_attn.v_proj.weight,"[1024,1024]",config+architecture,
models--Systran--faster-whisper-medium,296,decoder_prefill,7,decoder.layers.7.self_attn.qk,batched_matmul,B*heads,T_dec,T_dec,64,293;294,,,config+architecture,decode uses existing self-attention KV cache
models--Systran--faster-whisper-medium,297,decoder_prefill,7,decoder.layers.7.self_attn.pv,batched_matmul,B*heads,T_dec,64,T_dec,296;295,,,config+architecture,
models--Systran--faster-whisper-medium,298,decoder_prefill,7,decoder.layers.7.self_attn.out_proj,linear,,B*T_dec,1024,1024,297,decoder.layers.7.self_attn.out_proj.weight,"[1024,1024]",config+architecture,
models--Systran--faster-whisper-medium,299,decoder_prefill,7,decoder.layers.7.encoder_attn.q_proj,linear,,B*T_dec,1024,1024,298,decoder.layers.7.encoder_attn.q_proj.weight,"[1024,1024]",config+architecture,
models--Systran--faster-whisper-medium,300,decoder_prefill,7,decoder.layers.7.encoder_attn.k_proj,linear,,B*T_enc,1024,1024,194,decoder.layers.7.encoder_attn.k_proj.weight,"[1024,1024]",config+architecture,
models--Systran--faster-whisper-medium,301,decoder_prefill,7,decoder.layers.7.encoder_attn.v_proj,linear,,B*T_enc,1024,1024,194,decoder.layers.7.encoder_attn.v_proj.weight,"[1024,1024]",config+architecture,
models--Systran--faster-whisper-medium,302,decoder_prefill,7,decoder.layers.7.encoder_attn.qk,batched_matmul,B*heads,T_dec,T_enc,64,299;300,,,config+architecture,cross-attention K is cached during decode step
models--Systran--faster-whisper-medium,303,decoder_prefill,7,decoder.layers.7.encoder_attn.pv,batched_matmul,B*heads,T_dec,64,T_enc,302;301,,,config+architecture,cross-attention V is cached during decode step
models--Systran--faster-whisper-medium,304,decoder_prefill,7,decoder.layers.7.encoder_attn.out_proj,linear,,B*T_dec,1024,1024,303,decoder.layers.7.encoder_attn.out_proj.weight,"[1024,1024]",config+architecture,
models--Systran--faster-whisper-medium,305,decoder_prefill,7,decoder.layers.7.fc1,linear,,B*T_dec,4096,1024,304,decoder.layers.7.fc1.weight,"[4096,1024]",config+architecture,
models--Systran--faster-whisper-medium,306,decoder_prefill,7,decoder.layers.7.fc2,linear,,B*T_dec,1024,4096,305,decoder.layers.7.fc2.weight,"[1024,4096]",config+architecture,
models--Systran--faster-whisper-medium,307,decoder_prefill,8,decoder.layers.8.self_attn.q_proj,linear,,B*T_dec,1024,1024,306,decoder.layers.8.self_attn.q_proj.weight,"[1024,1024]",config+architecture,
models--Systran--faster-whisper-medium,308,decoder_prefill,8,decoder.layers.8.self_attn.k_proj,linear,,B*T_dec,1024,1024,306,decoder.layers.8.self_attn.k_proj.weight,"[1024,1024]",config+architecture,
models--Systran--faster-whisper-medium,309,decoder_prefill,8,decoder.layers.8.self_attn.v_proj,linear,,B*T_dec,1024,1024,306,decoder.layers.8.self_attn.v_proj.weight,"[1024,1024]",config+architecture,
models--Systran--faster-whisper-medium,310,decoder_prefill,8,decoder.layers.8.self_attn.qk,batched_matmul,B*heads,T_dec,T_dec,64,307;308,,,config+architecture,decode uses existing self-attention KV cache
models--Systran--faster-whisper-medium,311,decoder_prefill,8,decoder.layers.8.self_attn.pv,batched_matmul,B*heads,T_dec,64,T_dec,310;309,,,config+architecture,
models--Systran--faster-whisper-medium,312,decoder_prefill,8,decoder.layers.8.self_attn.out_proj,linear,,B*T_dec,1024,1024,311,decoder.layers.8.self_attn.out_proj.weight,"[1024,1024]",config+architecture,
models--Systran--faster-whisper-medium,313,decoder_prefill,8,decoder.layers.8.encoder_attn.q_proj,linear,,B*T_dec,1024,1024,312,decoder.layers.8.encoder_attn.q_proj.weight,"[1024,1024]",config+architecture,
models--Systran--faster-whisper-medium,314,decoder_prefill,8,decoder.layers.8.encoder_attn.k_proj,linear,,B*T_enc,1024,1024,194,decoder.layers.8.encoder_attn.k_proj.weight,"[1024,1024]",config+architecture,
models--Systran--faster-whisper-medium,315,decoder_prefill,8,decoder.layers.8.encoder_attn.v_proj,linear,,B*T_enc,1024,1024,194,decoder.layers.8.encoder_attn.v_proj.weight,"[1024,1024]",config+architecture,
models--Systran--faster-whisper-medium,316,decoder_prefill,8,decoder.layers.8.encoder_attn.qk,batched_matmul,B*heads,T_dec,T_enc,64,313;314,,,config+architecture,cross-attention K is cached during decode step
models--Systran--faster-whisper-medium,317,decoder_prefill,8,decoder.layers.8.encoder_attn.pv,batched_matmul,B*heads,T_dec,64,T_enc,316;315,,,config+architecture,cross-attention V is cached during decode step
models--Systran--faster-whisper-medium,318,decoder_prefill,8,decoder.layers.8.encoder_attn.out_proj,linear,,B*T_dec,1024,1024,317,decoder.layers.8.encoder_attn.out_proj.weight,"[1024,1024]",config+architecture,
models--Systran--faster-whisper-medium,319,decoder_prefill,8,decoder.layers.8.fc1,linear,,B*T_dec,4096,1024,318,decoder.layers.8.fc1.weight,"[4096,1024]",config+architecture,
models--Systran--faster-whisper-medium,320,decoder_prefill,8,decoder.layers.8.fc2,linear,,B*T_dec,1024,4096,319,decoder.layers.8.fc2.weight,"[1024,4096]",config+architecture,
models--Systran--faster-whisper-medium,321,decoder_prefill,9,decoder.layers.9.self_attn.q_proj,linear,,B*T_dec,1024,1024,320,decoder.layers.9.self_attn.q_proj.weight,"[1024,1024]",config+architecture,
models--Systran--faster-whisper-medium,322,decoder_prefill,9,decoder.layers.9.self_attn.k_proj,linear,,B*T_dec,1024,1024,320,decoder.layers.9.self_attn.k_proj.weight,"[1024,1024]",config+architecture,
models--Systran--faster-whisper-medium,323,decoder_prefill,9,decoder.layers.9.self_attn.v_proj,linear,,B*T_dec,1024,1024,320,decoder.layers.9.self_attn.v_proj.weight,"[1024,1024]",config+architecture,
models--Systran--faster-whisper-medium,324,decoder_prefill,9,decoder.layers.9.self_attn.qk,batched_matmul,B*heads,T_dec,T_dec,64,321;322,,,config+architecture,decode uses existing self-attention KV cache
models--Systran--faster-whisper-medium,325,decoder_prefill,9,decoder.layers.9.self_attn.pv,batched_matmul,B*heads,T_dec,64,T_dec,324;323,,,config+architecture,
models--Systran--faster-whisper-medium,326,decoder_prefill,9,decoder.layers.9.self_attn.out_proj,linear,,B*T_dec,1024,1024,325,decoder.layers.9.self_attn.out_proj.weight,"[1024,1024]",config+architecture,
models--Systran--faster-whisper-medium,327,decoder_prefill,9,decoder.layers.9.encoder_attn.q_proj,linear,,B*T_dec,1024,1024,326,decoder.layers.9.encoder_attn.q_proj.weight,"[1024,1024]",config+architecture,
models--Systran--faster-whisper-medium,328,decoder_prefill,9,decoder.layers.9.encoder_attn.k_proj,linear,,B*T_enc,1024,1024,194,decoder.layers.9.encoder_attn.k_proj.weight,"[1024,1024]",config+architecture,
models--Systran--faster-whisper-medium,329,decoder_prefill,9,decoder.layers.9.encoder_attn.v_proj,linear,,B*T_enc,1024,1024,194,decoder.layers.9.encoder_attn.v_proj.weight,"[1024,1024]",config+architecture,
models--Systran--faster-whisper-medium,330,decoder_prefill,9,decoder.layers.9.encoder_attn.qk,batched_matmul,B*heads,T_dec,T_enc,64,327;328,,,config+architecture,cross-attention K is cached during decode step
models--Systran--faster-whisper-medium,331,decoder_prefill,9,decoder.layers.9.encoder_attn.pv,batched_matmul,B*heads,T_dec,64,T_enc,330;329,,,config+architecture,cross-attention V is cached during decode step
models--Systran--faster-whisper-medium,332,decoder_prefill,9,decoder.layers.9.encoder_attn.out_proj,linear,,B*T_dec,1024,1024,331,decoder.layers.9.encoder_attn.out_proj.weight,"[1024,1024]",config+architecture,
models--Systran--faster-whisper-medium,333,decoder_prefill,9,decoder.layers.9.fc1,linear,,B*T_dec,4096,1024,332,decoder.layers.9.fc1.weight,"[4096,1024]",config+architecture,
models--Systran--faster-whisper-medium,334,decoder_prefill,9,decoder.layers.9.fc2,linear,,B*T_dec,1024,4096,333,decoder.layers.9.fc2.weight,"[1024,4096]",config+architecture,
models--Systran--faster-whisper-medium,335,decoder_prefill,10,decoder.layers.10.self_attn.q_proj,linear,,B*T_dec,1024,1024,334,decoder.layers.10.self_attn.q_proj.weight,"[1024,1024]",config+architecture,
models--Systran--faster-whisper-medium,336,decoder_prefill,10,decoder.layers.10.self_attn.k_proj,linear,,B*T_dec,1024,1024,334,decoder.layers.10.self_attn.k_proj.weight,"[1024,1024]",config+architecture,
models--Systran--faster-whisper-medium,337,decoder_prefill,10,decoder.layers.10.self_attn.v_proj,linear,,B*T_dec,1024,1024,334,decoder.layers.10.self_attn.v_proj.weight,"[1024,1024]",config+architecture,
models--Systran--faster-whisper-medium,338,decoder_prefill,10,decoder.layers.10.self_attn.qk,batched_matmul,B*heads,T_dec,T_dec,64,335;336,,,config+architecture,decode uses existing self-attention KV cache
models--Systran--faster-whisper-medium,339,decoder_prefill,10,decoder.layers.10.self_attn.pv,batched_matmul,B*heads,T_dec,64,T_dec,338;337,,,config+architecture,
models--Systran--faster-whisper-medium,340,decoder_prefill,10,decoder.layers.10.self_attn.out_proj,linear,,B*T_dec,1024,1024,339,decoder.layers.10.self_attn.out_proj.weight,"[1024,1024]",config+architecture,
models--Systran--faster-whisper-medium,341,decoder_prefill,10,decoder.layers.10.encoder_attn.q_proj,linear,,B*T_dec,1024,1024,340,decoder.layers.10.encoder_attn.q_proj.weight,"[1024,1024]",config+architecture,
models--Systran--faster-whisper-medium,342,decoder_prefill,10,decoder.layers.10.encoder_attn.k_proj,linear,,B*T_enc,1024,1024,194,decoder.layers.10.encoder_attn.k_proj.weight,"[1024,1024]",config+architecture,
models--Systran--faster-whisper-medium,343,decoder_prefill,10,decoder.layers.10.encoder_attn.v_proj,linear,,B*T_enc,1024,1024,194,decoder.layers.10.encoder_attn.v_proj.weight,"[1024,1024]",config+architecture,
models--Systran--faster-whisper-medium,344,decoder_prefill,10,decoder.layers.10.encoder_attn.qk,batched_matmul,B*heads,T_dec,T_enc,64,341;342,,,config+architecture,cross-attention K is cached during decode step
models--Systran--faster-whisper-medium,345,decoder_prefill,10,decoder.layers.10.encoder_attn.pv,batched_matmul,B*heads,T_dec,64,T_enc,344;343,,,config+architecture,cross-attention V is cached during decode step
models--Systran--faster-whisper-medium,346,decoder_prefill,10,decoder.layers.10.encoder_attn.out_proj,linear,,B*T_dec,1024,1024,345,decoder.layers.10.encoder_attn.out_proj.weight,"[1024,1024]",config+architecture,
models--Systran--faster-whisper-medium,347,decoder_prefill,10,decoder.layers.10.fc1,linear,,B*T_dec,4096,1024,346,decoder.layers.10.fc1.weight,"[4096,1024]",config+architecture,
models--Systran--faster-whisper-medium,348,decoder_prefill,10,decoder.layers.10.fc2,linear,,B*T_dec,1024,4096,347,decoder.layers.10.fc2.weight,"[1024,4096]",config+architecture,
models--Systran--faster-whisper-medium,349,decoder_prefill,11,decoder.layers.11.self_attn.q_proj,linear,,B*T_dec,1024,1024,348,decoder.layers.11.self_attn.q_proj.weight,"[1024,1024]",config+architecture,
models--Systran--faster-whisper-medium,350,decoder_prefill,11,decoder.layers.11.self_attn.k_proj,linear,,B*T_dec,1024,1024,348,decoder.layers.11.self_attn.k_proj.weight,"[1024,1024]",config+architecture,
models--Systran--faster-whisper-medium,351,decoder_prefill,11,decoder.layers.11.self_attn.v_proj,linear,,B*T_dec,1024,1024,348,decoder.layers.11.self_attn.v_proj.weight,"[1024,1024]",config+architecture,
models--Systran--faster-whisper-medium,352,decoder_prefill,11,decoder.layers.11.self_attn.qk,batched_matmul,B*heads,T_dec,T_dec,64,349;350,,,config+architecture,decode uses existing self-attention KV cache
models--Systran--faster-whisper-medium,353,decoder_prefill,11,decoder.layers.11.self_attn.pv,batched_matmul,B*heads,T_dec,64,T_dec,352;351,,,config+architecture,
models--Systran--faster-whisper-medium,354,decoder_prefill,11,decoder.layers.11.self_attn.out_proj,linear,,B*T_dec,1024,1024,353,decoder.layers.11.self_attn.out_proj.weight,"[1024,1024]",config+architecture,
models--Systran--faster-whisper-medium,355,decoder_prefill,11,decoder.layers.11.encoder_attn.q_proj,linear,,B*T_dec,1024,1024,354,decoder.layers.11.encoder_attn.q_proj.weight,"[1024,1024]",config+architecture,
models--Systran--faster-whisper-medium,356,decoder_prefill,11,decoder.layers.11.encoder_attn.k_proj,linear,,B*T_enc,1024,1024,194,decoder.layers.11.encoder_attn.k_proj.weight,"[1024,1024]",config+architecture,
models--Systran--faster-whisper-medium,357,decoder_prefill,11,decoder.layers.11.encoder_attn.v_proj,linear,,B*T_enc,1024,1024,194,decoder.layers.11.encoder_attn.v_proj.weight,"[1024,1024]",config+architecture,
models--Systran--faster-whisper-medium,358,decoder_prefill,11,decoder.layers.11.encoder_attn.qk,batched_matmul,B*heads,T_dec,T_enc,64,355;356,,,config+architecture,cross-attention K is cached during decode step
models--Systran--faster-whisper-medium,359,decoder_prefill,11,decoder.layers.11.encoder_attn.pv,batched_matmul,B*heads,T_dec,64,T_enc,358;357,,,config+architecture,cross-attention V is cached during decode step
models--Systran--faster-whisper-medium,360,decoder_prefill,11,decoder.layers.11.encoder_attn.out_proj,linear,,B*T_dec,1024,1024,359,decoder.layers.11.encoder_attn.out_proj.weight,"[1024,1024]",config+architecture,
models--Systran--faster-whisper-medium,361,decoder_prefill,11,decoder.layers.11.fc1,linear,,B*T_dec,4096,1024,360,decoder.layers.11.fc1.weight,"[4096,1024]",config+architecture,
models--Systran--faster-whisper-medium,362,decoder_prefill,11,decoder.layers.11.fc2,linear,,B*T_dec,1024,4096,361,decoder.layers.11.fc2.weight,"[1024,4096]",config+architecture,
models--Systran--faster-whisper-medium,363,decoder_prefill,12,decoder.layers.12.self_attn.q_proj,linear,,B*T_dec,1024,1024,362,decoder.layers.12.self_attn.q_proj.weight,"[1024,1024]",config+architecture,
models--Systran--faster-whisper-medium,364,decoder_prefill,12,decoder.layers.12.self_attn.k_proj,linear,,B*T_dec,1024,1024,362,decoder.layers.12.self_attn.k_proj.weight,"[1024,1024]",config+architecture,
models--Systran--faster-whisper-medium,365,decoder_prefill,12,decoder.layers.12.self_attn.v_proj,linear,,B*T_dec,1024,1024,362,decoder.layers.12.self_attn.v_proj.weight,"[1024,1024]",config+architecture,
models--Systran--faster-whisper-medium,366,decoder_prefill,12,decoder.layers.12.self_attn.qk,batched_matmul,B*heads,T_dec,T_dec,64,363;364,,,config+architecture,decode uses existing self-attention KV cache
models--Systran--faster-whisper-medium,367,decoder_prefill,12,decoder.layers.12.self_attn.pv,batched_matmul,B*heads,T_dec,64,T_dec,366;365,,,config+architecture,
models--Systran--faster-whisper-medium,368,decoder_prefill,12,decoder.layers.12.self_attn.out_proj,linear,,B*T_dec,1024,1024,367,decoder.layers.12.self_attn.out_proj.weight,"[1024,1024]",config+architecture,
models--Systran--faster-whisper-medium,369,decoder_prefill,12,decoder.layers.12.encoder_attn.q_proj,linear,,B*T_dec,1024,1024,368,decoder.layers.12.encoder_attn.q_proj.weight,"[1024,1024]",config+architecture,
models--Systran--faster-whisper-medium,370,decoder_prefill,12,decoder.layers.12.encoder_attn.k_proj,linear,,B*T_enc,1024,1024,194,decoder.layers.12.encoder_attn.k_proj.weight,"[1024,1024]",config+architecture,
models--Systran--faster-whisper-medium,371,decoder_prefill,12,decoder.layers.12.encoder_attn.v_proj,linear,,B*T_enc,1024,1024,194,decoder.layers.12.encoder_attn.v_proj.weight,"[1024,1024]",config+architecture,
models--Systran--faster-whisper-medium,372,decoder_prefill,12,decoder.layers.12.encoder_attn.qk,batched_matmul,B*heads,T_dec,T_enc,64,369;370,,,config+architecture,cross-attention K is cached during decode step
models--Systran--faster-whisper-medium,373,decoder_prefill,12,decoder.layers.12.encoder_attn.pv,batched_matmul,B*heads,T_dec,64,T_enc,372;371,,,config+architecture,cross-attention V is cached during decode step
models--Systran--faster-whisper-medium,374,decoder_prefill,12,decoder.layers.12.encoder_attn.out_proj,linear,,B*T_dec,1024,1024,373,decoder.layers.12.encoder_attn.out_proj.weight,"[1024,1024]",config+architecture,
models--Systran--faster-whisper-medium,375,decoder_prefill,12,decoder.layers.12.fc1,linear,,B*T_dec,4096,1024,374,decoder.layers.12.fc1.weight,"[4096,1024]",config+architecture,
models--Systran--faster-whisper-medium,376,decoder_prefill,12,decoder.layers.12.fc2,linear,,B*T_dec,1024,4096,375,decoder.layers.12.fc2.weight,"[1024,4096]",config+architecture,
models--Systran--faster-whisper-medium,377,decoder_prefill,13,decoder.layers.13.self_attn.q_proj,linear,,B*T_dec,1024,1024,376,decoder.layers.13.self_attn.q_proj.weight,"[1024,1024]",config+architecture,
models--Systran--faster-whisper-medium,378,decoder_prefill,13,decoder.layers.13.self_attn.k_proj,linear,,B*T_dec,1024,1024,376,decoder.layers.13.self_attn.k_proj.weight,"[1024,1024]",config+architecture,
models--Systran--faster-whisper-medium,379,decoder_prefill,13,decoder.layers.13.self_attn.v_proj,linear,,B*T_dec,1024,1024,376,decoder.layers.13.self_attn.v_proj.weight,"[1024,1024]",config+architecture,
models--Systran--faster-whisper-medium,380,decoder_prefill,13,decoder.layers.13.self_attn.qk,batched_matmul,B*heads,T_dec,T_dec,64,377;378,,,config+architecture,decode uses existing self-attention KV cache
models--Systran--faster-whisper-medium,381,decoder_prefill,13,decoder.layers.13.self_attn.pv,batched_matmul,B*heads,T_dec,64,T_dec,380;379,,,config+architecture,
models--Systran--faster-whisper-medium,382,decoder_prefill,13,decoder.layers.13.self_attn.out_proj,linear,,B*T_dec,1024,1024,381,decoder.layers.13.self_attn.out_proj.weight,"[1024,1024]",config+architecture,
models--Systran--faster-whisper-medium,383,decoder_prefill,13,decoder.layers.13.encoder_attn.q_proj,linear,,B*T_dec,1024,1024,382,decoder.layers.13.encoder_attn.q_proj.weight,"[1024,1024]",config+architecture,
models--Systran--faster-whisper-medium,384,decoder_prefill,13,decoder.layers.13.encoder_attn.k_proj,linear,,B*T_enc,1024,1024,194,decoder.layers.13.encoder_attn.k_proj.weight,"[1024,1024]",config+architecture,
models--Systran--faster-whisper-medium,385,decoder_prefill,13,decoder.layers.13.encoder_attn.v_proj,linear,,B*T_enc,1024,1024,194,decoder.layers.13.encoder_attn.v_proj.weight,"[1024,1024]",config+architecture,
models--Systran--faster-whisper-medium,386,decoder_prefill,13,decoder.layers.13.encoder_attn.qk,batched_matmul,B*heads,T_dec,T_enc,64,383;384,,,config+architecture,cross-attention K is cached during decode step
models--Systran--faster-whisper-medium,387,decoder_prefill,13,decoder.layers.13.encoder_attn.pv,batched_matmul,B*heads,T_dec,64,T_enc,386;385,,,config+architecture,cross-attention V is cached during decode step
models--Systran--faster-whisper-medium,388,decoder_prefill,13,decoder.layers.13.encoder_attn.out_proj,linear,,B*T_dec,1024,1024,387,decoder.layers.13.encoder_attn.out_proj.weight,"[1024,1024]",config+architecture,
models--Systran--faster-whisper-medium,389,decoder_prefill,13,decoder.layers.13.fc1,linear,,B*T_dec,4096,1024,388,decoder.layers.13.fc1.weight,"[4096,1024]",config+architecture,
models--Systran--faster-whisper-medium,390,decoder_prefill,13,decoder.layers.13.fc2,linear,,B*T_dec,1024,4096,389,decoder.layers.13.fc2.weight,"[1024,4096]",config+architecture,
models--Systran--faster-whisper-medium,391,decoder_prefill,14,decoder.layers.14.self_attn.q_proj,linear,,B*T_dec,1024,1024,390,decoder.layers.14.self_attn.q_proj.weight,"[1024,1024]",config+architecture,
models--Systran--faster-whisper-medium,392,decoder_prefill,14,decoder.layers.14.self_attn.k_proj,linear,,B*T_dec,1024,1024,390,decoder.layers.14.self_attn.k_proj.weight,"[1024,1024]",config+architecture,
models--Systran--faster-whisper-medium,393,decoder_prefill,14,decoder.layers.14.self_attn.v_proj,linear,,B*T_dec,1024,1024,390,decoder.layers.14.self_attn.v_proj.weight,"[1024,1024]",config+architecture,
models--Systran--faster-whisper-medium,394,decoder_prefill,14,decoder.layers.14.self_attn.qk,batched_matmul,B*heads,T_dec,T_dec,64,391;392,,,config+architecture,decode uses existing self-attention KV cache
models--Systran--faster-whisper-medium,395,decoder_prefill,14,decoder.layers.14.self_attn.pv,batched_matmul,B*heads,T_dec,64,T_dec,394;393,,,config+architecture,
models--Systran--faster-whisper-medium,396,decoder_prefill,14,decoder.layers.14.self_attn.out_proj,linear,,B*T_dec,1024,1024,395,decoder.layers.14.self_attn.out_proj.weight,"[1024,1024]",config+architecture,
models--Systran--faster-whisper-medium,397,decoder_prefill,14,decoder.layers.14.encoder_attn.q_proj,linear,,B*T_dec,1024,1024,396,decoder.layers.14.encoder_attn.q_proj.weight,"[1024,1024]",config+architecture,
models--Systran--faster-whisper-medium,398,decoder_prefill,14,decoder.layers.14.encoder_attn.k_proj,linear,,B*T_enc,1024,1024,194,decoder.layers.14.encoder_attn.k_proj.weight,"[1024,1024]",config+architecture,
models--Systran--faster-whisper-medium,399,decoder_prefill,14,decoder.layers.14.encoder_attn.v_proj,linear,,B*T_enc,1024,1024,194,decoder.layers.14.encoder_attn.v_proj.weight,"[1024,1024]",config+architecture,
models--Systran--faster-whisper-medium,400,decoder_prefill,14,decoder.layers.14.encoder_attn.qk,batched_matmul,B*heads,T_dec,T_enc,64,397;398,,,config+architecture,cross-attention K is cached during decode step
models--Systran--faster-whisper-medium,401,decoder_prefill,14,decoder.layers.14.encoder_attn.pv,batched_matmul,B*heads,T_dec,64,T_enc,400;399,,,config+architecture,cross-attention V is cached during decode step
models--Systran--faster-whisper-medium,402,decoder_prefill,14,decoder.layers.14.encoder_attn.out_proj,linear,,B*T_dec,1024,1024,401,decoder.layers.14.encoder_attn.out_proj.weight,"[1024,1024]",config+architecture,
models--Systran--faster-whisper-medium,403,decoder_prefill,14,decoder.layers.14.fc1,linear,,B*T_dec,4096,1024,402,decoder.layers.14.fc1.weight,"[4096,1024]",config+architecture,
models--Systran--faster-whisper-medium,404,decoder_prefill,14,decoder.layers.14.fc2,linear,,B*T_dec,1024,4096,403,decoder.layers.14.fc2.weight,"[1024,4096]",config+architecture,
models--Systran--faster-whisper-medium,405,decoder_prefill,15,decoder.layers.15.self_attn.q_proj,linear,,B*T_dec,1024,1024,404,decoder.layers.15.self_attn.q_proj.weight,"[1024,1024]",config+architecture,
models--Systran--faster-whisper-medium,406,decoder_prefill,15,decoder.layers.15.self_attn.k_proj,linear,,B*T_dec,1024,1024,404,decoder.layers.15.self_attn.k_proj.weight,"[1024,1024]",config+architecture,
models--Systran--faster-whisper-medium,407,decoder_prefill,15,decoder.layers.15.self_attn.v_proj,linear,,B*T_dec,1024,1024,404,decoder.layers.15.self_attn.v_proj.weight,"[1024,1024]",config+architecture,
models--Systran--faster-whisper-medium,408,decoder_prefill,15,decoder.layers.15.self_attn.qk,batched_matmul,B*heads,T_dec,T_dec,64,405;406,,,config+architecture,decode uses existing self-attention KV cache
models--Systran--faster-whisper-medium,409,decoder_prefill,15,decoder.layers.15.self_attn.pv,batched_matmul,B*heads,T_dec,64,T_dec,408;407,,,config+architecture,
models--Systran--faster-whisper-medium,410,decoder_prefill,15,decoder.layers.15.self_attn.out_proj,linear,,B*T_dec,1024,1024,409,decoder.layers.15.self_attn.out_proj.weight,"[1024,1024]",config+architecture,
models--Systran--faster-whisper-medium,411,decoder_prefill,15,decoder.layers.15.encoder_attn.q_proj,linear,,B*T_dec,1024,1024,410,decoder.layers.15.encoder_attn.q_proj.weight,"[1024,1024]",config+architecture,
models--Systran--faster-whisper-medium,412,decoder_prefill,15,decoder.layers.15.encoder_attn.k_proj,linear,,B*T_enc,1024,1024,194,decoder.layers.15.encoder_attn.k_proj.weight,"[1024,1024]",config+architecture,
models--Systran--faster-whisper-medium,413,decoder_prefill,15,decoder.layers.15.encoder_attn.v_proj,linear,,B*T_enc,1024,1024,194,decoder.layers.15.encoder_attn.v_proj.weight,"[1024,1024]",config+architecture,
models--Systran--faster-whisper-medium,414,decoder_prefill,15,decoder.layers.15.encoder_attn.qk,batched_matmul,B*heads,T_dec,T_enc,64,411;412,,,config+architecture,cross-attention K is cached during decode step
models--Systran--faster-whisper-medium,415,decoder_prefill,15,decoder.layers.15.encoder_attn.pv,batched_matmul,B*heads,T_dec,64,T_enc,414;413,,,config+architecture,cross-attention V is cached during decode step
models--Systran--faster-whisper-medium,416,decoder_prefill,15,decoder.layers.15.encoder_attn.out_proj,linear,,B*T_dec,1024,1024,415,decoder.layers.15.encoder_attn.out_proj.weight,"[1024,1024]",config+architecture,
models--Systran--faster-whisper-medium,417,decoder_prefill,15,decoder.layers.15.fc1,linear,,B*T_dec,4096,1024,416,decoder.layers.15.fc1.weight,"[4096,1024]",config+architecture,
models--Systran--faster-whisper-medium,418,decoder_prefill,15,decoder.layers.15.fc2,linear,,B*T_dec,1024,4096,417,decoder.layers.15.fc2.weight,"[1024,4096]",config+architecture,
models--Systran--faster-whisper-medium,419,decoder_prefill,16,decoder.layers.16.self_attn.q_proj,linear,,B*T_dec,1024,1024,418,decoder.layers.16.self_attn.q_proj.weight,"[1024,1024]",config+architecture,
models--Systran--faster-whisper-medium,420,decoder_prefill,16,decoder.layers.16.self_attn.k_proj,linear,,B*T_dec,1024,1024,418,decoder.layers.16.self_attn.k_proj.weight,"[1024,1024]",config+architecture,
models--Systran--faster-whisper-medium,421,decoder_prefill,16,decoder.layers.16.self_attn.v_proj,linear,,B*T_dec,1024,1024,418,decoder.layers.16.self_attn.v_proj.weight,"[1024,1024]",config+architecture,
models--Systran--faster-whisper-medium,422,decoder_prefill,16,decoder.layers.16.self_attn.qk,batched_matmul,B*heads,T_dec,T_dec,64,419;420,,,config+architecture,decode uses existing self-attention KV cache
models--Systran--faster-whisper-medium,423,decoder_prefill,16,decoder.layers.16.self_attn.pv,batched_matmul,B*heads,T_dec,64,T_dec,422;421,,,config+architecture,
models--Systran--faster-whisper-medium,424,decoder_prefill,16,decoder.layers.16.self_attn.out_proj,linear,,B*T_dec,1024,1024,423,decoder.layers.16.self_attn.out_proj.weight,"[1024,1024]",config+architecture,
models--Systran--faster-whisper-medium,425,decoder_prefill,16,decoder.layers.16.encoder_attn.q_proj,linear,,B*T_dec,1024,1024,424,decoder.layers.16.encoder_attn.q_proj.weight,"[1024,1024]",config+architecture,
models--Systran--faster-whisper-medium,426,decoder_prefill,16,decoder.layers.16.encoder_attn.k_proj,linear,,B*T_enc,1024,1024,194,decoder.layers.16.encoder_attn.k_proj.weight,"[1024,1024]",config+architecture,
models--Systran--faster-whisper-medium,427,decoder_prefill,16,decoder.layers.16.encoder_attn.v_proj,linear,,B*T_enc,1024,1024,194,decoder.layers.16.encoder_attn.v_proj.weight,"[1024,1024]",config+architecture,
models--Systran--faster-whisper-medium,428,decoder_prefill,16,decoder.layers.16.encoder_attn.qk,batched_matmul,B*heads,T_dec,T_enc,64,425;426,,,config+architecture,cross-attention K is cached during decode step
models--Systran--faster-whisper-medium,429,decoder_prefill,16,decoder.layers.16.encoder_attn.pv,batched_matmul,B*heads,T_dec,64,T_enc,428;427,,,config+architecture,cross-attention V is cached during decode step
models--Systran--faster-whisper-medium,430,decoder_prefill,16,decoder.layers.16.encoder_attn.out_proj,linear,,B*T_dec,1024,1024,429,decoder.layers.16.encoder_attn.out_proj.weight,"[1024,1024]",config+architecture,
models--Systran--faster-whisper-medium,431,decoder_prefill,16,decoder.layers.16.fc1,linear,,B*T_dec,4096,1024,430,decoder.layers.16.fc1.weight,"[4096,1024]",config+architecture,
models--Systran--faster-whisper-medium,432,decoder_prefill,16,decoder.layers.16.fc2,linear,,B*T_dec,1024,4096,431,decoder.layers.16.fc2.weight,"[1024,4096]",config+architecture,
models--Systran--faster-whisper-medium,433,decoder_prefill,17,decoder.layers.17.self_attn.q_proj,linear,,B*T_dec,1024,1024,432,decoder.layers.17.self_attn.q_proj.weight,"[1024,1024]",config+architecture,
models--Systran--faster-whisper-medium,434,decoder_prefill,17,decoder.layers.17.self_attn.k_proj,linear,,B*T_dec,1024,1024,432,decoder.layers.17.self_attn.k_proj.weight,"[1024,1024]",config+architecture,
models--Systran--faster-whisper-medium,435,decoder_prefill,17,decoder.layers.17.self_attn.v_proj,linear,,B*T_dec,1024,1024,432,decoder.layers.17.self_attn.v_proj.weight,"[1024,1024]",config+architecture,
models--Systran--faster-whisper-medium,436,decoder_prefill,17,decoder.layers.17.self_attn.qk,batched_matmul,B*heads,T_dec,T_dec,64,433;434,,,config+architecture,decode uses existing self-attention KV cache
models--Systran--faster-whisper-medium,437,decoder_prefill,17,decoder.layers.17.self_attn.pv,batched_matmul,B*heads,T_dec,64,T_dec,436;435,,,config+architecture,
models--Systran--faster-whisper-medium,438,decoder_prefill,17,decoder.layers.17.self_attn.out_proj,linear,,B*T_dec,1024,1024,437,decoder.layers.17.self_attn.out_proj.weight,"[1024,1024]",config+architecture,
models--Systran--faster-whisper-medium,439,decoder_prefill,17,decoder.layers.17.encoder_attn.q_proj,linear,,B*T_dec,1024,1024,438,decoder.layers.17.encoder_attn.q_proj.weight,"[1024,1024]",config+architecture,
models--Systran--faster-whisper-medium,440,decoder_prefill,17,decoder.layers.17.encoder_attn.k_proj,linear,,B*T_enc,1024,1024,194,decoder.layers.17.encoder_attn.k_proj.weight,"[1024,1024]",config+architecture,
models--Systran--faster-whisper-medium,441,decoder_prefill,17,decoder.layers.17.encoder_attn.v_proj,linear,,B*T_enc,1024,1024,194,decoder.layers.17.encoder_attn.v_proj.weight,"[1024,1024]",config+architecture,
models--Systran--faster-whisper-medium,442,decoder_prefill,17,decoder.layers.17.encoder_attn.qk,batched_matmul,B*heads,T_dec,T_enc,64,439;440,,,config+architecture,cross-attention K is cached during decode step
models--Systran--faster-whisper-medium,443,decoder_prefill,17,decoder.layers.17.encoder_attn.pv,batched_matmul,B*heads,T_dec,64,T_enc,442;441,,,config+architecture,cross-attention V is cached during decode step
models--Systran--faster-whisper-medium,444,decoder_prefill,17,decoder.layers.17.encoder_attn.out_proj,linear,,B*T_dec,1024,1024,443,decoder.layers.17.encoder_attn.out_proj.weight,"[1024,1024]",config+architecture,
models--Systran--faster-whisper-medium,445,decoder_prefill,17,decoder.layers.17.fc1,linear,,B*T_dec,4096,1024,444,decoder.layers.17.fc1.weight,"[4096,1024]",config+architecture,
models--Systran--faster-whisper-medium,446,decoder_prefill,17,decoder.layers.17.fc2,linear,,B*T_dec,1024,4096,445,decoder.layers.17.fc2.weight,"[1024,4096]",config+architecture,
models--Systran--faster-whisper-medium,447,decoder_prefill,18,decoder.layers.18.self_attn.q_proj,linear,,B*T_dec,1024,1024,446,decoder.layers.18.self_attn.q_proj.weight,"[1024,1024]",config+architecture,
models--Systran--faster-whisper-medium,448,decoder_prefill,18,decoder.layers.18.self_attn.k_proj,linear,,B*T_dec,1024,1024,446,decoder.layers.18.self_attn.k_proj.weight,"[1024,1024]",config+architecture,
models--Systran--faster-whisper-medium,449,decoder_prefill,18,decoder.layers.18.self_attn.v_proj,linear,,B*T_dec,1024,1024,446,decoder.layers.18.self_attn.v_proj.weight,"[1024,1024]",config+architecture,
models--Systran--faster-whisper-medium,450,decoder_prefill,18,decoder.layers.18.self_attn.qk,batched_matmul,B*heads,T_dec,T_dec,64,447;448,,,config+architecture,decode uses existing self-attention KV cache
models--Systran--faster-whisper-medium,451,decoder_prefill,18,decoder.layers.18.self_attn.pv,batched_matmul,B*heads,T_dec,64,T_dec,450;449,,,config+architecture,
models--Systran--faster-whisper-medium,452,decoder_prefill,18,decoder.layers.18.self_attn.out_proj,linear,,B*T_dec,1024,1024,451,decoder.layers.18.self_attn.out_proj.weight,"[1024,1024]",config+architecture,
models--Systran--faster-whisper-medium,453,decoder_prefill,18,decoder.layers.18.encoder_attn.q_proj,linear,,B*T_dec,1024,1024,452,decoder.layers.18.encoder_attn.q_proj.weight,"[1024,1024]",config+architecture,
models--Systran--faster-whisper-medium,454,decoder_prefill,18,decoder.layers.18.encoder_attn.k_proj,linear,,B*T_enc,1024,1024,194,decoder.layers.18.encoder_attn.k_proj.weight,"[1024,1024]",config+architecture,
models--Systran--faster-whisper-medium,455,decoder_prefill,18,decoder.layers.18.encoder_attn.v_proj,linear,,B*T_enc,1024,1024,194,decoder.layers.18.encoder_attn.v_proj.weight,"[1024,1024]",config+architecture,
models--Systran--faster-whisper-medium,456,decoder_prefill,18,decoder.layers.18.encoder_attn.qk,batched_matmul,B*heads,T_dec,T_enc,64,453;454,,,config+architecture,cross-attention K is cached during decode step
models--Systran--faster-whisper-medium,457,decoder_prefill,18,decoder.layers.18.encoder_attn.pv,batched_matmul,B*heads,T_dec,64,T_enc,456;455,,,config+architecture,cross-attention V is cached during decode step
models--Systran--faster-whisper-medium,458,decoder_prefill,18,decoder.layers.18.encoder_attn.out_proj,linear,,B*T_dec,1024,1024,457,decoder.layers.18.encoder_attn.out_proj.weight,"[1024,1024]",config+architecture,
models--Systran--faster-whisper-medium,459,decoder_prefill,18,decoder.layers.18.fc1,linear,,B*T_dec,4096,1024,458,decoder.layers.18.fc1.weight,"[4096,1024]",config+architecture,
models--Systran--faster-whisper-medium,460,decoder_prefill,18,decoder.layers.18.fc2,linear,,B*T_dec,1024,4096,459,decoder.layers.18.fc2.weight,"[1024,4096]",config+architecture,
models--Systran--faster-whisper-medium,461,decoder_prefill,19,decoder.layers.19.self_attn.q_proj,linear,,B*T_dec,1024,1024,460,decoder.layers.19.self_attn.q_proj.weight,"[1024,1024]",config+architecture,
models--Systran--faster-whisper-medium,462,decoder_prefill,19,decoder.layers.19.self_attn.k_proj,linear,,B*T_dec,1024,1024,460,decoder.layers.19.self_attn.k_proj.weight,"[1024,1024]",config+architecture,
models--Systran--faster-whisper-medium,463,decoder_prefill,19,decoder.layers.19.self_attn.v_proj,linear,,B*T_dec,1024,1024,460,decoder.layers.19.self_attn.v_proj.weight,"[1024,1024]",config+architecture,
models--Systran--faster-whisper-medium,464,decoder_prefill,19,decoder.layers.19.self_attn.qk,batched_matmul,B*heads,T_dec,T_dec,64,461;462,,,config+architecture,decode uses existing self-attention KV cache
models--Systran--faster-whisper-medium,465,decoder_prefill,19,decoder.layers.19.self_attn.pv,batched_matmul,B*heads,T_dec,64,T_dec,464;463,,,config+architecture,
models--Systran--faster-whisper-medium,466,decoder_prefill,19,decoder.layers.19.self_attn.out_proj,linear,,B*T_dec,1024,1024,465,decoder.layers.19.self_attn.out_proj.weight,"[1024,1024]",config+architecture,
models--Systran--faster-whisper-medium,467,decoder_prefill,19,decoder.layers.19.encoder_attn.q_proj,linear,,B*T_dec,1024,1024,466,decoder.layers.19.encoder_attn.q_proj.weight,"[1024,1024]",config+architecture,
models--Systran--faster-whisper-medium,468,decoder_prefill,19,decoder.layers.19.encoder_attn.k_proj,linear,,B*T_enc,1024,1024,194,decoder.layers.19.encoder_attn.k_proj.weight,"[1024,1024]",config+architecture,
models--Systran--faster-whisper-medium,469,decoder_prefill,19,decoder.layers.19.encoder_attn.v_proj,linear,,B*T_enc,1024,1024,194,decoder.layers.19.encoder_attn.v_proj.weight,"[1024,1024]",config+architecture,
models--Systran--faster-whisper-medium,470,decoder_prefill,19,decoder.layers.19.encoder_attn.qk,batched_matmul,B*heads,T_dec,T_enc,64,467;468,,,config+architecture,cross-attention K is cached during decode step
models--Systran--faster-whisper-medium,471,decoder_prefill,19,decoder.layers.19.encoder_attn.pv,batched_matmul,B*heads,T_dec,64,T_enc,470;469,,,config+architecture,cross-attention V is cached during decode step
models--Systran--faster-whisper-medium,472,decoder_prefill,19,decoder.layers.19.encoder_attn.out_proj,linear,,B*T_dec,1024,1024,471,decoder.layers.19.encoder_attn.out_proj.weight,"[1024,1024]",config+architecture,
models--Systran--faster-whisper-medium,473,decoder_prefill,19,decoder.layers.19.fc1,linear,,B*T_dec,4096,1024,472,decoder.layers.19.fc1.weight,"[4096,1024]",config+architecture,
models--Systran--faster-whisper-medium,474,decoder_prefill,19,decoder.layers.19.fc2,linear,,B*T_dec,1024,4096,473,decoder.layers.19.fc2.weight,"[1024,4096]",config+architecture,
models--Systran--faster-whisper-medium,475,decoder_prefill,20,decoder.layers.20.self_attn.q_proj,linear,,B*T_dec,1024,1024,474,decoder.layers.20.self_attn.q_proj.weight,"[1024,1024]",config+architecture,
models--Systran--faster-whisper-medium,476,decoder_prefill,20,decoder.layers.20.self_attn.k_proj,linear,,B*T_dec,1024,1024,474,decoder.layers.20.self_attn.k_proj.weight,"[1024,1024]",config+architecture,
models--Systran--faster-whisper-medium,477,decoder_prefill,20,decoder.layers.20.self_attn.v_proj,linear,,B*T_dec,1024,1024,474,decoder.layers.20.self_attn.v_proj.weight,"[1024,1024]",config+architecture,
models--Systran--faster-whisper-medium,478,decoder_prefill,20,decoder.layers.20.self_attn.qk,batched_matmul,B*heads,T_dec,T_dec,64,475;476,,,config+architecture,decode uses existing self-attention KV cache
models--Systran--faster-whisper-medium,479,decoder_prefill,20,decoder.layers.20.self_attn.pv,batched_matmul,B*heads,T_dec,64,T_dec,478;477,,,config+architecture,
models--Systran--faster-whisper-medium,480,decoder_prefill,20,decoder.layers.20.self_attn.out_proj,linear,,B*T_dec,1024,1024,479,decoder.layers.20.self_attn.out_proj.weight,"[1024,1024]",config+architecture,
models--Systran--faster-whisper-medium,481,decoder_prefill,20,decoder.layers.20.encoder_attn.q_proj,linear,,B*T_dec,1024,1024,480,decoder.layers.20.encoder_attn.q_proj.weight,"[1024,1024]",config+architecture,
models--Systran--faster-whisper-medium,482,decoder_prefill,20,decoder.layers.20.encoder_attn.k_proj,linear,,B*T_enc,1024,1024,194,decoder.layers.20.encoder_attn.k_proj.weight,"[1024,1024]",config+architecture,
models--Systran--faster-whisper-medium,483,decoder_prefill,20,decoder.layers.20.encoder_attn.v_proj,linear,,B*T_enc,1024,1024,194,decoder.layers.20.encoder_attn.v_proj.weight,"[1024,1024]",config+architecture,
models--Systran--faster-whisper-medium,484,decoder_prefill,20,decoder.layers.20.encoder_attn.qk,batched_matmul,B*heads,T_dec,T_enc,64,481;482,,,config+architecture,cross-attention K is cached during decode step
models--Systran--faster-whisper-medium,485,decoder_prefill,20,decoder.layers.20.encoder_attn.pv,batched_matmul,B*heads,T_dec,64,T_enc,484;483,,,config+architecture,cross-attention V is cached during decode step
models--Systran--faster-whisper-medium,486,decoder_prefill,20,decoder.layers.20.encoder_attn.out_proj,linear,,B*T_dec,1024,1024,485,decoder.layers.20.encoder_attn.out_proj.weight,"[1024,1024]",config+architecture,
models--Systran--faster-whisper-medium,487,decoder_prefill,20,decoder.layers.20.fc1,linear,,B*T_dec,4096,1024,486,decoder.layers.20.fc1.weight,"[4096,1024]",config+architecture,
models--Systran--faster-whisper-medium,488,decoder_prefill,20,decoder.layers.20.fc2,linear,,B*T_dec,1024,4096,487,decoder.layers.20.fc2.weight,"[1024,4096]",config+architecture,
models--Systran--faster-whisper-medium,489,decoder_prefill,21,decoder.layers.21.self_attn.q_proj,linear,,B*T_dec,1024,1024,488,decoder.layers.21.self_attn.q_proj.weight,"[1024,1024]",config+architecture,
models--Systran--faster-whisper-medium,490,decoder_prefill,21,decoder.layers.21.self_attn.k_proj,linear,,B*T_dec,1024,1024,488,decoder.layers.21.self_attn.k_proj.weight,"[1024,1024]",config+architecture,
models--Systran--faster-whisper-medium,491,decoder_prefill,21,decoder.layers.21.self_attn.v_proj,linear,,B*T_dec,1024,1024,488,decoder.layers.21.self_attn.v_proj.weight,"[1024,1024]",config+architecture,
models--Systran--faster-whisper-medium,492,decoder_prefill,21,decoder.layers.21.self_attn.qk,batched_matmul,B*heads,T_dec,T_dec,64,489;490,,,config+architecture,decode uses existing self-attention KV cache
models--Systran--faster-whisper-medium,493,decoder_prefill,21,decoder.layers.21.self_attn.pv,batched_matmul,B*heads,T_dec,64,T_dec,492;491,,,config+architecture,
models--Systran--faster-whisper-medium,494,decoder_prefill,21,decoder.layers.21.self_attn.out_proj,linear,,B*T_dec,1024,1024,493,decoder.layers.21.self_attn.out_proj.weight,"[1024,1024]",config+architecture,
models--Systran--faster-whisper-medium,495,decoder_prefill,21,decoder.layers.21.encoder_attn.q_proj,linear,,B*T_dec,1024,1024,494,decoder.layers.21.encoder_attn.q_proj.weight,"[1024,1024]",config+architecture,
models--Systran--faster-whisper-medium,496,decoder_prefill,21,decoder.layers.21.encoder_attn.k_proj,linear,,B*T_enc,1024,1024,194,decoder.layers.21.encoder_attn.k_proj.weight,"[1024,1024]",config+architecture,
models--Systran--faster-whisper-medium,497,decoder_prefill,21,decoder.layers.21.encoder_attn.v_proj,linear,,B*T_enc,1024,1024,194,decoder.layers.21.encoder_attn.v_proj.weight,"[1024,1024]",config+architecture,
models--Systran--faster-whisper-medium,498,decoder_prefill,21,decoder.layers.21.encoder_attn.qk,batched_matmul,B*heads,T_dec,T_enc,64,495;496,,,config+architecture,cross-attention K is cached during decode step
models--Systran--faster-whisper-medium,499,decoder_prefill,21,decoder.layers.21.encoder_attn.pv,batched_matmul,B*heads,T_dec,64,T_enc,498;497,,,config+architecture,cross-attention V is cached during decode step
models--Systran--faster-whisper-medium,500,decoder_prefill,21,decoder.layers.21.encoder_attn.out_proj,linear,,B*T_dec,1024,1024,499,decoder.layers.21.encoder_attn.out_proj.weight,"[1024,1024]",config+architecture,
models--Systran--faster-whisper-medium,501,decoder_prefill,21,decoder.layers.21.fc1,linear,,B*T_dec,4096,1024,500,decoder.layers.21.fc1.weight,"[4096,1024]",config+architecture,
models--Systran--faster-whisper-medium,502,decoder_prefill,21,decoder.layers.21.fc2,linear,,B*T_dec,1024,4096,501,decoder.layers.21.fc2.weight,"[1024,4096]",config+architecture,
models--Systran--faster-whisper-medium,503,decoder_prefill,22,decoder.layers.22.self_attn.q_proj,linear,,B*T_dec,1024,1024,502,decoder.layers.22.self_attn.q_proj.weight,"[1024,1024]",config+architecture,
models--Systran--faster-whisper-medium,504,decoder_prefill,22,decoder.layers.22.self_attn.k_proj,linear,,B*T_dec,1024,1024,502,decoder.layers.22.self_attn.k_proj.weight,"[1024,1024]",config+architecture,
models--Systran--faster-whisper-medium,505,decoder_prefill,22,decoder.layers.22.self_attn.v_proj,linear,,B*T_dec,1024,1024,502,decoder.layers.22.self_attn.v_proj.weight,"[1024,1024]",config+architecture,
models--Systran--faster-whisper-medium,506,decoder_prefill,22,decoder.layers.22.self_attn.qk,batched_matmul,B*heads,T_dec,T_dec,64,503;504,,,config+architecture,decode uses existing self-attention KV cache
models--Systran--faster-whisper-medium,507,decoder_prefill,22,decoder.layers.22.self_attn.pv,batched_matmul,B*heads,T_dec,64,T_dec,506;505,,,config+architecture,
models--Systran--faster-whisper-medium,508,decoder_prefill,22,decoder.layers.22.self_attn.out_proj,linear,,B*T_dec,1024,1024,507,decoder.layers.22.self_attn.out_proj.weight,"[1024,1024]",config+architecture,
models--Systran--faster-whisper-medium,509,decoder_prefill,22,decoder.layers.22.encoder_attn.q_proj,linear,,B*T_dec,1024,1024,508,decoder.layers.22.encoder_attn.q_proj.weight,"[1024,1024]",config+architecture,
models--Systran--faster-whisper-medium,510,decoder_prefill,22,decoder.layers.22.encoder_attn.k_proj,linear,,B*T_enc,1024,1024,194,decoder.layers.22.encoder_attn.k_proj.weight,"[1024,1024]",config+architecture,
models--Systran--faster-whisper-medium,511,decoder_prefill,22,decoder.layers.22.encoder_attn.v_proj,linear,,B*T_enc,1024,1024,194,decoder.layers.22.encoder_attn.v_proj.weight,"[1024,1024]",config+architecture,
models--Systran--faster-whisper-medium,512,decoder_prefill,22,decoder.layers.22.encoder_attn.qk,batched_matmul,B*heads,T_dec,T_enc,64,509;510,,,config+architecture,cross-attention K is cached during decode step
models--Systran--faster-whisper-medium,513,decoder_prefill,22,decoder.layers.22.encoder_attn.pv,batched_matmul,B*heads,T_dec,64,T_enc,512;511,,,config+architecture,cross-attention V is cached during decode step
models--Systran--faster-whisper-medium,514,decoder_prefill,22,decoder.layers.22.encoder_attn.out_proj,linear,,B*T_dec,1024,1024,513,decoder.layers.22.encoder_attn.out_proj.weight,"[1024,1024]",config+architecture,
models--Systran--faster-whisper-medium,515,decoder_prefill,22,decoder.layers.22.fc1,linear,,B*T_dec,4096,1024,514,decoder.layers.22.fc1.weight,"[4096,1024]",config+architecture,
models--Systran--faster-whisper-medium,516,decoder_prefill,22,decoder.layers.22.fc2,linear,,B*T_dec,1024,4096,515,decoder.layers.22.fc2.weight,"[1024,4096]",config+architecture,
models--Systran--faster-whisper-medium,517,decoder_prefill,23,decoder.layers.23.self_attn.q_proj,linear,,B*T_dec,1024,1024,516,decoder.layers.23.self_attn.q_proj.weight,"[1024,1024]",config+architecture,
models--Systran--faster-whisper-medium,518,decoder_prefill,23,decoder.layers.23.self_attn.k_proj,linear,,B*T_dec,1024,1024,516,decoder.layers.23.self_attn.k_proj.weight,"[1024,1024]",config+architecture,
models--Systran--faster-whisper-medium,519,decoder_prefill,23,decoder.layers.23.self_attn.v_proj,linear,,B*T_dec,1024,1024,516,decoder.layers.23.self_attn.v_proj.weight,"[1024,1024]",config+architecture,
models--Systran--faster-whisper-medium,520,decoder_prefill,23,decoder.layers.23.self_attn.qk,batched_matmul,B*heads,T_dec,T_dec,64,517;518,,,config+architecture,decode uses existing self-attention KV cache
models--Systran--faster-whisper-medium,521,decoder_prefill,23,decoder.layers.23.self_attn.pv,batched_matmul,B*heads,T_dec,64,T_dec,520;519,,,config+architecture,
models--Systran--faster-whisper-medium,522,decoder_prefill,23,decoder.layers.23.self_attn.out_proj,linear,,B*T_dec,1024,1024,521,decoder.layers.23.self_attn.out_proj.weight,"[1024,1024]",config+architecture,
models--Systran--faster-whisper-medium,523,decoder_prefill,23,decoder.layers.23.encoder_attn.q_proj,linear,,B*T_dec,1024,1024,522,decoder.layers.23.encoder_attn.q_proj.weight,"[1024,1024]",config+architecture,
models--Systran--faster-whisper-medium,524,decoder_prefill,23,decoder.layers.23.encoder_attn.k_proj,linear,,B*T_enc,1024,1024,194,decoder.layers.23.encoder_attn.k_proj.weight,"[1024,1024]",config+architecture,
models--Systran--faster-whisper-medium,525,decoder_prefill,23,decoder.layers.23.encoder_attn.v_proj,linear,,B*T_enc,1024,1024,194,decoder.layers.23.encoder_attn.v_proj.weight,"[1024,1024]",config+architecture,
models--Systran--faster-whisper-medium,526,decoder_prefill,23,decoder.layers.23.encoder_attn.qk,batched_matmul,B*heads,T_dec,T_enc,64,523;524,,,config+architecture,cross-attention K is cached during decode step
models--Systran--faster-whisper-medium,527,decoder_prefill,23,decoder.layers.23.encoder_attn.pv,batched_matmul,B*heads,T_dec,64,T_enc,526;525,,,config+architecture,cross-attention V is cached during decode step
models--Systran--faster-whisper-medium,528,decoder_prefill,23,decoder.layers.23.encoder_attn.out_proj,linear,,B*T_dec,1024,1024,527,decoder.layers.23.encoder_attn.out_proj.weight,"[1024,1024]",config+architecture,
models--Systran--faster-whisper-medium,529,decoder_prefill,23,decoder.layers.23.fc1,linear,,B*T_dec,4096,1024,528,decoder.layers.23.fc1.weight,"[4096,1024]",config+architecture,
models--Systran--faster-whisper-medium,530,decoder_prefill,23,decoder.layers.23.fc2,linear,,B*T_dec,1024,4096,529,decoder.layers.23.fc2.weight,"[1024,4096]",config+architecture,
models--Systran--faster-whisper-medium,531,decoder_prefill,output,proj_out,linear,,B*T_dec,51865,1024,530,proj_out.weight/tied decoder embed_tokens,"[51865,1024]",config+architecture,
models--Systran--faster-whisper-medium,532,decoder_decode_step,0,decoder.layers.0.self_attn.q_proj,linear,,B,1024,1024,,decoder.layers.0.self_attn.q_proj.weight,"[1024,1024]",config+architecture,
models--Systran--faster-whisper-medium,533,decoder_decode_step,0,decoder.layers.0.self_attn.k_proj,linear,,B,1024,1024,,decoder.layers.0.self_attn.k_proj.weight,"[1024,1024]",config+architecture,
models--Systran--faster-whisper-medium,534,decoder_decode_step,0,decoder.layers.0.self_attn.v_proj,linear,,B,1024,1024,,decoder.layers.0.self_attn.v_proj.weight,"[1024,1024]",config+architecture,
models--Systran--faster-whisper-medium,535,decoder_decode_step,0,decoder.layers.0.self_attn.qk,batched_matmul,B*heads,1,KV_dec,64,532;533,,,config+architecture,decode uses existing self-attention KV cache
models--Systran--faster-whisper-medium,536,decoder_decode_step,0,decoder.layers.0.self_attn.pv,batched_matmul,B*heads,1,64,KV_dec,535;534,,,config+architecture,
models--Systran--faster-whisper-medium,537,decoder_decode_step,0,decoder.layers.0.self_attn.out_proj,linear,,B,1024,1024,536,decoder.layers.0.self_attn.out_proj.weight,"[1024,1024]",config+architecture,
models--Systran--faster-whisper-medium,538,decoder_decode_step,0,decoder.layers.0.encoder_attn.q_proj,linear,,B,1024,1024,537,decoder.layers.0.encoder_attn.q_proj.weight,"[1024,1024]",config+architecture,
models--Systran--faster-whisper-medium,539,decoder_decode_step,0,decoder.layers.0.encoder_attn.qk,batched_matmul,B*heads,1,T_enc,64,538,,,config+architecture,cross-attention K is cached during decode step
models--Systran--faster-whisper-medium,540,decoder_decode_step,0,decoder.layers.0.encoder_attn.pv,batched_matmul,B*heads,1,64,T_enc,539,,,config+architecture,cross-attention V is cached during decode step
models--Systran--faster-whisper-medium,541,decoder_decode_step,0,decoder.layers.0.encoder_attn.out_proj,linear,,B,1024,1024,540,decoder.layers.0.encoder_attn.out_proj.weight,"[1024,1024]",config+architecture,
models--Systran--faster-whisper-medium,542,decoder_decode_step,0,decoder.layers.0.fc1,linear,,B,4096,1024,541,decoder.layers.0.fc1.weight,"[4096,1024]",config+architecture,
models--Systran--faster-whisper-medium,543,decoder_decode_step,0,decoder.layers.0.fc2,linear,,B,1024,4096,542,decoder.layers.0.fc2.weight,"[1024,4096]",config+architecture,
models--Systran--faster-whisper-medium,544,decoder_decode_step,1,decoder.layers.1.self_attn.q_proj,linear,,B,1024,1024,543,decoder.layers.1.self_attn.q_proj.weight,"[1024,1024]",config+architecture,
models--Systran--faster-whisper-medium,545,decoder_decode_step,1,decoder.layers.1.self_attn.k_proj,linear,,B,1024,1024,543,decoder.layers.1.self_attn.k_proj.weight,"[1024,1024]",config+architecture,
models--Systran--faster-whisper-medium,546,decoder_decode_step,1,decoder.layers.1.self_attn.v_proj,linear,,B,1024,1024,543,decoder.layers.1.self_attn.v_proj.weight,"[1024,1024]",config+architecture,
models--Systran--faster-whisper-medium,547,decoder_decode_step,1,decoder.layers.1.self_attn.qk,batched_matmul,B*heads,1,KV_dec,64,544;545,,,config+architecture,decode uses existing self-attention KV cache
models--Systran--faster-whisper-medium,548,decoder_decode_step,1,decoder.layers.1.self_attn.pv,batched_matmul,B*heads,1,64,KV_dec,547;546,,,config+architecture,
models--Systran--faster-whisper-medium,549,decoder_decode_step,1,decoder.layers.1.self_attn.out_proj,linear,,B,1024,1024,548,decoder.layers.1.self_attn.out_proj.weight,"[1024,1024]",config+architecture,
models--Systran--faster-whisper-medium,550,decoder_decode_step,1,decoder.layers.1.encoder_attn.q_proj,linear,,B,1024,1024,549,decoder.layers.1.encoder_attn.q_proj.weight,"[1024,1024]",config+architecture,
models--Systran--faster-whisper-medium,551,decoder_decode_step,1,decoder.layers.1.encoder_attn.qk,batched_matmul,B*heads,1,T_enc,64,550,,,config+architecture,cross-attention K is cached during decode step
models--Systran--faster-whisper-medium,552,decoder_decode_step,1,decoder.layers.1.encoder_attn.pv,batched_matmul,B*heads,1,64,T_enc,551,,,config+architecture,cross-attention V is cached during decode step
models--Systran--faster-whisper-medium,553,decoder_decode_step,1,decoder.layers.1.encoder_attn.out_proj,linear,,B,1024,1024,552,decoder.layers.1.encoder_attn.out_proj.weight,"[1024,1024]",config+architecture,
models--Systran--faster-whisper-medium,554,decoder_decode_step,1,decoder.layers.1.fc1,linear,,B,4096,1024,553,decoder.layers.1.fc1.weight,"[4096,1024]",config+architecture,
models--Systran--faster-whisper-medium,555,decoder_decode_step,1,decoder.layers.1.fc2,linear,,B,1024,4096,554,decoder.layers.1.fc2.weight,"[1024,4096]",config+architecture,
models--Systran--faster-whisper-medium,556,decoder_decode_step,2,decoder.layers.2.self_attn.q_proj,linear,,B,1024,1024,555,decoder.layers.2.self_attn.q_proj.weight,"[1024,1024]",config+architecture,
models--Systran--faster-whisper-medium,557,decoder_decode_step,2,decoder.layers.2.self_attn.k_proj,linear,,B,1024,1024,555,decoder.layers.2.self_attn.k_proj.weight,"[1024,1024]",config+architecture,
models--Systran--faster-whisper-medium,558,decoder_decode_step,2,decoder.layers.2.self_attn.v_proj,linear,,B,1024,1024,555,decoder.layers.2.self_attn.v_proj.weight,"[1024,1024]",config+architecture,
models--Systran--faster-whisper-medium,559,decoder_decode_step,2,decoder.layers.2.self_attn.qk,batched_matmul,B*heads,1,KV_dec,64,556;557,,,config+architecture,decode uses existing self-attention KV cache
models--Systran--faster-whisper-medium,560,decoder_decode_step,2,decoder.layers.2.self_attn.pv,batched_matmul,B*heads,1,64,KV_dec,559;558,,,config+architecture,
models--Systran--faster-whisper-medium,561,decoder_decode_step,2,decoder.layers.2.self_attn.out_proj,linear,,B,1024,1024,560,decoder.layers.2.self_attn.out_proj.weight,"[1024,1024]",config+architecture,
models--Systran--faster-whisper-medium,562,decoder_decode_step,2,decoder.layers.2.encoder_attn.q_proj,linear,,B,1024,1024,561,decoder.layers.2.encoder_attn.q_proj.weight,"[1024,1024]",config+architecture,
models--Systran--faster-whisper-medium,563,decoder_decode_step,2,decoder.layers.2.encoder_attn.qk,batched_matmul,B*heads,1,T_enc,64,562,,,config+architecture,cross-attention K is cached during decode step
models--Systran--faster-whisper-medium,564,decoder_decode_step,2,decoder.layers.2.encoder_attn.pv,batched_matmul,B*heads,1,64,T_enc,563,,,config+architecture,cross-attention V is cached during decode step
models--Systran--faster-whisper-medium,565,decoder_decode_step,2,decoder.layers.2.encoder_attn.out_proj,linear,,B,1024,1024,564,decoder.layers.2.encoder_attn.out_proj.weight,"[1024,1024]",config+architecture,
models--Systran--faster-whisper-medium,566,decoder_decode_step,2,decoder.layers.2.fc1,linear,,B,4096,1024,565,decoder.layers.2.fc1.weight,"[4096,1024]",config+architecture,
models--Systran--faster-whisper-medium,567,decoder_decode_step,2,decoder.layers.2.fc2,linear,,B,1024,4096,566,decoder.layers.2.fc2.weight,"[1024,4096]",config+architecture,
models--Systran--faster-whisper-medium,568,decoder_decode_step,3,decoder.layers.3.self_attn.q_proj,linear,,B,1024,1024,567,decoder.layers.3.self_attn.q_proj.weight,"[1024,1024]",config+architecture,
models--Systran--faster-whisper-medium,569,decoder_decode_step,3,decoder.layers.3.self_attn.k_proj,linear,,B,1024,1024,567,decoder.layers.3.self_attn.k_proj.weight,"[1024,1024]",config+architecture,
models--Systran--faster-whisper-medium,570,decoder_decode_step,3,decoder.layers.3.self_attn.v_proj,linear,,B,1024,1024,567,decoder.layers.3.self_attn.v_proj.weight,"[1024,1024]",config+architecture,
models--Systran--faster-whisper-medium,571,decoder_decode_step,3,decoder.layers.3.self_attn.qk,batched_matmul,B*heads,1,KV_dec,64,568;569,,,config+architecture,decode uses existing self-attention KV cache
models--Systran--faster-whisper-medium,572,decoder_decode_step,3,decoder.layers.3.self_attn.pv,batched_matmul,B*heads,1,64,KV_dec,571;570,,,config+architecture,
models--Systran--faster-whisper-medium,573,decoder_decode_step,3,decoder.layers.3.self_attn.out_proj,linear,,B,1024,1024,572,decoder.layers.3.self_attn.out_proj.weight,"[1024,1024]",config+architecture,
models--Systran--faster-whisper-medium,574,decoder_decode_step,3,decoder.layers.3.encoder_attn.q_proj,linear,,B,1024,1024,573,decoder.layers.3.encoder_attn.q_proj.weight,"[1024,1024]",config+architecture,
models--Systran--faster-whisper-medium,575,decoder_decode_step,3,decoder.layers.3.encoder_attn.qk,batched_matmul,B*heads,1,T_enc,64,574,,,config+architecture,cross-attention K is cached during decode step
models--Systran--faster-whisper-medium,576,decoder_decode_step,3,decoder.layers.3.encoder_attn.pv,batched_matmul,B*heads,1,64,T_enc,575,,,config+architecture,cross-attention V is cached during decode step
models--Systran--faster-whisper-medium,577,decoder_decode_step,3,decoder.layers.3.encoder_attn.out_proj,linear,,B,1024,1024,576,decoder.layers.3.encoder_attn.out_proj.weight,"[1024,1024]",config+architecture,
models--Systran--faster-whisper-medium,578,decoder_decode_step,3,decoder.layers.3.fc1,linear,,B,4096,1024,577,decoder.layers.3.fc1.weight,"[4096,1024]",config+architecture,
models--Systran--faster-whisper-medium,579,decoder_decode_step,3,decoder.layers.3.fc2,linear,,B,1024,4096,578,decoder.layers.3.fc2.weight,"[1024,4096]",config+architecture,
models--Systran--faster-whisper-medium,580,decoder_decode_step,4,decoder.layers.4.self_attn.q_proj,linear,,B,1024,1024,579,decoder.layers.4.self_attn.q_proj.weight,"[1024,1024]",config+architecture,
models--Systran--faster-whisper-medium,581,decoder_decode_step,4,decoder.layers.4.self_attn.k_proj,linear,,B,1024,1024,579,decoder.layers.4.self_attn.k_proj.weight,"[1024,1024]",config+architecture,
models--Systran--faster-whisper-medium,582,decoder_decode_step,4,decoder.layers.4.self_attn.v_proj,linear,,B,1024,1024,579,decoder.layers.4.self_attn.v_proj.weight,"[1024,1024]",config+architecture,
models--Systran--faster-whisper-medium,583,decoder_decode_step,4,decoder.layers.4.self_attn.qk,batched_matmul,B*heads,1,KV_dec,64,580;581,,,config+architecture,decode uses existing self-attention KV cache
models--Systran--faster-whisper-medium,584,decoder_decode_step,4,decoder.layers.4.self_attn.pv,batched_matmul,B*heads,1,64,KV_dec,583;582,,,config+architecture,
models--Systran--faster-whisper-medium,585,decoder_decode_step,4,decoder.layers.4.self_attn.out_proj,linear,,B,1024,1024,584,decoder.layers.4.self_attn.out_proj.weight,"[1024,1024]",config+architecture,
models--Systran--faster-whisper-medium,586,decoder_decode_step,4,decoder.layers.4.encoder_attn.q_proj,linear,,B,1024,1024,585,decoder.layers.4.encoder_attn.q_proj.weight,"[1024,1024]",config+architecture,
models--Systran--faster-whisper-medium,587,decoder_decode_step,4,decoder.layers.4.encoder_attn.qk,batched_matmul,B*heads,1,T_enc,64,586,,,config+architecture,cross-attention K is cached during decode step
models--Systran--faster-whisper-medium,588,decoder_decode_step,4,decoder.layers.4.encoder_attn.pv,batched_matmul,B*heads,1,64,T_enc,587,,,config+architecture,cross-attention V is cached during decode step
models--Systran--faster-whisper-medium,589,decoder_decode_step,4,decoder.layers.4.encoder_attn.out_proj,linear,,B,1024,1024,588,decoder.layers.4.encoder_attn.out_proj.weight,"[1024,1024]",config+architecture,
models--Systran--faster-whisper-medium,590,decoder_decode_step,4,decoder.layers.4.fc1,linear,,B,4096,1024,589,decoder.layers.4.fc1.weight,"[4096,1024]",config+architecture,
models--Systran--faster-whisper-medium,591,decoder_decode_step,4,decoder.layers.4.fc2,linear,,B,1024,4096,590,decoder.layers.4.fc2.weight,"[1024,4096]",config+architecture,
models--Systran--faster-whisper-medium,592,decoder_decode_step,5,decoder.layers.5.self_attn.q_proj,linear,,B,1024,1024,591,decoder.layers.5.self_attn.q_proj.weight,"[1024,1024]",config+architecture,
models--Systran--faster-whisper-medium,593,decoder_decode_step,5,decoder.layers.5.self_attn.k_proj,linear,,B,1024,1024,591,decoder.layers.5.self_attn.k_proj.weight,"[1024,1024]",config+architecture,
models--Systran--faster-whisper-medium,594,decoder_decode_step,5,decoder.layers.5.self_attn.v_proj,linear,,B,1024,1024,591,decoder.layers.5.self_attn.v_proj.weight,"[1024,1024]",config+architecture,
models--Systran--faster-whisper-medium,595,decoder_decode_step,5,decoder.layers.5.self_attn.qk,batched_matmul,B*heads,1,KV_dec,64,592;593,,,config+architecture,decode uses existing self-attention KV cache
models--Systran--faster-whisper-medium,596,decoder_decode_step,5,decoder.layers.5.self_attn.pv,batched_matmul,B*heads,1,64,KV_dec,595;594,,,config+architecture,
models--Systran--faster-whisper-medium,597,decoder_decode_step,5,decoder.layers.5.self_attn.out_proj,linear,,B,1024,1024,596,decoder.layers.5.self_attn.out_proj.weight,"[1024,1024]",config+architecture,
models--Systran--faster-whisper-medium,598,decoder_decode_step,5,decoder.layers.5.encoder_attn.q_proj,linear,,B,1024,1024,597,decoder.layers.5.encoder_attn.q_proj.weight,"[1024,1024]",config+architecture,
models--Systran--faster-whisper-medium,599,decoder_decode_step,5,decoder.layers.5.encoder_attn.qk,batched_matmul,B*heads,1,T_enc,64,598,,,config+architecture,cross-attention K is cached during decode step
models--Systran--faster-whisper-medium,600,decoder_decode_step,5,decoder.layers.5.encoder_attn.pv,batched_matmul,B*heads,1,64,T_enc,599,,,config+architecture,cross-attention V is cached during decode step
models--Systran--faster-whisper-medium,601,decoder_decode_step,5,decoder.layers.5.encoder_attn.out_proj,linear,,B,1024,1024,600,decoder.layers.5.encoder_attn.out_proj.weight,"[1024,1024]",config+architecture,
models--Systran--faster-whisper-medium,602,decoder_decode_step,5,decoder.layers.5.fc1,linear,,B,4096,1024,601,decoder.layers.5.fc1.weight,"[4096,1024]",config+architecture,
models--Systran--faster-whisper-medium,603,decoder_decode_step,5,decoder.layers.5.fc2,linear,,B,1024,4096,602,decoder.layers.5.fc2.weight,"[1024,4096]",config+architecture,
models--Systran--faster-whisper-medium,604,decoder_decode_step,6,decoder.layers.6.self_attn.q_proj,linear,,B,1024,1024,603,decoder.layers.6.self_attn.q_proj.weight,"[1024,1024]",config+architecture,
models--Systran--faster-whisper-medium,605,decoder_decode_step,6,decoder.layers.6.self_attn.k_proj,linear,,B,1024,1024,603,decoder.layers.6.self_attn.k_proj.weight,"[1024,1024]",config+architecture,
models--Systran--faster-whisper-medium,606,decoder_decode_step,6,decoder.layers.6.self_attn.v_proj,linear,,B,1024,1024,603,decoder.layers.6.self_attn.v_proj.weight,"[1024,1024]",config+architecture,
models--Systran--faster-whisper-medium,607,decoder_decode_step,6,decoder.layers.6.self_attn.qk,batched_matmul,B*heads,1,KV_dec,64,604;605,,,config+architecture,decode uses existing self-attention KV cache
models--Systran--faster-whisper-medium,608,decoder_decode_step,6,decoder.layers.6.self_attn.pv,batched_matmul,B*heads,1,64,KV_dec,607;606,,,config+architecture,
models--Systran--faster-whisper-medium,609,decoder_decode_step,6,decoder.layers.6.self_attn.out_proj,linear,,B,1024,1024,608,decoder.layers.6.self_attn.out_proj.weight,"[1024,1024]",config+architecture,
models--Systran--faster-whisper-medium,610,decoder_decode_step,6,decoder.layers.6.encoder_attn.q_proj,linear,,B,1024,1024,609,decoder.layers.6.encoder_attn.q_proj.weight,"[1024,1024]",config+architecture,
models--Systran--faster-whisper-medium,611,decoder_decode_step,6,decoder.layers.6.encoder_attn.qk,batched_matmul,B*heads,1,T_enc,64,610,,,config+architecture,cross-attention K is cached during decode step
models--Systran--faster-whisper-medium,612,decoder_decode_step,6,decoder.layers.6.encoder_attn.pv,batched_matmul,B*heads,1,64,T_enc,611,,,config+architecture,cross-attention V is cached during decode step
models--Systran--faster-whisper-medium,613,decoder_decode_step,6,decoder.layers.6.encoder_attn.out_proj,linear,,B,1024,1024,612,decoder.layers.6.encoder_attn.out_proj.weight,"[1024,1024]",config+architecture,
models--Systran--faster-whisper-medium,614,decoder_decode_step,6,decoder.layers.6.fc1,linear,,B,4096,1024,613,decoder.layers.6.fc1.weight,"[4096,1024]",config+architecture,
models--Systran--faster-whisper-medium,615,decoder_decode_step,6,decoder.layers.6.fc2,linear,,B,1024,4096,614,decoder.layers.6.fc2.weight,"[1024,4096]",config+architecture,
models--Systran--faster-whisper-medium,616,decoder_decode_step,7,decoder.layers.7.self_attn.q_proj,linear,,B,1024,1024,615,decoder.layers.7.self_attn.q_proj.weight,"[1024,1024]",config+architecture,
models--Systran--faster-whisper-medium,617,decoder_decode_step,7,decoder.layers.7.self_attn.k_proj,linear,,B,1024,1024,615,decoder.layers.7.self_attn.k_proj.weight,"[1024,1024]",config+architecture,
models--Systran--faster-whisper-medium,618,decoder_decode_step,7,decoder.layers.7.self_attn.v_proj,linear,,B,1024,1024,615,decoder.layers.7.self_attn.v_proj.weight,"[1024,1024]",config+architecture,
models--Systran--faster-whisper-medium,619,decoder_decode_step,7,decoder.layers.7.self_attn.qk,batched_matmul,B*heads,1,KV_dec,64,616;617,,,config+architecture,decode uses existing self-attention KV cache
models--Systran--faster-whisper-medium,620,decoder_decode_step,7,decoder.layers.7.self_attn.pv,batched_matmul,B*heads,1,64,KV_dec,619;618,,,config+architecture,
models--Systran--faster-whisper-medium,621,decoder_decode_step,7,decoder.layers.7.self_attn.out_proj,linear,,B,1024,1024,620,decoder.layers.7.self_attn.out_proj.weight,"[1024,1024]",config+architecture,
models--Systran--faster-whisper-medium,622,decoder_decode_step,7,decoder.layers.7.encoder_attn.q_proj,linear,,B,1024,1024,621,decoder.layers.7.encoder_attn.q_proj.weight,"[1024,1024]",config+architecture,
models--Systran--faster-whisper-medium,623,decoder_decode_step,7,decoder.layers.7.encoder_attn.qk,batched_matmul,B*heads,1,T_enc,64,622,,,config+architecture,cross-attention K is cached during decode step
models--Systran--faster-whisper-medium,624,decoder_decode_step,7,decoder.layers.7.encoder_attn.pv,batched_matmul,B*heads,1,64,T_enc,623,,,config+architecture,cross-attention V is cached during decode step
models--Systran--faster-whisper-medium,625,decoder_decode_step,7,decoder.layers.7.encoder_attn.out_proj,linear,,B,1024,1024,624,decoder.layers.7.encoder_attn.out_proj.weight,"[1024,1024]",config+architecture,
models--Systran--faster-whisper-medium,626,decoder_decode_step,7,decoder.layers.7.fc1,linear,,B,4096,1024,625,decoder.layers.7.fc1.weight,"[4096,1024]",config+architecture,
models--Systran--faster-whisper-medium,627,decoder_decode_step,7,decoder.layers.7.fc2,linear,,B,1024,4096,626,decoder.layers.7.fc2.weight,"[1024,4096]",config+architecture,
models--Systran--faster-whisper-medium,628,decoder_decode_step,8,decoder.layers.8.self_attn.q_proj,linear,,B,1024,1024,627,decoder.layers.8.self_attn.q_proj.weight,"[1024,1024]",config+architecture,
models--Systran--faster-whisper-medium,629,decoder_decode_step,8,decoder.layers.8.self_attn.k_proj,linear,,B,1024,1024,627,decoder.layers.8.self_attn.k_proj.weight,"[1024,1024]",config+architecture,
models--Systran--faster-whisper-medium,630,decoder_decode_step,8,decoder.layers.8.self_attn.v_proj,linear,,B,1024,1024,627,decoder.layers.8.self_attn.v_proj.weight,"[1024,1024]",config+architecture,
models--Systran--faster-whisper-medium,631,decoder_decode_step,8,decoder.layers.8.self_attn.qk,batched_matmul,B*heads,1,KV_dec,64,628;629,,,config+architecture,decode uses existing self-attention KV cache
models--Systran--faster-whisper-medium,632,decoder_decode_step,8,decoder.layers.8.self_attn.pv,batched_matmul,B*heads,1,64,KV_dec,631;630,,,config+architecture,
models--Systran--faster-whisper-medium,633,decoder_decode_step,8,decoder.layers.8.self_attn.out_proj,linear,,B,1024,1024,632,decoder.layers.8.self_attn.out_proj.weight,"[1024,1024]",config+architecture,
models--Systran--faster-whisper-medium,634,decoder_decode_step,8,decoder.layers.8.encoder_attn.q_proj,linear,,B,1024,1024,633,decoder.layers.8.encoder_attn.q_proj.weight,"[1024,1024]",config+architecture,
models--Systran--faster-whisper-medium,635,decoder_decode_step,8,decoder.layers.8.encoder_attn.qk,batched_matmul,B*heads,1,T_enc,64,634,,,config+architecture,cross-attention K is cached during decode step
models--Systran--faster-whisper-medium,636,decoder_decode_step,8,decoder.layers.8.encoder_attn.pv,batched_matmul,B*heads,1,64,T_enc,635,,,config+architecture,cross-attention V is cached during decode step
models--Systran--faster-whisper-medium,637,decoder_decode_step,8,decoder.layers.8.encoder_attn.out_proj,linear,,B,1024,1024,636,decoder.layers.8.encoder_attn.out_proj.weight,"[1024,1024]",config+architecture,
models--Systran--faster-whisper-medium,638,decoder_decode_step,8,decoder.layers.8.fc1,linear,,B,4096,1024,637,decoder.layers.8.fc1.weight,"[4096,1024]",config+architecture,
models--Systran--faster-whisper-medium,639,decoder_decode_step,8,decoder.layers.8.fc2,linear,,B,1024,4096,638,decoder.layers.8.fc2.weight,"[1024,4096]",config+architecture,
models--Systran--faster-whisper-medium,640,decoder_decode_step,9,decoder.layers.9.self_attn.q_proj,linear,,B,1024,1024,639,decoder.layers.9.self_attn.q_proj.weight,"[1024,1024]",config+architecture,
models--Systran--faster-whisper-medium,641,decoder_decode_step,9,decoder.layers.9.self_attn.k_proj,linear,,B,1024,1024,639,decoder.layers.9.self_attn.k_proj.weight,"[1024,1024]",config+architecture,
models--Systran--faster-whisper-medium,642,decoder_decode_step,9,decoder.layers.9.self_attn.v_proj,linear,,B,1024,1024,639,decoder.layers.9.self_attn.v_proj.weight,"[1024,1024]",config+architecture,
models--Systran--faster-whisper-medium,643,decoder_decode_step,9,decoder.layers.9.self_attn.qk,batched_matmul,B*heads,1,KV_dec,64,640;641,,,config+architecture,decode uses existing self-attention KV cache
models--Systran--faster-whisper-medium,644,decoder_decode_step,9,decoder.layers.9.self_attn.pv,batched_matmul,B*heads,1,64,KV_dec,643;642,,,config+architecture,
models--Systran--faster-whisper-medium,645,decoder_decode_step,9,decoder.layers.9.self_attn.out_proj,linear,,B,1024,1024,644,decoder.layers.9.self_attn.out_proj.weight,"[1024,1024]",config+architecture,
models--Systran--faster-whisper-medium,646,decoder_decode_step,9,decoder.layers.9.encoder_attn.q_proj,linear,,B,1024,1024,645,decoder.layers.9.encoder_attn.q_proj.weight,"[1024,1024]",config+architecture,
models--Systran--faster-whisper-medium,647,decoder_decode_step,9,decoder.layers.9.encoder_attn.qk,batched_matmul,B*heads,1,T_enc,64,646,,,config+architecture,cross-attention K is cached during decode step
models--Systran--faster-whisper-medium,648,decoder_decode_step,9,decoder.layers.9.encoder_attn.pv,batched_matmul,B*heads,1,64,T_enc,647,,,config+architecture,cross-attention V is cached during decode step
models--Systran--faster-whisper-medium,649,decoder_decode_step,9,decoder.layers.9.encoder_attn.out_proj,linear,,B,1024,1024,648,decoder.layers.9.encoder_attn.out_proj.weight,"[1024,1024]",config+architecture,
models--Systran--faster-whisper-medium,650,decoder_decode_step,9,decoder.layers.9.fc1,linear,,B,4096,1024,649,decoder.layers.9.fc1.weight,"[4096,1024]",config+architecture,
models--Systran--faster-whisper-medium,651,decoder_decode_step,9,decoder.layers.9.fc2,linear,,B,1024,4096,650,decoder.layers.9.fc2.weight,"[1024,4096]",config+architecture,
models--Systran--faster-whisper-medium,652,decoder_decode_step,10,decoder.layers.10.self_attn.q_proj,linear,,B,1024,1024,651,decoder.layers.10.self_attn.q_proj.weight,"[1024,1024]",config+architecture,
models--Systran--faster-whisper-medium,653,decoder_decode_step,10,decoder.layers.10.self_attn.k_proj,linear,,B,1024,1024,651,decoder.layers.10.self_attn.k_proj.weight,"[1024,1024]",config+architecture,
models--Systran--faster-whisper-medium,654,decoder_decode_step,10,decoder.layers.10.self_attn.v_proj,linear,,B,1024,1024,651,decoder.layers.10.self_attn.v_proj.weight,"[1024,1024]",config+architecture,
models--Systran--faster-whisper-medium,655,decoder_decode_step,10,decoder.layers.10.self_attn.qk,batched_matmul,B*heads,1,KV_dec,64,652;653,,,config+architecture,decode uses existing self-attention KV cache
models--Systran--faster-whisper-medium,656,decoder_decode_step,10,decoder.layers.10.self_attn.pv,batched_matmul,B*heads,1,64,KV_dec,655;654,,,config+architecture,
models--Systran--faster-whisper-medium,657,decoder_decode_step,10,decoder.layers.10.self_attn.out_proj,linear,,B,1024,1024,656,decoder.layers.10.self_attn.out_proj.weight,"[1024,1024]",config+architecture,
models--Systran--faster-whisper-medium,658,decoder_decode_step,10,decoder.layers.10.encoder_attn.q_proj,linear,,B,1024,1024,657,decoder.layers.10.encoder_attn.q_proj.weight,"[1024,1024]",config+architecture,
models--Systran--faster-whisper-medium,659,decoder_decode_step,10,decoder.layers.10.encoder_attn.qk,batched_matmul,B*heads,1,T_enc,64,658,,,config+architecture,cross-attention K is cached during decode step
models--Systran--faster-whisper-medium,660,decoder_decode_step,10,decoder.layers.10.encoder_attn.pv,batched_matmul,B*heads,1,64,T_enc,659,,,config+architecture,cross-attention V is cached during decode step
models--Systran--faster-whisper-medium,661,decoder_decode_step,10,decoder.layers.10.encoder_attn.out_proj,linear,,B,1024,1024,660,decoder.layers.10.encoder_attn.out_proj.weight,"[1024,1024]",config+architecture,
models--Systran--faster-whisper-medium,662,decoder_decode_step,10,decoder.layers.10.fc1,linear,,B,4096,1024,661,decoder.layers.10.fc1.weight,"[4096,1024]",config+architecture,
models--Systran--faster-whisper-medium,663,decoder_decode_step,10,decoder.layers.10.fc2,linear,,B,1024,4096,662,decoder.layers.10.fc2.weight,"[1024,4096]",config+architecture,
models--Systran--faster-whisper-medium,664,decoder_decode_step,11,decoder.layers.11.self_attn.q_proj,linear,,B,1024,1024,663,decoder.layers.11.self_attn.q_proj.weight,"[1024,1024]",config+architecture,
models--Systran--faster-whisper-medium,665,decoder_decode_step,11,decoder.layers.11.self_attn.k_proj,linear,,B,1024,1024,663,decoder.layers.11.self_attn.k_proj.weight,"[1024,1024]",config+architecture,
models--Systran--faster-whisper-medium,666,decoder_decode_step,11,decoder.layers.11.self_attn.v_proj,linear,,B,1024,1024,663,decoder.layers.11.self_attn.v_proj.weight,"[1024,1024]",config+architecture,
models--Systran--faster-whisper-medium,667,decoder_decode_step,11,decoder.layers.11.self_attn.qk,batched_matmul,B*heads,1,KV_dec,64,664;665,,,config+architecture,decode uses existing self-attention KV cache
models--Systran--faster-whisper-medium,668,decoder_decode_step,11,decoder.layers.11.self_attn.pv,batched_matmul,B*heads,1,64,KV_dec,667;666,,,config+architecture,
models--Systran--faster-whisper-medium,669,decoder_decode_step,11,decoder.layers.11.self_attn.out_proj,linear,,B,1024,1024,668,decoder.layers.11.self_attn.out_proj.weight,"[1024,1024]",config+architecture,
models--Systran--faster-whisper-medium,670,decoder_decode_step,11,decoder.layers.11.encoder_attn.q_proj,linear,,B,1024,1024,669,decoder.layers.11.encoder_attn.q_proj.weight,"[1024,1024]",config+architecture,
models--Systran--faster-whisper-medium,671,decoder_decode_step,11,decoder.layers.11.encoder_attn.qk,batched_matmul,B*heads,1,T_enc,64,670,,,config+architecture,cross-attention K is cached during decode step
models--Systran--faster-whisper-medium,672,decoder_decode_step,11,decoder.layers.11.encoder_attn.pv,batched_matmul,B*heads,1,64,T_enc,671,,,config+architecture,cross-attention V is cached during decode step
models--Systran--faster-whisper-medium,673,decoder_decode_step,11,decoder.layers.11.encoder_attn.out_proj,linear,,B,1024,1024,672,decoder.layers.11.encoder_attn.out_proj.weight,"[1024,1024]",config+architecture,
models--Systran--faster-whisper-medium,674,decoder_decode_step,11,decoder.layers.11.fc1,linear,,B,4096,1024,673,decoder.layers.11.fc1.weight,"[4096,1024]",config+architecture,
models--Systran--faster-whisper-medium,675,decoder_decode_step,11,decoder.layers.11.fc2,linear,,B,1024,4096,674,decoder.layers.11.fc2.weight,"[1024,4096]",config+architecture,
models--Systran--faster-whisper-medium,676,decoder_decode_step,12,decoder.layers.12.self_attn.q_proj,linear,,B,1024,1024,675,decoder.layers.12.self_attn.q_proj.weight,"[1024,1024]",config+architecture,
models--Systran--faster-whisper-medium,677,decoder_decode_step,12,decoder.layers.12.self_attn.k_proj,linear,,B,1024,1024,675,decoder.layers.12.self_attn.k_proj.weight,"[1024,1024]",config+architecture,
models--Systran--faster-whisper-medium,678,decoder_decode_step,12,decoder.layers.12.self_attn.v_proj,linear,,B,1024,1024,675,decoder.layers.12.self_attn.v_proj.weight,"[1024,1024]",config+architecture,
models--Systran--faster-whisper-medium,679,decoder_decode_step,12,decoder.layers.12.self_attn.qk,batched_matmul,B*heads,1,KV_dec,64,676;677,,,config+architecture,decode uses existing self-attention KV cache
models--Systran--faster-whisper-medium,680,decoder_decode_step,12,decoder.layers.12.self_attn.pv,batched_matmul,B*heads,1,64,KV_dec,679;678,,,config+architecture,
models--Systran--faster-whisper-medium,681,decoder_decode_step,12,decoder.layers.12.self_attn.out_proj,linear,,B,1024,1024,680,decoder.layers.12.self_attn.out_proj.weight,"[1024,1024]",config+architecture,
models--Systran--faster-whisper-medium,682,decoder_decode_step,12,decoder.layers.12.encoder_attn.q_proj,linear,,B,1024,1024,681,decoder.layers.12.encoder_attn.q_proj.weight,"[1024,1024]",config+architecture,
models--Systran--faster-whisper-medium,683,decoder_decode_step,12,decoder.layers.12.encoder_attn.qk,batched_matmul,B*heads,1,T_enc,64,682,,,config+architecture,cross-attention K is cached during decode step
models--Systran--faster-whisper-medium,684,decoder_decode_step,12,decoder.layers.12.encoder_attn.pv,batched_matmul,B*heads,1,64,T_enc,683,,,config+architecture,cross-attention V is cached during decode step
models--Systran--faster-whisper-medium,685,decoder_decode_step,12,decoder.layers.12.encoder_attn.out_proj,linear,,B,1024,1024,684,decoder.layers.12.encoder_attn.out_proj.weight,"[1024,1024]",config+architecture,
models--Systran--faster-whisper-medium,686,decoder_decode_step,12,decoder.layers.12.fc1,linear,,B,4096,1024,685,decoder.layers.12.fc1.weight,"[4096,1024]",config+architecture,
models--Systran--faster-whisper-medium,687,decoder_decode_step,12,decoder.layers.12.fc2,linear,,B,1024,4096,686,decoder.layers.12.fc2.weight,"[1024,4096]",config+architecture,
models--Systran--faster-whisper-medium,688,decoder_decode_step,13,decoder.layers.13.self_attn.q_proj,linear,,B,1024,1024,687,decoder.layers.13.self_attn.q_proj.weight,"[1024,1024]",config+architecture,
models--Systran--faster-whisper-medium,689,decoder_decode_step,13,decoder.layers.13.self_attn.k_proj,linear,,B,1024,1024,687,decoder.layers.13.self_attn.k_proj.weight,"[1024,1024]",config+architecture,
models--Systran--faster-whisper-medium,690,decoder_decode_step,13,decoder.layers.13.self_attn.v_proj,linear,,B,1024,1024,687,decoder.layers.13.self_attn.v_proj.weight,"[1024,1024]",config+architecture,
models--Systran--faster-whisper-medium,691,decoder_decode_step,13,decoder.layers.13.self_attn.qk,batched_matmul,B*heads,1,KV_dec,64,688;689,,,config+architecture,decode uses existing self-attention KV cache
models--Systran--faster-whisper-medium,692,decoder_decode_step,13,decoder.layers.13.self_attn.pv,batched_matmul,B*heads,1,64,KV_dec,691;690,,,config+architecture,
models--Systran--faster-whisper-medium,693,decoder_decode_step,13,decoder.layers.13.self_attn.out_proj,linear,,B,1024,1024,692,decoder.layers.13.self_attn.out_proj.weight,"[1024,1024]",config+architecture,
models--Systran--faster-whisper-medium,694,decoder_decode_step,13,decoder.layers.13.encoder_attn.q_proj,linear,,B,1024,1024,693,decoder.layers.13.encoder_attn.q_proj.weight,"[1024,1024]",config+architecture,
models--Systran--faster-whisper-medium,695,decoder_decode_step,13,decoder.layers.13.encoder_attn.qk,batched_matmul,B*heads,1,T_enc,64,694,,,config+architecture,cross-attention K is cached during decode step
models--Systran--faster-whisper-medium,696,decoder_decode_step,13,decoder.layers.13.encoder_attn.pv,batched_matmul,B*heads,1,64,T_enc,695,,,config+architecture,cross-attention V is cached during decode step
models--Systran--faster-whisper-medium,697,decoder_decode_step,13,decoder.layers.13.encoder_attn.out_proj,linear,,B,1024,1024,696,decoder.layers.13.encoder_attn.out_proj.weight,"[1024,1024]",config+architecture,
models--Systran--faster-whisper-medium,698,decoder_decode_step,13,decoder.layers.13.fc1,linear,,B,4096,1024,697,decoder.layers.13.fc1.weight,"[4096,1024]",config+architecture,
models--Systran--faster-whisper-medium,699,decoder_decode_step,13,decoder.layers.13.fc2,linear,,B,1024,4096,698,decoder.layers.13.fc2.weight,"[1024,4096]",config+architecture,
models--Systran--faster-whisper-medium,700,decoder_decode_step,14,decoder.layers.14.self_attn.q_proj,linear,,B,1024,1024,699,decoder.layers.14.self_attn.q_proj.weight,"[1024,1024]",config+architecture,
models--Systran--faster-whisper-medium,701,decoder_decode_step,14,decoder.layers.14.self_attn.k_proj,linear,,B,1024,1024,699,decoder.layers.14.self_attn.k_proj.weight,"[1024,1024]",config+architecture,
models--Systran--faster-whisper-medium,702,decoder_decode_step,14,decoder.layers.14.self_attn.v_proj,linear,,B,1024,1024,699,decoder.layers.14.self_attn.v_proj.weight,"[1024,1024]",config+architecture,
models--Systran--faster-whisper-medium,703,decoder_decode_step,14,decoder.layers.14.self_attn.qk,batched_matmul,B*heads,1,KV_dec,64,700;701,,,config+architecture,decode uses existing self-attention KV cache
models--Systran--faster-whisper-medium,704,decoder_decode_step,14,decoder.layers.14.self_attn.pv,batched_matmul,B*heads,1,64,KV_dec,703;702,,,config+architecture,
models--Systran--faster-whisper-medium,705,decoder_decode_step,14,decoder.layers.14.self_attn.out_proj,linear,,B,1024,1024,704,decoder.layers.14.self_attn.out_proj.weight,"[1024,1024]",config+architecture,
models--Systran--faster-whisper-medium,706,decoder_decode_step,14,decoder.layers.14.encoder_attn.q_proj,linear,,B,1024,1024,705,decoder.layers.14.encoder_attn.q_proj.weight,"[1024,1024]",config+architecture,
models--Systran--faster-whisper-medium,707,decoder_decode_step,14,decoder.layers.14.encoder_attn.qk,batched_matmul,B*heads,1,T_enc,64,706,,,config+architecture,cross-attention K is cached during decode step
models--Systran--faster-whisper-medium,708,decoder_decode_step,14,decoder.layers.14.encoder_attn.pv,batched_matmul,B*heads,1,64,T_enc,707,,,config+architecture,cross-attention V is cached during decode step
models--Systran--faster-whisper-medium,709,decoder_decode_step,14,decoder.layers.14.encoder_attn.out_proj,linear,,B,1024,1024,708,decoder.layers.14.encoder_attn.out_proj.weight,"[1024,1024]",config+architecture,
models--Systran--faster-whisper-medium,710,decoder_decode_step,14,decoder.layers.14.fc1,linear,,B,4096,1024,709,decoder.layers.14.fc1.weight,"[4096,1024]",config+architecture,
models--Systran--faster-whisper-medium,711,decoder_decode_step,14,decoder.layers.14.fc2,linear,,B,1024,4096,710,decoder.layers.14.fc2.weight,"[1024,4096]",config+architecture,
models--Systran--faster-whisper-medium,712,decoder_decode_step,15,decoder.layers.15.self_attn.q_proj,linear,,B,1024,1024,711,decoder.layers.15.self_attn.q_proj.weight,"[1024,1024]",config+architecture,
models--Systran--faster-whisper-medium,713,decoder_decode_step,15,decoder.layers.15.self_attn.k_proj,linear,,B,1024,1024,711,decoder.layers.15.self_attn.k_proj.weight,"[1024,1024]",config+architecture,
models--Systran--faster-whisper-medium,714,decoder_decode_step,15,decoder.layers.15.self_attn.v_proj,linear,,B,1024,1024,711,decoder.layers.15.self_attn.v_proj.weight,"[1024,1024]",config+architecture,
models--Systran--faster-whisper-medium,715,decoder_decode_step,15,decoder.layers.15.self_attn.qk,batched_matmul,B*heads,1,KV_dec,64,712;713,,,config+architecture,decode uses existing self-attention KV cache
models--Systran--faster-whisper-medium,716,decoder_decode_step,15,decoder.layers.15.self_attn.pv,batched_matmul,B*heads,1,64,KV_dec,715;714,,,config+architecture,
models--Systran--faster-whisper-medium,717,decoder_decode_step,15,decoder.layers.15.self_attn.out_proj,linear,,B,1024,1024,716,decoder.layers.15.self_attn.out_proj.weight,"[1024,1024]",config+architecture,
models--Systran--faster-whisper-medium,718,decoder_decode_step,15,decoder.layers.15.encoder_attn.q_proj,linear,,B,1024,1024,717,decoder.layers.15.encoder_attn.q_proj.weight,"[1024,1024]",config+architecture,
models--Systran--faster-whisper-medium,719,decoder_decode_step,15,decoder.layers.15.encoder_attn.qk,batched_matmul,B*heads,1,T_enc,64,718,,,config+architecture,cross-attention K is cached during decode step
models--Systran--faster-whisper-medium,720,decoder_decode_step,15,decoder.layers.15.encoder_attn.pv,batched_matmul,B*heads,1,64,T_enc,719,,,config+architecture,cross-attention V is cached during decode step
models--Systran--faster-whisper-medium,721,decoder_decode_step,15,decoder.layers.15.encoder_attn.out_proj,linear,,B,1024,1024,720,decoder.layers.15.encoder_attn.out_proj.weight,"[1024,1024]",config+architecture,
models--Systran--faster-whisper-medium,722,decoder_decode_step,15,decoder.layers.15.fc1,linear,,B,4096,1024,721,decoder.layers.15.fc1.weight,"[4096,1024]",config+architecture,
models--Systran--faster-whisper-medium,723,decoder_decode_step,15,decoder.layers.15.fc2,linear,,B,1024,4096,722,decoder.layers.15.fc2.weight,"[1024,4096]",config+architecture,
models--Systran--faster-whisper-medium,724,decoder_decode_step,16,decoder.layers.16.self_attn.q_proj,linear,,B,1024,1024,723,decoder.layers.16.self_attn.q_proj.weight,"[1024,1024]",config+architecture,
models--Systran--faster-whisper-medium,725,decoder_decode_step,16,decoder.layers.16.self_attn.k_proj,linear,,B,1024,1024,723,decoder.layers.16.self_attn.k_proj.weight,"[1024,1024]",config+architecture,
models--Systran--faster-whisper-medium,726,decoder_decode_step,16,decoder.layers.16.self_attn.v_proj,linear,,B,1024,1024,723,decoder.layers.16.self_attn.v_proj.weight,"[1024,1024]",config+architecture,
models--Systran--faster-whisper-medium,727,decoder_decode_step,16,decoder.layers.16.self_attn.qk,batched_matmul,B*heads,1,KV_dec,64,724;725,,,config+architecture,decode uses existing self-attention KV cache
models--Systran--faster-whisper-medium,728,decoder_decode_step,16,decoder.layers.16.self_attn.pv,batched_matmul,B*heads,1,64,KV_dec,727;726,,,config+architecture,
models--Systran--faster-whisper-medium,729,decoder_decode_step,16,decoder.layers.16.self_attn.out_proj,linear,,B,1024,1024,728,decoder.layers.16.self_attn.out_proj.weight,"[1024,1024]",config+architecture,
models--Systran--faster-whisper-medium,730,decoder_decode_step,16,decoder.layers.16.encoder_attn.q_proj,linear,,B,1024,1024,729,decoder.layers.16.encoder_attn.q_proj.weight,"[1024,1024]",config+architecture,
models--Systran--faster-whisper-medium,731,decoder_decode_step,16,decoder.layers.16.encoder_attn.qk,batched_matmul,B*heads,1,T_enc,64,730,,,config+architecture,cross-attention K is cached during decode step
models--Systran--faster-whisper-medium,732,decoder_decode_step,16,decoder.layers.16.encoder_attn.pv,batched_matmul,B*heads,1,64,T_enc,731,,,config+architecture,cross-attention V is cached during decode step
models--Systran--faster-whisper-medium,733,decoder_decode_step,16,decoder.layers.16.encoder_attn.out_proj,linear,,B,1024,1024,732,decoder.layers.16.encoder_attn.out_proj.weight,"[1024,1024]",config+architecture,
models--Systran--faster-whisper-medium,734,decoder_decode_step,16,decoder.layers.16.fc1,linear,,B,4096,1024,733,decoder.layers.16.fc1.weight,"[4096,1024]",config+architecture,
models--Systran--faster-whisper-medium,735,decoder_decode_step,16,decoder.layers.16.fc2,linear,,B,1024,4096,734,decoder.layers.16.fc2.weight,"[1024,4096]",config+architecture,
models--Systran--faster-whisper-medium,736,decoder_decode_step,17,decoder.layers.17.self_attn.q_proj,linear,,B,1024,1024,735,decoder.layers.17.self_attn.q_proj.weight,"[1024,1024]",config+architecture,
models--Systran--faster-whisper-medium,737,decoder_decode_step,17,decoder.layers.17.self_attn.k_proj,linear,,B,1024,1024,735,decoder.layers.17.self_attn.k_proj.weight,"[1024,1024]",config+architecture,
models--Systran--faster-whisper-medium,738,decoder_decode_step,17,decoder.layers.17.self_attn.v_proj,linear,,B,1024,1024,735,decoder.layers.17.self_attn.v_proj.weight,"[1024,1024]",config+architecture,
models--Systran--faster-whisper-medium,739,decoder_decode_step,17,decoder.layers.17.self_attn.qk,batched_matmul,B*heads,1,KV_dec,64,736;737,,,config+architecture,decode uses existing self-attention KV cache
models--Systran--faster-whisper-medium,740,decoder_decode_step,17,decoder.layers.17.self_attn.pv,batched_matmul,B*heads,1,64,KV_dec,739;738,,,config+architecture,
models--Systran--faster-whisper-medium,741,decoder_decode_step,17,decoder.layers.17.self_attn.out_proj,linear,,B,1024,1024,740,decoder.layers.17.self_attn.out_proj.weight,"[1024,1024]",config+architecture,
models--Systran--faster-whisper-medium,742,decoder_decode_step,17,decoder.layers.17.encoder_attn.q_proj,linear,,B,1024,1024,741,decoder.layers.17.encoder_attn.q_proj.weight,"[1024,1024]",config+architecture,
models--Systran--faster-whisper-medium,743,decoder_decode_step,17,decoder.layers.17.encoder_attn.qk,batched_matmul,B*heads,1,T_enc,64,742,,,config+architecture,cross-attention K is cached during decode step
models--Systran--faster-whisper-medium,744,decoder_decode_step,17,decoder.layers.17.encoder_attn.pv,batched_matmul,B*heads,1,64,T_enc,743,,,config+architecture,cross-attention V is cached during decode step
models--Systran--faster-whisper-medium,745,decoder_decode_step,17,decoder.layers.17.encoder_attn.out_proj,linear,,B,1024,1024,744,decoder.layers.17.encoder_attn.out_proj.weight,"[1024,1024]",config+architecture,
models--Systran--faster-whisper-medium,746,decoder_decode_step,17,decoder.layers.17.fc1,linear,,B,4096,1024,745,decoder.layers.17.fc1.weight,"[4096,1024]",config+architecture,
models--Systran--faster-whisper-medium,747,decoder_decode_step,17,decoder.layers.17.fc2,linear,,B,1024,4096,746,decoder.layers.17.fc2.weight,"[1024,4096]",config+architecture,
models--Systran--faster-whisper-medium,748,decoder_decode_step,18,decoder.layers.18.self_attn.q_proj,linear,,B,1024,1024,747,decoder.layers.18.self_attn.q_proj.weight,"[1024,1024]",config+architecture,
models--Systran--faster-whisper-medium,749,decoder_decode_step,18,decoder.layers.18.self_attn.k_proj,linear,,B,1024,1024,747,decoder.layers.18.self_attn.k_proj.weight,"[1024,1024]",config+architecture,
models--Systran--faster-whisper-medium,750,decoder_decode_step,18,decoder.layers.18.self_attn.v_proj,linear,,B,1024,1024,747,decoder.layers.18.self_attn.v_proj.weight,"[1024,1024]",config+architecture,
models--Systran--faster-whisper-medium,751,decoder_decode_step,18,decoder.layers.18.self_attn.qk,batched_matmul,B*heads,1,KV_dec,64,748;749,,,config+architecture,decode uses existing self-attention KV cache
models--Systran--faster-whisper-medium,752,decoder_decode_step,18,decoder.layers.18.self_attn.pv,batched_matmul,B*heads,1,64,KV_dec,751;750,,,config+architecture,
models--Systran--faster-whisper-medium,753,decoder_decode_step,18,decoder.layers.18.self_attn.out_proj,linear,,B,1024,1024,752,decoder.layers.18.self_attn.out_proj.weight,"[1024,1024]",config+architecture,
models--Systran--faster-whisper-medium,754,decoder_decode_step,18,decoder.layers.18.encoder_attn.q_proj,linear,,B,1024,1024,753,decoder.layers.18.encoder_attn.q_proj.weight,"[1024,1024]",config+architecture,
models--Systran--faster-whisper-medium,755,decoder_decode_step,18,decoder.layers.18.encoder_attn.qk,batched_matmul,B*heads,1,T_enc,64,754,,,config+architecture,cross-attention K is cached during decode step
models--Systran--faster-whisper-medium,756,decoder_decode_step,18,decoder.layers.18.encoder_attn.pv,batched_matmul,B*heads,1,64,T_enc,755,,,config+architecture,cross-attention V is cached during decode step
models--Systran--faster-whisper-medium,757,decoder_decode_step,18,decoder.layers.18.encoder_attn.out_proj,linear,,B,1024,1024,756,decoder.layers.18.encoder_attn.out_proj.weight,"[1024,1024]",config+architecture,
models--Systran--faster-whisper-medium,758,decoder_decode_step,18,decoder.layers.18.fc1,linear,,B,4096,1024,757,decoder.layers.18.fc1.weight,"[4096,1024]",config+architecture,
models--Systran--faster-whisper-medium,759,decoder_decode_step,18,decoder.layers.18.fc2,linear,,B,1024,4096,758,decoder.layers.18.fc2.weight,"[1024,4096]",config+architecture,
models--Systran--faster-whisper-medium,760,decoder_decode_step,19,decoder.layers.19.self_attn.q_proj,linear,,B,1024,1024,759,decoder.layers.19.self_attn.q_proj.weight,"[1024,1024]",config+architecture,
models--Systran--faster-whisper-medium,761,decoder_decode_step,19,decoder.layers.19.self_attn.k_proj,linear,,B,1024,1024,759,decoder.layers.19.self_attn.k_proj.weight,"[1024,1024]",config+architecture,
models--Systran--faster-whisper-medium,762,decoder_decode_step,19,decoder.layers.19.self_attn.v_proj,linear,,B,1024,1024,759,decoder.layers.19.self_attn.v_proj.weight,"[1024,1024]",config+architecture,
models--Systran--faster-whisper-medium,763,decoder_decode_step,19,decoder.layers.19.self_attn.qk,batched_matmul,B*heads,1,KV_dec,64,760;761,,,config+architecture,decode uses existing self-attention KV cache
models--Systran--faster-whisper-medium,764,decoder_decode_step,19,decoder.layers.19.self_attn.pv,batched_matmul,B*heads,1,64,KV_dec,763;762,,,config+architecture,
models--Systran--faster-whisper-medium,765,decoder_decode_step,19,decoder.layers.19.self_attn.out_proj,linear,,B,1024,1024,764,decoder.layers.19.self_attn.out_proj.weight,"[1024,1024]",config+architecture,
models--Systran--faster-whisper-medium,766,decoder_decode_step,19,decoder.layers.19.encoder_attn.q_proj,linear,,B,1024,1024,765,decoder.layers.19.encoder_attn.q_proj.weight,"[1024,1024]",config+architecture,
models--Systran--faster-whisper-medium,767,decoder_decode_step,19,decoder.layers.19.encoder_attn.qk,batched_matmul,B*heads,1,T_enc,64,766,,,config+architecture,cross-attention K is cached during decode step
models--Systran--faster-whisper-medium,768,decoder_decode_step,19,decoder.layers.19.encoder_attn.pv,batched_matmul,B*heads,1,64,T_enc,767,,,config+architecture,cross-attention V is cached during decode step
models--Systran--faster-whisper-medium,769,decoder_decode_step,19,decoder.layers.19.encoder_attn.out_proj,linear,,B,1024,1024,768,decoder.layers.19.encoder_attn.out_proj.weight,"[1024,1024]",config+architecture,
models--Systran--faster-whisper-medium,770,decoder_decode_step,19,decoder.layers.19.fc1,linear,,B,4096,1024,769,decoder.layers.19.fc1.weight,"[4096,1024]",config+architecture,
models--Systran--faster-whisper-medium,771,decoder_decode_step,19,decoder.layers.19.fc2,linear,,B,1024,4096,770,decoder.layers.19.fc2.weight,"[1024,4096]",config+architecture,
models--Systran--faster-whisper-medium,772,decoder_decode_step,20,decoder.layers.20.self_attn.q_proj,linear,,B,1024,1024,771,decoder.layers.20.self_attn.q_proj.weight,"[1024,1024]",config+architecture,
models--Systran--faster-whisper-medium,773,decoder_decode_step,20,decoder.layers.20.self_attn.k_proj,linear,,B,1024,1024,771,decoder.layers.20.self_attn.k_proj.weight,"[1024,1024]",config+architecture,
models--Systran--faster-whisper-medium,774,decoder_decode_step,20,decoder.layers.20.self_attn.v_proj,linear,,B,1024,1024,771,decoder.layers.20.self_attn.v_proj.weight,"[1024,1024]",config+architecture,
models--Systran--faster-whisper-medium,775,decoder_decode_step,20,decoder.layers.20.self_attn.qk,batched_matmul,B*heads,1,KV_dec,64,772;773,,,config+architecture,decode uses existing self-attention KV cache
models--Systran--faster-whisper-medium,776,decoder_decode_step,20,decoder.layers.20.self_attn.pv,batched_matmul,B*heads,1,64,KV_dec,775;774,,,config+architecture,
models--Systran--faster-whisper-medium,777,decoder_decode_step,20,decoder.layers.20.self_attn.out_proj,linear,,B,1024,1024,776,decoder.layers.20.self_attn.out_proj.weight,"[1024,1024]",config+architecture,
models--Systran--faster-whisper-medium,778,decoder_decode_step,20,decoder.layers.20.encoder_attn.q_proj,linear,,B,1024,1024,777,decoder.layers.20.encoder_attn.q_proj.weight,"[1024,1024]",config+architecture,
models--Systran--faster-whisper-medium,779,decoder_decode_step,20,decoder.layers.20.encoder_attn.qk,batched_matmul,B*heads,1,T_enc,64,778,,,config+architecture,cross-attention K is cached during decode step
models--Systran--faster-whisper-medium,780,decoder_decode_step,20,decoder.layers.20.encoder_attn.pv,batched_matmul,B*heads,1,64,T_enc,779,,,config+architecture,cross-attention V is cached during decode step
models--Systran--faster-whisper-medium,781,decoder_decode_step,20,decoder.layers.20.encoder_attn.out_proj,linear,,B,1024,1024,780,decoder.layers.20.encoder_attn.out_proj.weight,"[1024,1024]",config+architecture,
models--Systran--faster-whisper-medium,782,decoder_decode_step,20,decoder.layers.20.fc1,linear,,B,4096,1024,781,decoder.layers.20.fc1.weight,"[4096,1024]",config+architecture,
models--Systran--faster-whisper-medium,783,decoder_decode_step,20,decoder.layers.20.fc2,linear,,B,1024,4096,782,decoder.layers.20.fc2.weight,"[1024,4096]",config+architecture,
models--Systran--faster-whisper-medium,784,decoder_decode_step,21,decoder.layers.21.self_attn.q_proj,linear,,B,1024,1024,783,decoder.layers.21.self_attn.q_proj.weight,"[1024,1024]",config+architecture,
models--Systran--faster-whisper-medium,785,decoder_decode_step,21,decoder.layers.21.self_attn.k_proj,linear,,B,1024,1024,783,decoder.layers.21.self_attn.k_proj.weight,"[1024,1024]",config+architecture,
models--Systran--faster-whisper-medium,786,decoder_decode_step,21,decoder.layers.21.self_attn.v_proj,linear,,B,1024,1024,783,decoder.layers.21.self_attn.v_proj.weight,"[1024,1024]",config+architecture,
models--Systran--faster-whisper-medium,787,decoder_decode_step,21,decoder.layers.21.self_attn.qk,batched_matmul,B*heads,1,KV_dec,64,784;785,,,config+architecture,decode uses existing self-attention KV cache
models--Systran--faster-whisper-medium,788,decoder_decode_step,21,decoder.layers.21.self_attn.pv,batched_matmul,B*heads,1,64,KV_dec,787;786,,,config+architecture,
models--Systran--faster-whisper-medium,789,decoder_decode_step,21,decoder.layers.21.self_attn.out_proj,linear,,B,1024,1024,788,decoder.layers.21.self_attn.out_proj.weight,"[1024,1024]",config+architecture,
models--Systran--faster-whisper-medium,790,decoder_decode_step,21,decoder.layers.21.encoder_attn.q_proj,linear,,B,1024,1024,789,decoder.layers.21.encoder_attn.q_proj.weight,"[1024,1024]",config+architecture,
models--Systran--faster-whisper-medium,791,decoder_decode_step,21,decoder.layers.21.encoder_attn.qk,batched_matmul,B*heads,1,T_enc,64,790,,,config+architecture,cross-attention K is cached during decode step
models--Systran--faster-whisper-medium,792,decoder_decode_step,21,decoder.layers.21.encoder_attn.pv,batched_matmul,B*heads,1,64,T_enc,791,,,config+architecture,cross-attention V is cached during decode step
models--Systran--faster-whisper-medium,793,decoder_decode_step,21,decoder.layers.21.encoder_attn.out_proj,linear,,B,1024,1024,792,decoder.layers.21.encoder_attn.out_proj.weight,"[1024,1024]",config+architecture,
models--Systran--faster-whisper-medium,794,decoder_decode_step,21,decoder.layers.21.fc1,linear,,B,4096,1024,793,decoder.layers.21.fc1.weight,"[4096,1024]",config+architecture,
models--Systran--faster-whisper-medium,795,decoder_decode_step,21,decoder.layers.21.fc2,linear,,B,1024,4096,794,decoder.layers.21.fc2.weight,"[1024,4096]",config+architecture,
models--Systran--faster-whisper-medium,796,decoder_decode_step,22,decoder.layers.22.self_attn.q_proj,linear,,B,1024,1024,795,decoder.layers.22.self_attn.q_proj.weight,"[1024,1024]",config+architecture,
models--Systran--faster-whisper-medium,797,decoder_decode_step,22,decoder.layers.22.self_attn.k_proj,linear,,B,1024,1024,795,decoder.layers.22.self_attn.k_proj.weight,"[1024,1024]",config+architecture,
models--Systran--faster-whisper-medium,798,decoder_decode_step,22,decoder.layers.22.self_attn.v_proj,linear,,B,1024,1024,795,decoder.layers.22.self_attn.v_proj.weight,"[1024,1024]",config+architecture,
models--Systran--faster-whisper-medium,799,decoder_decode_step,22,decoder.layers.22.self_attn.qk,batched_matmul,B*heads,1,KV_dec,64,796;797,,,config+architecture,decode uses existing self-attention KV cache
models--Systran--faster-whisper-medium,800,decoder_decode_step,22,decoder.layers.22.self_attn.pv,batched_matmul,B*heads,1,64,KV_dec,799;798,,,config+architecture,
models--Systran--faster-whisper-medium,801,decoder_decode_step,22,decoder.layers.22.self_attn.out_proj,linear,,B,1024,1024,800,decoder.layers.22.self_attn.out_proj.weight,"[1024,1024]",config+architecture,
models--Systran--faster-whisper-medium,802,decoder_decode_step,22,decoder.layers.22.encoder_attn.q_proj,linear,,B,1024,1024,801,decoder.layers.22.encoder_attn.q_proj.weight,"[1024,1024]",config+architecture,
models--Systran--faster-whisper-medium,803,decoder_decode_step,22,decoder.layers.22.encoder_attn.qk,batched_matmul,B*heads,1,T_enc,64,802,,,config+architecture,cross-attention K is cached during decode step
models--Systran--faster-whisper-medium,804,decoder_decode_step,22,decoder.layers.22.encoder_attn.pv,batched_matmul,B*heads,1,64,T_enc,803,,,config+architecture,cross-attention V is cached during decode step
models--Systran--faster-whisper-medium,805,decoder_decode_step,22,decoder.layers.22.encoder_attn.out_proj,linear,,B,1024,1024,804,decoder.layers.22.encoder_attn.out_proj.weight,"[1024,1024]",config+architecture,
models--Systran--faster-whisper-medium,806,decoder_decode_step,22,decoder.layers.22.fc1,linear,,B,4096,1024,805,decoder.layers.22.fc1.weight,"[4096,1024]",config+architecture,
models--Systran--faster-whisper-medium,807,decoder_decode_step,22,decoder.layers.22.fc2,linear,,B,1024,4096,806,decoder.layers.22.fc2.weight,"[1024,4096]",config+architecture,
models--Systran--faster-whisper-medium,808,decoder_decode_step,23,decoder.layers.23.self_attn.q_proj,linear,,B,1024,1024,807,decoder.layers.23.self_attn.q_proj.weight,"[1024,1024]",config+architecture,
models--Systran--faster-whisper-medium,809,decoder_decode_step,23,decoder.layers.23.self_attn.k_proj,linear,,B,1024,1024,807,decoder.layers.23.self_attn.k_proj.weight,"[1024,1024]",config+architecture,
models--Systran--faster-whisper-medium,810,decoder_decode_step,23,decoder.layers.23.self_attn.v_proj,linear,,B,1024,1024,807,decoder.layers.23.self_attn.v_proj.weight,"[1024,1024]",config+architecture,
models--Systran--faster-whisper-medium,811,decoder_decode_step,23,decoder.layers.23.self_attn.qk,batched_matmul,B*heads,1,KV_dec,64,808;809,,,config+architecture,decode uses existing self-attention KV cache
models--Systran--faster-whisper-medium,812,decoder_decode_step,23,decoder.layers.23.self_attn.pv,batched_matmul,B*heads,1,64,KV_dec,811;810,,,config+architecture,
models--Systran--faster-whisper-medium,813,decoder_decode_step,23,decoder.layers.23.self_attn.out_proj,linear,,B,1024,1024,812,decoder.layers.23.self_attn.out_proj.weight,"[1024,1024]",config+architecture,
models--Systran--faster-whisper-medium,814,decoder_decode_step,23,decoder.layers.23.encoder_attn.q_proj,linear,,B,1024,1024,813,decoder.layers.23.encoder_attn.q_proj.weight,"[1024,1024]",config+architecture,
models--Systran--faster-whisper-medium,815,decoder_decode_step,23,decoder.layers.23.encoder_attn.qk,batched_matmul,B*heads,1,T_enc,64,814,,,config+architecture,cross-attention K is cached during decode step
models--Systran--faster-whisper-medium,816,decoder_decode_step,23,decoder.layers.23.encoder_attn.pv,batched_matmul,B*heads,1,64,T_enc,815,,,config+architecture,cross-attention V is cached during decode step
models--Systran--faster-whisper-medium,817,decoder_decode_step,23,decoder.layers.23.encoder_attn.out_proj,linear,,B,1024,1024,816,decoder.layers.23.encoder_attn.out_proj.weight,"[1024,1024]",config+architecture,
models--Systran--faster-whisper-medium,818,decoder_decode_step,23,decoder.layers.23.fc1,linear,,B,4096,1024,817,decoder.layers.23.fc1.weight,"[4096,1024]",config+architecture,
models--Systran--faster-whisper-medium,819,decoder_decode_step,23,decoder.layers.23.fc2,linear,,B,1024,4096,818,decoder.layers.23.fc2.weight,"[1024,4096]",config+architecture,
models--Systran--faster-whisper-medium,820,decoder_decode_step,output,proj_out,linear,,B,51865,1024,819,proj_out.weight/tied decoder embed_tokens,"[51865,1024]",config+architecture,
